date,year,month,day,portid,portname,country,iso3,portcalls_container,portcalls_dry_bulk,portcalls_general_cargo,portcalls_roro,portcalls_tanker,portcalls_cargo,portcalls,import_container,import_dry_bulk,import_general_cargo,import_roro,import_tanker,import_cargo,import_tons,export_container,export_dry_bulk,export_general_cargo,export_roro,export_tanker,export_cargo,export_tons,source_row_id
2026-03-01,2026,3,1,port1188,Shanghai,China,CHN,29,43,19,9,20,100,120,392050,347372,27424,2893,98840,769740,868581,259742,355772,39391,8932,102181,663839,766021,189298
2026-03-02,2026,3,2,port1188,Shanghai,China,CHN,32,23,7,2,16,64,80,651258,100779,5613,409,48152,758061,806214,161735,100089,6664,4556,73308,273046,346354,189302
2026-03-03,2026,3,3,port1188,Shanghai,China,CHN,40,38,9,12,23,99,122,384902,404885,8347,2279,41003,800414,841418,341110,231970,2707,13448,162928,589237,752166,189306
2026-03-04,2026,3,4,port1188,Shanghai,China,CHN,33,55,16,8,23,112,135,221012,848747,15087,930,98991,1085777,1184769,258128,307208,8626,11480,62822,585443,648266,189310
2026-03-05,2026,3,5,port1188,Shanghai,China,CHN,34,26,17,9,28,86,114,195366,198143,12162,7990,183036,413663,596699,322411,171874,14817,19750,108798,528854,637652,189313
2026-03-06,2026,3,6,port1188,Shanghai,China,CHN,33,37,9,4,23,83,106,1263277,418622,6773,845,104024,1689519,1793543,175207,80991,12987,6734,68041,275920,343961,189315
2026-03-07,2026,3,7,port1188,Shanghai,China,CHN,37,44,17,2,20,100,120,538841,410519,11223,0,46283,960583,1006867,316426,300440,11835,5634,16073,634337,650410,189319
2026-03-08,2026,3,8,port1188,Shanghai,China,CHN,35,32,12,5,18,84,102,209106,271566,3672,1474,115736,485819,601555,246633,229227,15712,8565,57033,500137,557170,189323
2026-03-09,2026,3,9,port1188,Shanghai,China,CHN,38,41,16,7,26,102,128,227593,188703,11452,818,112130,428568,540698,291581,218619,28328,12912,87546,551441,638988,189327
2026-03-10,2026,3,10,port1188,Shanghai,China,CHN,37,48,14,3,27,102,129,347648,369018,16943,0,82674,733611,816285,258802,367581,9271,11218,33467,646873,680340,189331
2026-03-11,2026,3,11,port1188,Shanghai,China,CHN,43,38,9,5,19,95,114,525960,222748,14650,684,85795,764043,849839,335840,286309,17663,5537,89284,645350,734634,189335
2026-03-12,2026,3,12,port1188,Shanghai,China,CHN,36,40,18,5,24,99,123,344387,491216,23565,1636,99018,860806,959824,269931,321321,20282,8758,40010,620294,660305,189339
2026-03-13,2026,3,13,port1188,Shanghai,China,CHN,33,30,16,3,16,82,98,391577,276572,11527,1015,28965,680693,709658,273613,58243,23825,1459,54604,357141,411745,189343
2026-03-14,2026,3,14,port1188,Shanghai,China,CHN,39,38,6,5,25,88,113,225051,421764,6067,1012,57863,653896,711760,362696,122980,10475,12589,114436,508742,623178,189347
2026-03-15,2026,3,15,port1188,Shanghai,China,CHN,38,30,13,6,14,87,101,247752,329288,11632,1477,61708,590151,651859,344544,229159,19518,2120,67996,595343,663340,189354
2026-03-16,2026,3,16,port1188,Shanghai,China,CHN,37,39,16,7,29,99,128,702596,397786,11599,2366,97828,1114348,1212176,196884,252470,17211,21944,21175,488511,509686,189358
2026-03-17,2026,3,17,port1188,Shanghai,China,CHN,31,33,13,4,17,81,98,150951,427386,30428,409,42862,609175,652038,334987,176428,15607,7845,70463,534869,605332,189362
2026-03-18,2026,3,18,port1188,Shanghai,China,CHN,35,26,8,5,24,74,98,159214,96620,12242,956,49214,269034,318249,365862,288845,12060,7214,70811,673982,744793,189366
2026-03-19,2026,3,19,port1188,Shanghai,China,CHN,38,32,11,4,15,85,100,523311,372637,17146,3457,26433,916553,942986,351707,614108,22698,17012,89237,1005527,1094764,189370
2026-03-20,2026,3,20,port1188,Shanghai,China,CHN,41,40,13,6,20,100,120,313809,469315,12855,1542,52469,797523,849993,279824,198258,18492,11600,20168,508175,528344,189374
2026-03-21,2026,3,21,port1188,Shanghai,China,CHN,38,44,14,6,28,102,130,232739,444350,11790,409,81520,689289,770809,310965,366539,10627,11212,68253,699344,767598,189378
2026-03-22,2026,3,22,port1188,Shanghai,China,CHN,26,24,14,5,21,69,90,285880,172661,10973,818,122177,470333,592511,229002,115886,27942,9687,52417,382517,434934,189382
2026-03-23,2026,3,23,port1188,Shanghai,China,CHN,49,48,22,10,21,129,150,676176,625259,21314,1227,62264,1323977,1386241,469525,160212,25557,18189,99367,673484,772852,189386
2026-03-24,2026,3,24,port1188,Shanghai,China,CHN,40,41,13,7,20,101,121,192046,633318,37008,1692,84255,864066,948321,478133,140880,14972,7393,39056,641379,680436,189394
2026-03-25,2026,3,25,port1188,Shanghai,China,CHN,35,27,16,6,27,84,111,215990,224238,18586,1780,83103,460596,543700,346216,102131,14764,7405,74531,470517,545049,189398
2026-03-26,2026,3,26,port1188,Shanghai,China,CHN,43,36,15,5,26,99,125,416404,698441,26931,0,131347,1141776,1273124,384216,326088,8793,8757,33261,727856,761117,189402
2026-03-27,2026,3,27,port1188,Shanghai,China,CHN,34,41,10,5,19,90,109,242013,372455,12228,1498,27650,628195,655846,352315,142812,22678,12299,13077,530105,543182,189406
2026-03-28,2026,3,28,port1188,Shanghai,China,CHN,37,33,15,5,15,90,105,472613,216764,17047,3440,66112,709865,775978,195556,119606,15799,8619,78360,339582,417942,189410
2026-03-29,2026,3,29,port1188,Shanghai,China,CHN,39,32,7,3,17,81,98,353022,249770,32177,409,37015,635379,672395,288869,254437,2630,4349,11629,550286,561916,189414
2026-03-30,2026,3,30,port1188,Shanghai,China,CHN,36,27,10,7,17,80,97,307068,353429,6083,409,61247,666990,728237,394690,87682,27828,25825,7148,536026,543174,189418
2026-03-31,2026,3,31,port1188,Shanghai,China,CHN,39,46,18,5,29,108,137,212316,511892,17756,1227,109015,743193,852208,329739,176742,23641,10669,37217,540793,578010,189422
2026-03-01,2026,3,1,port744,Jebel Ali,United Arab Emirates,ARE,8,0,1,0,1,9,10,312372,0,124,0,33836,312496,346332,176199,0,0,0,10599,176199,186799,197737
2026-03-02,2026,3,2,port744,Jebel Ali,United Arab Emirates,ARE,1,1,0,0,0,2,2,2715,36840,0,0,0,39556,39556,0,0,0,0,0,0,0,197738
2026-03-03,2026,3,3,port744,Jebel Ali,United Arab Emirates,ARE,1,1,0,0,0,2,2,22697,7335,0,0,0,30032,30032,35156,0,0,0,0,35156,35156,197739
2026-03-04,2026,3,4,port744,Jebel Ali,United Arab Emirates,ARE,0,2,0,0,0,2,2,0,81680,0,0,0,81680,81680,0,2142,0,0,0,2142,2142,197740
2026-03-05,2026,3,5,port744,Jebel Ali,United Arab Emirates,ARE,0,0,0,0,1,0,1,0,0,0,0,0,0,0,0,0,0,0,392,0,392,197741
2026-03-06,2026,3,6,port744,Jebel Ali,United Arab Emirates,ARE,0,0,0,1,0,1,1,0,0,0,1642,0,1642,1642,0,0,0,98,0,98,98,197742
2026-03-07,2026,3,7,port744,Jebel Ali,United Arab Emirates,ARE,0,0,1,0,0,1,1,0,0,1119,0,0,1119,1119,0,0,1152,0,0,1152,1152,197743
2026-03-08,2026,3,8,port744,Jebel Ali,United Arab Emirates,ARE,1,0,0,0,0,1,1,22697,0,0,0,0,22697,22697,35156,0,0,0,0,35156,35156,197744
2026-03-09,2026,3,9,port744,Jebel Ali,United Arab Emirates,ARE,0,0,0,0,0,0,0,0,0,0,0,0,0,0,0,0,0,0,0,0,0,197745
2026-03-10,2026,3,10,port744,Jebel Ali,United Arab Emirates,ARE,0,0,0,0,0,0,0,0,0,0,0,0,0,0,0,0,0,0,0,0,0,197746
2026-03-11,2026,3,11,port744,Jebel Ali,United Arab Emirates,ARE,0,0,0,0,0,0,0,0,0,0,0,0,0,0,0,0,0,0,0,0,0,197747
2026-03-12,2026,3,12,port744,Jebel Ali,United Arab Emirates,ARE,0,0,0,0,0,0,0,0,0,0,0,0,0,0,0,0,0,0,0,0,0,197748
2026-03-13,2026,3,13,port744,Jebel Ali,United Arab Emirates,ARE,0,0,0,0,1,0,1,0,0,0,0,13748,0,13748,0,0,0,0,5019,0,5019,197749
2026-03-14,2026,3,14,port744,Jebel Ali,United Arab Emirates,ARE,0,0,0,0,0,0,0,0,0,0,0,0,0,0,0,0,0,0,0,0,0,197750
2026-03-15,2026,3,15,port744,Jebel Ali,United Arab Emirates,ARE,0,0,0,0,0,0,0,0,0,0,0,0,0,0,0,0,0,0,0,0,0,197751
2026-03-16,2026,3,16,port744,Jebel Ali,United Arab Emirates,ARE,0,0,1,0,0,1,1,0,0,903,0,0,903,903,0,0,588,0,0,588,588,197752
2026-03-17,2026,3,17,port744,Jebel Ali,United Arab Emirates,ARE,0,0,0,0,0,0,0,0,0,0,0,0,0,0,0,0,0,0,0,0,0,197753
2026-03-18,2026,3,18,port744,Jebel Ali,United Arab Emirates,ARE,0,0,0,0,0,0,0,0,0,0,0,0,0,0,0,0,0,0,0,0,0,197754
2026-03-19,2026,3,19,port744,Jebel Ali,United Arab Emirates,ARE,0,0,0,0,0,0,0,0,0,0,0,0,0,0,0,0,0,0,0,0,0,197755
2026-03-20,2026,3,20,port744,Jebel Ali,United Arab Emirates,ARE,0,0,0,0,0,0,0,0,0,0,0,0,0,0,0,0,0,0,0,0,0,197756
2026-03-21,2026,3,21,port744,Jebel Ali,United Arab Emirates,ARE,0,0,0,0,1,0,1,0,0,0,0,0,0,0,0,0,0,0,4920,0,4920,197757
2026-03-22,2026,3,22,port744,Jebel Ali,United Arab Emirates,ARE,2,0,0,0,0,2,2,9978,0,0,0,0,9978,9978,62889,0,0,0,0,62889,62889,197758
2026-03-23,2026,3,23,port744,Jebel Ali,United Arab Emirates,ARE,0,0,0,0,0,0,0,0,0,0,0,0,0,0,0,0,0,0,0,0,0,197759
2026-03-24,2026,3,24,port744,Jebel Ali,United Arab Emirates,ARE,1,1,0,0,2,2,4,989,67878,0,0,105219,68867,174087,0,0,0,0,0,0,0,197760
2026-03-25,2026,3,25,port744,Jebel Ali,United Arab Emirates,ARE,2,2,0,0,0,4,4,35296,81437,0,0,0,116734,116734,35156,677,0,0,0,35833,35833,197761
2026-03-26,2026,3,26,port744,Jebel Ali,United Arab Emirates,ARE,0,1,0,0,1,1,2,0,0,0,0,6256,0,6256,0,13030,0,0,0,13030,13030,197762
2026-03-27,2026,3,27,port744,Jebel Ali,United Arab Emirates,ARE,1,0,0,0,3,1,4,0,0,0,0,41005,0,41005,73208,0,0,0,0,73208,73208,197763
2026-03-28,2026,3,28,port744,Jebel Ali,United Arab Emirates,ARE,1,0,1,0,1,2,3,24089,0,0,0,9896,24089,33986,0,0,1695,0,4217,1695,5912,197764
2026-03-29,2026,3,29,port744,Jebel Ali,United Arab Emirates,ARE,0,0,1,0,0,1,1,0,0,0,0,0,0,0,0,0,0,0,0,0,0,197765
2026-03-30,2026,3,30,port744,Jebel Ali,United Arab Emirates,ARE,1,2,0,0,0,3,3,0,24917,0,0,0,24917,24917,0,448,0,0,0,448,448,197766
2026-03-31,2026,3,31,port744,Jebel Ali,United Arab Emirates,ARE,1,0,0,0,1,1,2,0,0,0,0,9896,0,9896,8758,0,0,0,4217,8758,12975,197767
2026-03-01,2026,3,1,port1114,Rotterdam,The Netherlands,NLD,17,0,20,7,37,44,81,90000,0,26784,1594,388272,118379,506652,135086,0,18476,7005,59983,160568,220552,377299
2026-03-02,2026,3,2,port1114,Rotterdam,The Netherlands,NLD,23,4,14,6,49,47,96,326989,133635,14151,3892,234004,478668,712673,82754,39518,7594,2374,109096,132241,241338,377302
2026-03-03,2026,3,3,port1114,Rotterdam,The Netherlands,NLD,21,2,14,6,43,43,86,222522,73226,11350,0,181053,307099,488152,124374,3108,8736,5910,92350,142129,234480,377305
2026-03-04,2026,3,4,port1114,Rotterdam,The Netherlands,NLD,18,1,10,6,51,35,86,102045,50896,5804,1952,760133,160699,920832,81979,0,10244,6214,135920,98438,234359,377308
2026-03-05,2026,3,5,port1114,Rotterdam,The Netherlands,NLD,16,2,19,7,39,44,83,58429,282224,8965,1037,285674,350656,636330,89564,6641,15329,3084,128614,114619,243234,377311
2026-03-06,2026,3,6,port1114,Rotterdam,The Netherlands,NLD,22,1,11,6,45,40,85,194088,4978,3264,390,474524,202722,677246,213938,0,9267,5140,133627,228346,361974,377314
2026-03-07,2026,3,7,port1114,Rotterdam,The Netherlands,NLD,13,1,9,6,41,29,70,78262,48137,2685,187,167499,129272,296772,100218,3108,12748,4166,259785,120242,380028,377317
2026-03-08,2026,3,8,port1114,Rotterdam,The Netherlands,NLD,7,2,15,6,31,30,61,8222,0,11730,4048,126429,24001,150431,17112,7710,5050,5070,35033,34944,69978,377320
2026-03-09,2026,3,9,port1114,Rotterdam,The Netherlands,NLD,22,1,21,9,59,53,112,102688,24748,21210,3892,301237,152540,453778,99062,0,12569,9628,219162,121260,340422,377323
2026-03-10,2026,3,10,port1114,Rotterdam,The Netherlands,NLD,22,4,11,7,32,44,76,149224,127538,4609,187,284946,281559,566506,285695,42790,9254,9930,82701,347671,430373,377326
2026-03-11,2026,3,11,port1114,Rotterdam,The Netherlands,NLD,15,5,14,6,51,40,91,432261,110643,11651,0,618898,554556,1173455,38021,45085,10895,4929,119669,98932,218601,377330
2026-03-12,2026,3,12,port1114,Rotterdam,The Netherlands,NLD,19,1,19,7,36,46,82,23624,76591,14074,0,617284,114290,731575,293028,0,7977,6634,86126,307639,393766,377333
2026-03-13,2026,3,13,port1114,Rotterdam,The Netherlands,NLD,15,3,11,4,45,33,78,235573,248099,1949,0,217039,485623,702662,77278,0,11327,6625,89266,95231,184497,377336
2026-03-14,2026,3,14,port1114,Rotterdam,The Netherlands,NLD,12,2,8,6,55,28,83,34273,64779,6618,2178,685616,107849,793466,171898,2342,4342,3171,142314,181755,324069,377339
2026-03-15,2026,3,15,port1114,Rotterdam,The Netherlands,NLD,20,2,12,6,33,40,73,295324,145460,6645,638,482175,448069,930245,42355,0,13226,4355,48806,59937,108743,377342
2026-03-16,2026,3,16,port1114,Rotterdam,The Netherlands,NLD,18,2,9,7,45,36,81,152066,57875,8328,4029,274951,222299,497250,127346,452,4589,0,198981,132388,331370,377345
2026-03-17,2026,3,17,port1114,Rotterdam,The Netherlands,NLD,22,1,19,8,53,50,103,164266,36820,9763,910,482451,211760,694212,123840,0,12083,10129,125222,146053,271276,377348
2026-03-18,2026,3,18,port1114,Rotterdam,The Netherlands,NLD,16,3,20,4,52,43,95,66203,90784,7755,0,468240,164743,632984,153765,26540,14731,8377,186745,203415,390161,377351
2026-03-19,2026,3,19,port1114,Rotterdam,The Netherlands,NLD,21,4,9,6,36,40,76,185097,120213,10957,0,500012,316268,816280,46365,48364,6326,5525,102472,106581,209054,377354
2026-03-20,2026,3,20,port1114,Rotterdam,The Netherlands,NLD,16,4,17,4,47,41,88,41572,96096,8526,0,297535,146195,443730,191420,9695,12178,7045,109606,220341,329947,377357
2026-03-21,2026,3,21,port1114,Rotterdam,The Netherlands,NLD,12,1,14,8,37,35,72,212448,21663,14332,1015,454240,249459,703700,24957,0,6380,6411,102854,37749,140603,377360
2026-03-22,2026,3,22,port1114,Rotterdam,The Netherlands,NLD,22,2,16,7,41,47,88,334652,62182,9533,955,554206,407323,961529,302016,8208,5523,4309,251451,320057,571508,377363
2026-03-23,2026,3,23,port1114,Rotterdam,The Netherlands,NLD,19,3,18,4,60,44,104,73481,453533,18273,3212,359662,548500,908162,105826,0,7510,0,185927,113336,299264,377368
2026-03-24,2026,3,24,port1114,Rotterdam,The Netherlands,NLD,16,6,22,7,43,51,94,243479,215693,12912,0,525054,472085,997140,95705,25926,16523,9147,89368,147303,236671,377371
2026-03-25,2026,3,25,port1114,Rotterdam,The Netherlands,NLD,15,2,10,5,49,32,81,34848,0,4966,0,617132,39815,656947,61844,58156,8434,6124,222221,134560,356782,377374
2026-03-26,2026,3,26,port1114,Rotterdam,The Netherlands,NLD,18,0,7,6,40,31,71,231517,0,7717,618,171642,239852,411495,122386,0,2971,6688,245440,132046,377487,377377
2026-03-27,2026,3,27,port1114,Rotterdam,The Netherlands,NLD,16,3,9,5,43,33,76,88392,520688,954,2053,425280,612088,1037369,161165,0,4805,4792,58373,170763,229137,377380
2026-03-28,2026,3,28,port1114,Rotterdam,The Netherlands,NLD,16,3,7,10,49,36,85,255821,93715,1479,1764,461415,352780,814196,80754,489,4816,8425,172875,94485,267361,377383
2026-03-29,2026,3,29,port1114,Rotterdam,The Netherlands,NLD,19,2,18,5,44,44,88,192938,61855,13954,4381,228248,273129,501378,192784,244,14779,1379,51773,209187,260960,377386
2026-03-30,2026,3,30,port1114,Rotterdam,The Netherlands,NLD,20,7,18,7,41,52,93,349840,88909,14852,3212,299952,456815,756767,67964,25099,15459,7883,135400,116407,251808,377389
2026-03-31,2026,3,31,port1114,Rotterdam,The Netherlands,NLD,21,2,13,11,49,47,96,77264,192309,4524,1567,167800,275665,443466,53410,0,9195,9309,199343,71914,271258,377392
2026-03-01,2026,3,1,port1160,Santos,Brazil,BRA,3,6,1,1,3,11,14,86638,6733,0,0,58933,93372,152305,12550,252580,9708,0,9703,274839,284543,1627203
2026-03-02,2026,3,2,port1160,Santos,Brazil,BRA,6,6,3,0,3,15,18,9856,28032,140,0,15798,38029,53828,115300,252011,19724,0,2445,387037,389482,1627206
2026-03-03,2026,3,3,port1160,Santos,Brazil,BRA,8,7,2,1,4,18,22,103092,9772,4652,0,510,117518,118028,113326,272312,22588,0,99409,408227,507637,1627209
2026-03-04,2026,3,4,port1160,Santos,Brazil,BRA,5,4,0,0,1,9,10,13499,44024,0,0,14056,57524,71580,22253,179634,0,0,0,201888,201888,1627212
2026-03-05,2026,3,5,port1160,Santos,Brazil,BRA,7,6,0,1,1,14,15,50216,29591,0,0,11500,79808,91309,110677,231091,0,5143,0,346911,346911,1627215
2026-03-06,2026,3,6,port1160,Santos,Brazil,BRA,6,7,4,0,4,17,21,74250,0,2999,0,398,77250,77648,34545,254051,39123,0,4554,327720,332274,1627218
2026-03-07,2026,3,7,port1160,Santos,Brazil,BRA,8,4,1,1,2,14,16,100788,0,0,0,18615,100788,119403,49586,183912,0,871,57927,234370,292297,1627221
2026-03-08,2026,3,8,port1160,Santos,Brazil,BRA,5,4,1,0,3,10,13,84766,0,140,0,2656,84907,87563,35615,235836,144,0,0,271596,271596,1627224
2026-03-09,2026,3,9,port1160,Santos,Brazil,BRA,4,5,1,0,2,10,12,46435,12024,0,0,9793,58460,68253,15145,101201,34451,0,0,150798,150798,1627227
2026-03-10,2026,3,10,port1160,Santos,Brazil,BRA,6,0,0,1,0,7,7,46968,0,0,0,0,46968,46968,133113,0,0,2322,0,135435,135435,1627229
2026-03-11,2026,3,11,port1160,Santos,Brazil,BRA,4,2,2,1,4,9,13,5709,0,109,0,75602,5819,81422,0,104480,19770,0,17659,124251,141910,1627231
2026-03-12,2026,3,12,port1160,Santos,Brazil,BRA,9,2,1,0,5,12,17,37517,12577,0,0,34314,50094,84409,151437,81732,8788,0,62417,241958,304376,1627234
2026-03-13,2026,3,13,port1160,Santos,Brazil,BRA,6,3,2,0,5,11,16,29421,0,281,0,19433,29703,49136,76545,197600,288,0,38655,274434,313089,1627237
2026-03-14,2026,3,14,port1160,Santos,Brazil,BRA,6,5,1,0,3,12,15,174215,0,1610,0,10023,175826,185849,0,308896,9569,0,1953,318465,320418,1627240
2026-03-15,2026,3,15,port1160,Santos,Brazil,BRA,6,9,0,0,1,15,16,111958,35188,0,0,0,147146,147146,151500,398412,0,0,72604,549912,622517,1627243
2026-03-16,2026,3,16,port1160,Santos,Brazil,BRA,5,8,0,1,3,14,17,67885,24388,0,0,36965,92274,129240,58381,259530,0,0,0,317912,317912,1627246
2026-03-17,2026,3,17,port1160,Santos,Brazil,BRA,8,8,3,1,2,20,22,127289,56164,0,0,50832,183453,234286,11647,296813,45098,0,0,353558,353558,1627249
2026-03-18,2026,3,18,port1160,Santos,Brazil,BRA,9,5,0,1,2,15,17,43459,0,0,3536,31499,46996,78495,86978,241424,0,0,0,328403,328403,1627252
2026-03-19,2026,3,19,port1160,Santos,Brazil,BRA,6,6,1,1,1,14,15,22786,0,0,0,0,22786,22786,70317,308080,32410,0,7534,410807,418342,1627255
2026-03-20,2026,3,20,port1160,Santos,Brazil,BRA,7,9,0,1,6,17,23,40809,0,0,0,34342,40809,75151,61971,492431,0,3434,20529,557837,578367,1627258
2026-03-21,2026,3,21,port1160,Santos,Brazil,BRA,6,2,1,0,0,9,9,208867,12466,0,0,0,221334,221334,12550,69201,24677,0,0,106429,106429,1627261
2026-03-22,2026,3,22,port1160,Santos,Brazil,BRA,6,9,2,0,3,17,20,9216,34516,140,0,19049,43874,62923,145178,364423,13538,0,0,523141,523141,1627264
2026-03-23,2026,3,23,port1160,Santos,Brazil,BRA,7,5,0,1,2,13,15,27320,0,0,0,38544,27320,65865,52475,271979,0,0,24020,324455,348476,1627267
2026-03-24,2026,3,24,port1160,Santos,Brazil,BRA,8,13,1,0,6,22,28,47265,72170,324,0,63521,119760,183281,169715,522292,0,0,32378,692008,724386,1627270
2026-03-25,2026,3,25,port1160,Santos,Brazil,BRA,6,2,1,0,1,9,10,7731,0,4448,0,0,12180,12180,33798,70225,0,0,0,104023,104023,1627272
2026-03-26,2026,3,26,port1160,Santos,Brazil,BRA,6,7,1,0,2,14,16,90977,6782,0,0,41787,97759,139547,37965,287429,10766,0,0,336161,336161,1627273
2026-03-27,2026,3,27,port1160,Santos,Brazil,BRA,5,8,2,1,4,16,20,72848,0,3221,0,16128,76069,92198,12570,327920,19138,4071,21920,363700,385621,1627274
2026-03-28,2026,3,28,port1160,Santos,Brazil,BRA,8,10,0,1,2,19,21,87992,53767,0,0,23895,141759,165655,67503,315070,0,3240,24850,385814,410664,1627275
2026-03-29,2026,3,29,port1160,Santos,Brazil,BRA,7,1,1,0,4,9,13,111695,37362,0,0,6252,149057,155310,53564,0,26151,0,41159,79715,120874,1627276
2026-03-30,2026,3,30,port1160,Santos,Brazil,BRA,3,9,0,0,4,12,16,36944,37352,0,0,0,74296,74296,73647,367001,0,0,0,440648,440648,1627277
2026-03-31,2026,3,31,port1160,Santos,Brazil,BRA,8,4,1,1,3,14,17,4546,0,164,0,44365,4711,49077,160188,190090,0,0,68419,350278,418698,1627278
2026-03-01,2026,3,1,port57,Antwerp,Belgium,BEL,13,1,4,3,33,21,54,277346,4897,906,661,72443,283812,356255,222099,0,3724,2705,86280,228530,314811,1887237
2026-03-02,2026,3,2,port57,Antwerp,Belgium,BEL,13,2,9,2,35,26,61,260824,35615,3625,4366,181054,304432,485487,112836,0,11887,0,104940,124724,229665,1887238
2026-03-03,2026,3,3,port57,Antwerp,Belgium,BEL,14,4,9,2,35,29,64,305187,12514,2502,0,33556,320204,353760,353639,41592,7541,0,88652,402774,491426,1887239
2026-03-04,2026,3,4,port57,Antwerp,Belgium,BEL,15,1,6,3,29,25,54,138904,8477,590,4869,80032,152841,232874,210782,0,5396,7358,23795,223537,247333,1887240
2026-03-05,2026,3,5,port57,Antwerp,Belgium,BEL,12,1,9,5,28,27,55,93900,0,3856,1828,67274,99585,166859,404468,0,9624,5931,41834,420024,461859,1887241
2026-03-06,2026,3,6,port57,Antwerp,Belgium,BEL,14,2,9,2,36,27,63,140091,0,3990,0,142357,144081,286439,324561,42001,6681,5149,113056,378394,491450,1887242
2026-03-07,2026,3,7,port57,Antwerp,Belgium,BEL,9,3,7,2,31,21,52,84927,43986,2002,0,47308,130915,178223,222143,20023,6934,6384,243247,255485,498732,1887243
2026-03-08,2026,3,8,port57,Antwerp,Belgium,BEL,10,1,11,1,22,23,45,49158,0,1783,602,37608,51544,89152,199137,0,9073,968,35380,209179,244560,1887244
2026-03-09,2026,3,9,port57,Antwerp,Belgium,BEL,5,1,12,2,42,20,62,46852,27440,9458,2736,116136,86487,202624,131274,0,5160,54,61583,136489,198073,1887245
2026-03-10,2026,3,10,port57,Antwerp,Belgium,BEL,4,1,6,4,22,15,37,4839,0,3235,0,15888,8074,23963,43312,0,2128,4398,17874,49839,67714,1887246
2026-03-11,2026,3,11,port57,Antwerp,Belgium,BEL,2,0,8,1,21,11,32,36311,0,1335,3011,10772,40658,51431,186870,0,6679,0,52700,193549,246249,1887247
2026-03-12,2026,3,12,port57,Antwerp,Belgium,BEL,4,1,5,2,29,12,41,139171,14856,24395,4075,87570,182498,270068,20375,7389,2400,0,55450,30165,85616,1887248
2026-03-13,2026,3,13,port57,Antwerp,Belgium,BEL,13,2,13,2,30,30,60,453015,29639,4369,1223,110450,488247,598697,359365,0,17173,4425,19243,380965,400208,1887249
2026-03-14,2026,3,14,port57,Antwerp,Belgium,BEL,15,1,15,3,35,34,69,77023,22976,3885,110,280957,103994,384952,421036,0,14514,6292,64225,441843,506069,1887250
2026-03-15,2026,3,15,port57,Antwerp,Belgium,BEL,17,2,7,2,34,28,62,453840,4842,2565,371,91795,461620,553415,215136,0,4694,1761,88708,221592,310301,1887251
2026-03-16,2026,3,16,port57,Antwerp,Belgium,BEL,14,4,11,3,33,32,65,478648,19642,5517,656,70458,504465,574923,115378,57296,16967,5503,97495,195146,292641,1887252
2026-03-17,2026,3,17,port57,Antwerp,Belgium,BEL,17,2,11,2,35,32,67,289854,0,6848,2570,129664,299273,428937,409990,30677,15037,1024,81171,456729,537900,1887253
2026-03-18,2026,3,18,port57,Antwerp,Belgium,BEL,13,1,16,3,38,33,71,171193,0,10498,4447,53547,186139,239687,186829,0,7490,861,90793,195181,285974,1887254
2026-03-19,2026,3,19,port57,Antwerp,Belgium,BEL,19,2,6,3,37,30,67,578102,28394,3386,2132,114828,612016,726844,478868,0,3418,1761,113515,484047,597563,1887255
2026-03-20,2026,3,20,port57,Antwerp,Belgium,BEL,11,2,9,4,28,26,54,73526,75714,3948,0,174637,153188,327825,135479,0,6078,7222,125112,148780,273893,1887256
2026-03-21,2026,3,21,port57,Antwerp,Belgium,BEL,15,2,11,2,45,30,75,114083,52613,5021,371,209375,172090,381466,131436,6698,7728,2708,143854,148572,292427,1887257
2026-03-22,2026,3,22,port57,Antwerp,Belgium,BEL,8,3,9,3,29,23,52,179817,47432,4606,0,187433,231856,419290,67002,68396,5252,4043,116596,144694,261291,1887258
2026-03-23,2026,3,23,port57,Antwerp,Belgium,BEL,16,3,5,4,36,28,64,333576,164303,13133,5590,163100,516604,679705,274614,0,5295,4967,93892,284877,378770,1887259
2026-03-24,2026,3,24,port57,Antwerp,Belgium,BEL,14,2,11,4,35,31,66,378117,26775,5796,3604,129527,414294,543821,177804,0,7053,9573,48204,194430,242634,1887260
2026-03-25,2026,3,25,port57,Antwerp,Belgium,BEL,11,1,7,0,30,19,49,95267,37835,4452,0,58875,137555,196430,183720,0,4537,0,128356,188258,316614,1887261
2026-03-26,2026,3,26,port57,Antwerp,Belgium,BEL,15,1,6,3,36,25,61,244549,3260,9307,371,162168,257488,419657,167096,0,5420,1761,98010,174279,272289,1887262
2026-03-27,2026,3,27,port57,Antwerp,Belgium,BEL,9,2,9,3,37,23,60,136788,1873,2502,0,112619,141164,253783,149867,30025,6523,6982,87586,193398,280985,1887263
2026-03-28,2026,3,28,port57,Antwerp,Belgium,BEL,14,2,3,2,30,21,51,64681,76227,1322,1924,117759,144155,261914,542982,0,17982,0,119111,560965,680077,1887264
2026-03-29,2026,3,29,port57,Antwerp,Belgium,BEL,13,2,5,2,29,22,51,145946,0,2831,602,91028,149380,240408,295250,1204,3901,968,84011,301324,385336,1887265
2026-03-30,2026,3,30,port57,Antwerp,Belgium,BEL,12,3,11,3,40,29,69,481668,0,5228,0,44023,486897,530920,220904,0,14454,656,204822,236016,440838,1887266
2026-03-31,2026,3,31,port57,Antwerp,Belgium,BEL,10,2,5,0,25,17,42,119210,34367,1770,0,56733,155348,212081,130014,0,2744,0,73906,132759,206666,1887267
2026-03-01,2026,3,1,port664,Los Angeles-Long Beach,United States,USA,5,1,0,0,5,6,11,436619,0,0,0,258392,436619,695012,114442,0,0,0,2781,114442,117224,2300788
2026-03-02,2026,3,2,port664,Los Angeles-Long Beach,United States,USA,6,2,0,0,2,8,10,392787,2831,0,0,67530,395618,463149,0,40237,0,0,7364,40237,47601,2300789
2026-03-03,2026,3,3,port664,Los Angeles-Long Beach,United States,USA,4,0,0,1,0,5,5,245650,0,0,3754,0,249405,249405,32222,0,0,0,0,32222,32222,2300790
2026-03-04,2026,3,4,port664,Los Angeles-Long Beach,United States,USA,7,0,0,2,3,9,12,735441,0,0,5435,188182,740877,929059,0,0,0,0,2781,0,2781,2300791
2026-03-05,2026,3,5,port664,Los Angeles-Long Beach,United States,USA,7,1,0,2,0,10,10,338878,69084,0,0,0,407962,407962,144163,0,0,0,0,144163,144163,2300792
2026-03-06,2026,3,6,port664,Los Angeles-Long Beach,United States,USA,2,2,0,1,2,5,7,105728,4649,0,0,47292,110377,157669,190697,43334,0,0,0,234032,234032,2300793
2026-03-07,2026,3,7,port664,Los Angeles-Long Beach,United States,USA,4,1,0,1,2,6,8,386537,4649,0,0,327563,391186,718750,0,17826,0,0,0,17826,17826,2300794
2026-03-08,2026,3,8,port664,Los Angeles-Long Beach,United States,USA,3,0,0,2,1,5,6,182006,0,0,0,525,182006,182531,97509,0,0,0,0,97509,97509,2300795
2026-03-09,2026,3,9,port664,Los Angeles-Long Beach,United States,USA,4,2,0,3,4,9,13,243731,0,0,6800,88096,250532,338628,0,77337,0,0,42774,77337,120111,2300796
2026-03-10,2026,3,10,port664,Los Angeles-Long Beach,United States,USA,6,0,0,1,6,7,13,403002,0,0,0,54541,403002,457544,16111,0,0,7166,107157,23277,130434,2300797
2026-03-11,2026,3,11,port664,Los Angeles-Long Beach,United States,USA,3,1,1,1,3,6,9,78771,34592,0,1019,216483,114382,330866,16111,0,433,0,15704,16544,32248,2300798
2026-03-12,2026,3,12,port664,Los Angeles-Long Beach,United States,USA,4,2,0,1,3,7,10,114024,0,0,3338,201735,117362,319098,348391,3024,0,0,3984,351415,355400,2300799
2026-03-13,2026,3,13,port664,Los Angeles-Long Beach,United States,USA,3,0,1,0,1,4,5,65564,0,7535,0,35867,73100,108967,203179,0,0,0,0,203179,203179,2300800
2026-03-14,2026,3,14,port664,Los Angeles-Long Beach,United States,USA,3,0,1,0,2,4,6,280586,0,5589,0,113474,286175,399650,16111,0,0,0,0,16111,16111,2300801
2026-03-15,2026,3,15,port664,Los Angeles-Long Beach,United States,USA,4,3,0,0,2,7,9,190536,68103,0,0,92511,258639,351151,66542,1756,0,0,7364,68298,75662,2300802
2026-03-16,2026,3,16,port664,Los Angeles-Long Beach,United States,USA,7,2,0,2,3,11,14,505077,1104,0,3904,140730,510086,650817,0,54727,0,33,2781,54761,57543,2300803
2026-03-17,2026,3,17,port664,Los Angeles-Long Beach,United States,USA,5,3,0,2,3,10,13,307912,14933,0,611,13457,323456,336914,558443,0,0,0,3829,558443,562273,2300804
2026-03-18,2026,3,18,port664,Los Angeles-Long Beach,United States,USA,5,1,1,1,2,8,10,259800,0,771,6015,122649,266587,389237,76314,485,0,0,0,76800,76800,2300805
2026-03-19,2026,3,19,port664,Los Angeles-Long Beach,United States,USA,5,0,2,1,0,8,8,435378,0,3183,0,0,438561,438561,120528,0,14780,0,0,135308,135308,2300806
2026-03-20,2026,3,20,port664,Los Angeles-Long Beach,United States,USA,5,0,0,0,2,5,7,53327,0,0,0,34270,53327,87597,204215,0,0,0,0,204215,204215,2300807
2026-03-21,2026,3,21,port664,Los Angeles-Long Beach,United States,USA,1,0,0,2,3,3,6,0,0,0,1025,40668,1025,41693,44750,0,0,0,0,44750,44750,2300808
2026-03-22,2026,3,22,port664,Los Angeles-Long Beach,United States,USA,3,0,0,0,1,3,4,90153,0,0,0,31083,90153,121237,66674,0,0,0,0,66674,66674,2300809
2026-03-23,2026,3,23,port664,Los Angeles-Long Beach,United States,USA,2,1,0,0,1,3,4,25824,25562,0,0,42593,51387,93980,0,0,0,0,4125,0,4125,2300810
2026-03-24,2026,3,24,port664,Los Angeles-Long Beach,United States,USA,10,1,0,3,3,14,17,829302,4649,0,0,133038,833951,966990,68207,17826,0,3134,188961,89168,278130,2300811
2026-03-25,2026,3,25,port664,Los Angeles-Long Beach,United States,USA,7,1,0,1,2,9,11,732430,0,0,0,13150,732430,745581,0,78694,0,0,0,78694,78694,2300812
2026-03-26,2026,3,26,port664,Los Angeles-Long Beach,United States,USA,5,0,0,1,3,6,9,288210,0,0,6028,77752,294238,371990,37993,0,0,0,0,37993,37993,2300813
2026-03-27,2026,3,27,port664,Los Angeles-Long Beach,United States,USA,4,0,0,0,4,4,8,140166,0,0,0,10815,140166,150982,337030,0,0,0,101025,337030,438056,2300814
2026-03-28,2026,3,28,port664,Los Angeles-Long Beach,United States,USA,3,2,0,0,3,5,8,124230,0,0,0,55091,124230,179321,16111,1057,0,0,0,17168,17168,2300815
2026-03-29,2026,3,29,port664,Los Angeles-Long Beach,United States,USA,4,2,0,0,3,6,9,273069,2831,0,0,103949,275900,379849,16111,82099,0,0,0,98210,98210,2300816
2026-03-30,2026,3,30,port664,Los Angeles-Long Beach,United States,USA,6,1,0,0,1,7,8,191532,2690,0,0,0,194222,194222,16111,0,0,0,0,16111,16111,2300817
2026-03-31,2026,3,31,port664,Los Angeles-Long Beach,United States,USA,7,3,1,1,3,12,15,605449,71245,5565,5638,47375,687898,735273,32222,65506,0,0,0,97728,97728,2300818
2026-03-01,2026,3,1,port1201,Singapore,Singapore,SGP,34,0,7,5,69,46,115,751657,0,8902,3518,406278,764079,1170357,643650,0,3026,6879,259584,653556,913140,3465535
2026-03-02,2026,3,2,port1201,Singapore,Singapore,SGP,36,2,8,7,100,53,153,566924,13254,2879,363,654899,583422,1238322,595853,4434,6401,2517,508907,609207,1118115,3465536
2026-03-03,2026,3,3,port1201,Singapore,Singapore,SGP,43,0,5,5,78,53,131,420567,0,3554,1021,876006,425143,1301149,996224,0,2479,4352,403215,1003056,1406272,3465537
2026-03-04,2026,3,4,port1201,Singapore,Singapore,SGP,38,4,7,3,87,52,139,487736,122703,4508,5379,440712,620327,1061040,716963,2985,3846,1409,536215,725206,1261422,3465538
2026-03-05,2026,3,5,port1201,Singapore,Singapore,SGP,45,1,5,2,86,53,139,1146090,24554,1960,1451,659138,1174057,1833196,637102,0,1538,0,267177,638640,905818,3465539
2026-03-06,2026,3,6,port1201,Singapore,Singapore,SGP,43,2,7,4,62,56,118,956249,0,9660,1942,343630,967853,1311483,810919,5232,5752,3325,348292,825229,1173522,3465540
2026-03-07,2026,3,7,port1201,Singapore,Singapore,SGP,37,4,4,4,66,49,115,1186296,66458,3531,254,454112,1256541,1710653,504456,6911,2293,2959,296358,516620,812978,3465541
2026-03-08,2026,3,8,port1201,Singapore,Singapore,SGP,44,3,4,6,65,57,122,727966,62188,1537,1851,635991,793543,1429534,565929,3925,6105,2366,316687,578327,895014,3465542
2026-03-09,2026,3,9,port1201,Singapore,Singapore,SGP,39,2,7,5,97,53,150,581884,15356,6652,54,578987,603948,1182936,988377,0,17201,7352,284315,1012930,1297246,3465543
2026-03-10,2026,3,10,port1201,Singapore,Singapore,SGP,49,2,8,9,64,68,132,1403423,95404,2839,0,295673,1501668,1797341,853899,2985,2476,8002,532696,867364,1400060,3465544
2026-03-11,2026,3,11,port1201,Singapore,Singapore,SGP,39,1,5,1,75,46,121,811959,23354,1578,0,501388,836892,1338281,876662,0,8034,1210,343604,885907,1229511,3465545
2026-03-12,2026,3,12,port1201,Singapore,Singapore,SGP,48,4,13,4,72,69,141,773342,27893,10882,3190,514849,815308,1330157,485123,30738,8150,1910,296243,525923,822166,3465546
2026-03-13,2026,3,13,port1201,Singapore,Singapore,SGP,43,2,5,3,73,53,126,851632,44640,3839,254,515215,900367,1415582,718395,0,4701,899,364389,723995,1088385,3465547
2026-03-14,2026,3,14,port1201,Singapore,Singapore,SGP,37,2,6,5,65,50,115,360118,69875,2443,1631,149444,434069,583513,1108760,0,5019,5802,398733,1119581,1518315,3465548
2026-03-15,2026,3,15,port1201,Singapore,Singapore,SGP,38,2,3,4,66,47,113,491317,16539,959,1941,503404,510757,1014162,880509,0,1002,1532,302570,883044,1185615,3465549
2026-03-16,2026,3,16,port1201,Singapore,Singapore,SGP,38,0,6,4,102,48,150,619030,0,5253,254,493097,624538,1117635,851483,0,4115,8340,347701,863940,1211641,3465550
2026-03-17,2026,3,17,port1201,Singapore,Singapore,SGP,39,6,8,4,79,57,136,987118,117587,3633,254,452044,1108594,1560638,568428,3925,25697,4333,445207,602384,1047591,3465551
2026-03-18,2026,3,18,port1201,Singapore,Singapore,SGP,34,4,4,0,75,42,117,819801,84201,5670,0,451067,909673,1360741,477744,2985,2237,0,313806,482968,796774,3465552
2026-03-19,2026,3,19,port1201,Singapore,Singapore,SGP,42,1,9,6,77,58,135,975010,0,7553,4757,650239,987321,1637560,1051925,0,8966,1944,288087,1062836,1350924,3465553
2026-03-20,2026,3,20,port1201,Singapore,Singapore,SGP,42,0,1,1,76,44,120,383953,0,1961,0,345554,385914,731468,1001102,0,0,0,288834,1001102,1289937,3465554
2026-03-21,2026,3,21,port1201,Singapore,Singapore,SGP,36,2,4,2,74,44,118,590442,33411,2892,254,529960,627000,1156960,759080,0,10760,1924,282237,771765,1054003,3465555
2026-03-22,2026,3,22,port1201,Singapore,Singapore,SGP,37,1,0,5,53,43,96,746981,31705,0,0,324012,778686,1102699,797900,0,0,9107,222116,807008,1029124,3465556
2026-03-23,2026,3,23,port1201,Singapore,Singapore,SGP,40,4,8,2,82,54,136,523913,54302,8014,1204,297508,587435,884943,1012684,12531,6514,0,388146,1031730,1419876,3465557
2026-03-24,2026,3,24,port1201,Singapore,Singapore,SGP,41,5,5,5,84,56,140,1229427,55155,4411,762,658195,1289757,1947953,630770,11421,418,2697,311291,645307,956599,3465558
2026-03-25,2026,3,25,port1201,Singapore,Singapore,SGP,39,1,3,7,68,50,118,624167,52089,1532,54,401567,677844,1079412,976110,0,6308,2477,345790,984896,1330687,3465559
2026-03-26,2026,3,26,port1201,Singapore,Singapore,SGP,43,4,6,3,65,56,121,514214,59270,1919,2900,358231,578305,936536,908284,1053,8084,899,239030,918321,1157351,3465560
2026-03-27,2026,3,27,port1201,Singapore,Singapore,SGP,43,2,7,3,67,55,122,477291,8055,7217,54,299878,492620,792499,928731,0,2656,44,372911,931432,1304344,3465561
2026-03-28,2026,3,28,port1201,Singapore,Singapore,SGP,39,0,4,2,70,45,115,793003,0,2879,274,598013,796157,1394170,1000763,0,5730,1437,253908,1007931,1261839,3465562
2026-03-29,2026,3,29,port1201,Singapore,Singapore,SGP,42,3,4,3,67,52,119,698780,26509,2316,0,319613,727606,1047219,1195213,11204,1861,1630,296907,1209910,1506818,3465563
2026-03-30,2026,3,30,port1201,Singapore,Singapore,SGP,41,0,7,5,73,53,126,1378556,0,5898,1693,267907,1386148,1654055,557889,0,6485,2319,398004,566693,964698,3465564
2026-03-31,2026,3,31,port1201,Singapore,Singapore,SGP,44,4,7,4,68,59,127,737578,117954,3358,1877,542020,860768,1402789,727662,0,3207,1537,280136,732407,1012544,3465565
2026-03-01,2026,3,1,port1065,Busan,Korea,KOR,31,3,5,4,9,43,52,183220,14944,8031,336,17182,206532,223714,236472,9636,1012,5374,5508,252495,258004,3605084
2026-03-02,2026,3,2,port1065,Busan,Korea,KOR,18,1,4,1,5,24,29,33990,380,3465,168,8221,38005,46226,133850,1754,2192,362,2484,138159,140644,3605085
2026-03-03,2026,3,3,port1065,Busan,Korea,KOR,33,2,10,1,9,46,55,68786,9757,8270,168,18997,86982,105980,282818,6825,4068,362,3517,294074,297592,3605086
2026-03-04,2026,3,4,port1065,Busan,Korea,KOR,44,2,15,1,7,62,69,146825,5684,16065,0,26137,168575,194713,345259,5430,6554,0,4991,357244,362235,3605087
2026-03-05,2026,3,5,port1065,Busan,Korea,KOR,33,4,11,0,10,48,58,184167,29354,15647,0,19785,229168,248954,270570,3344,1115,0,6498,275030,281528,3605088
2026-03-06,2026,3,6,port1065,Busan,Korea,KOR,28,0,7,0,7,35,42,97923,0,10315,0,11576,108239,119815,231751,0,2738,0,1729,234489,236219,3605089
2026-03-07,2026,3,7,port1065,Busan,Korea,KOR,34,2,6,2,13,44,57,223941,4877,8961,168,23977,237949,261927,116886,2691,2777,1837,5832,124192,130025,3605090
2026-03-08,2026,3,8,port1065,Busan,Korea,KOR,32,0,10,2,9,44,53,135859,0,10937,314,22527,147112,169640,337334,0,9949,1071,3926,348355,352281,3605091
2026-03-09,2026,3,9,port1065,Busan,Korea,KOR,26,2,10,1,13,39,52,181424,32346,7406,168,23157,221346,244504,122322,3675,10075,362,9101,136435,145536,3605092
2026-03-10,2026,3,10,port1065,Busan,Korea,KOR,35,3,14,2,5,54,59,252996,380,26175,0,5667,279553,285220,212324,1754,7950,0,1663,222030,223694,3605093
2026-03-11,2026,3,11,port1065,Busan,Korea,KOR,40,2,5,2,10,49,59,211823,5160,5031,168,17725,222183,239909,239753,4380,1825,1272,9720,247231,256952,3605094
2026-03-12,2026,3,12,port1065,Busan,Korea,KOR,34,1,6,1,14,42,56,249609,0,7778,0,42960,257388,300348,118504,1653,1646,0,4513,121803,126317,3605095
2026-03-13,2026,3,13,port1065,Busan,Korea,KOR,35,3,13,1,6,52,58,138916,45828,13404,0,28007,198149,226157,174809,0,5137,2247,2376,182194,184571,3605096
2026-03-14,2026,3,14,port1065,Busan,Korea,KOR,39,3,10,1,8,53,61,327445,37309,9510,168,13200,374434,387634,188916,1754,2388,362,5633,193422,199056,3605097
2026-03-15,2026,3,15,port1065,Busan,Korea,KOR,32,0,9,1,7,42,49,161816,0,11911,168,5446,173896,179342,157365,0,1957,362,12733,159685,172419,3605098
2026-03-16,2026,3,16,port1065,Busan,Korea,KOR,25,4,10,2,5,41,46,133637,11175,5494,336,10087,150644,160731,109983,3675,4525,725,3613,118909,122522,3605099
2026-03-17,2026,3,17,port1065,Busan,Korea,KOR,28,2,10,0,7,40,47,121840,4877,12380,0,16901,139097,155999,131629,1754,6174,0,2101,139558,141660,3605100
2026-03-18,2026,3,18,port1065,Busan,Korea,KOR,26,2,6,3,8,37,45,214105,24387,10924,831,20829,250248,271077,153573,1447,1518,708,5092,157247,162340,3605101
2026-03-19,2026,3,19,port1065,Busan,Korea,KOR,33,3,10,1,5,47,52,145133,8112,8050,168,10308,161464,171773,159452,3675,4416,362,3040,167907,170948,3605102
2026-03-20,2026,3,20,port1065,Busan,Korea,KOR,41,2,10,0,6,53,59,160100,5258,7399,0,12382,172758,185141,334713,4445,2337,0,3019,341496,344516,3605103
2026-03-21,2026,3,21,port1065,Busan,Korea,KOR,34,0,12,2,9,48,57,60162,0,13210,0,27943,73372,101316,204492,0,3534,1214,4745,209240,213986,3605104
2026-03-22,2026,3,22,port1065,Busan,Korea,KOR,35,2,14,2,9,53,62,177834,5303,16112,168,17146,199418,216564,212415,46527,4534,362,10192,263840,274032,3605105
2026-03-23,2026,3,23,port1065,Busan,Korea,KOR,34,2,6,2,14,44,58,173631,5303,6185,168,35177,185287,220465,222926,9765,5012,362,8320,238067,246388,3605106
2026-03-24,2026,3,24,port1065,Busan,Korea,KOR,30,0,14,0,5,44,49,257165,0,14665,0,12382,271831,284214,160441,0,9228,0,3019,169669,172689,3605107
2026-03-25,2026,3,25,port1065,Busan,Korea,KOR,30,2,11,1,6,44,50,122342,4877,15939,2025,8221,145185,153406,170043,2691,5535,0,2320,178270,180590,3605108
2026-03-26,2026,3,26,port1065,Busan,Korea,KOR,35,2,15,3,5,55,60,291279,4877,23720,639,14295,320516,334812,253564,11583,5288,839,1209,271275,272485,3605109
2026-03-27,2026,3,27,port1065,Busan,Korea,KOR,29,3,9,2,7,43,50,108226,380,14788,427,8744,123823,132567,105575,4869,3572,211,5287,114229,119517,3605110
2026-03-28,2026,3,28,port1065,Busan,Korea,KOR,32,0,6,0,4,38,42,225291,0,4924,0,5108,230215,235324,140594,0,7820,0,1725,148414,150140,3605111
2026-03-29,2026,3,29,port1065,Busan,Korea,KOR,36,1,6,2,13,45,58,201551,7189,4783,168,20331,213692,234024,171843,0,3013,362,8710,175219,183930,3605112
2026-03-30,2026,3,30,port1065,Busan,Korea,KOR,30,2,10,1,12,43,55,165500,5303,9892,168,23658,180864,204522,110119,7013,5153,362,5392,122649,128042,3605113
2026-03-31,2026,3,31,port1065,Busan,Korea,KOR,25,0,14,0,6,39,45,364217,0,22368,0,4003,386585,390589,115762,0,4471,0,1837,120234,122071,3605114
2026-04-01,2026,4,1,port1188,Shanghai,China,CHN,42,39,15,6,19,102,121,367446,244019,29807,637,87701,641910,729612,430552,163206,24520,12751,52389,631031,683420,189426
2026-04-02,2026,4,2,port1188,Shanghai,China,CHN,32,40,12,7,28,91,119,175153,352234,14002,4683,57119,546074,603193,355921,360212,8518,4608,18332,729261,747594,189429
2026-04-03,2026,4,3,port1188,Shanghai,China,CHN,32,38,13,6,26,89,115,310724,343533,16741,655,96243,671654,767898,248987,366659,8063,9058,76121,632769,708890,189433
2026-04-04,2026,4,4,port1188,Shanghai,China,CHN,38,41,14,6,23,99,122,433816,404698,10363,2627,71561,851505,923066,253760,305112,8623,5303,60084,572800,632884,189437
2026-04-05,2026,4,5,port1188,Shanghai,China,CHN,39,30,14,9,22,92,114,347775,110769,41240,10825,52318,510611,562929,198686,329830,12930,5196,19566,546643,566209,189441
2026-04-06,2026,4,6,port1188,Shanghai,China,CHN,37,32,12,10,31,91,122,248769,445882,15605,2914,150280,713171,863451,422921,390145,26858,17895,189642,857820,1047463,189445
2026-04-07,2026,4,7,port1188,Shanghai,China,CHN,37,58,15,5,17,115,132,241059,491861,18935,1692,99311,753548,852859,393260,166254,30992,13969,40547,604476,645024,189449
2026-04-08,2026,4,8,port1188,Shanghai,China,CHN,37,33,8,5,23,83,106,152587,227827,4314,818,151562,385547,537110,431769,385018,13685,12401,14818,842873,857692,189453
2026-04-09,2026,4,9,port1188,Shanghai,China,CHN,41,33,9,9,24,92,116,490465,222342,4935,818,80901,718561,799462,316280,40533,14478,21522,33764,392815,426579,189457
2026-04-10,2026,4,10,port1188,Shanghai,China,CHN,42,38,17,8,25,105,130,547883,367219,23536,818,53083,939457,992541,330289,225048,12590,11511,113550,579440,692991,189461
2026-04-11,2026,4,11,port1188,Shanghai,China,CHN,34,26,19,4,16,83,99,302967,320185,30438,409,71994,654000,725994,325395,61318,19125,1826,14828,407665,422493,189465
2026-04-12,2026,4,12,port1188,Shanghai,China,CHN,34,25,13,5,15,77,92,273494,239564,12309,818,70291,526186,596477,372326,52771,7699,4177,4820,436974,441795,189468
2026-04-13,2026,4,13,port1188,Shanghai,China,CHN,31,28,13,8,24,80,104,405440,410030,12097,2775,70463,830344,900808,300840,196524,19382,23559,24136,540306,564443,189471
2026-04-14,2026,4,14,port1188,Shanghai,China,CHN,35,36,13,6,23,90,113,341468,387244,10979,1227,89586,740919,830505,288575,97245,15898,6429,54768,408149,462918,189475
2026-04-15,2026,4,15,port1188,Shanghai,China,CHN,38,31,22,5,31,96,127,443408,196096,42753,544,56601,682803,739404,467649,346742,17184,29989,130505,861565,992070,189479
2026-04-16,2026,4,16,port1188,Shanghai,China,CHN,35,35,7,6,16,83,99,246862,209446,3054,3619,52303,462983,515286,407313,72013,16984,1028,32478,497340,529818,189483
2026-04-17,2026,4,17,port1188,Shanghai,China,CHN,38,39,21,7,17,105,122,385427,538441,54260,1030,64017,979159,1043177,381109,125602,23216,4262,26980,534190,561170,189487
2026-04-18,2026,4,18,port1188,Shanghai,China,CHN,30,28,11,4,21,73,94,361464,386510,9312,3283,103792,760570,864362,211941,556157,4929,8804,45952,781833,827786,189491
2026-04-19,2026,4,19,port1188,Shanghai,China,CHN,39,37,18,4,18,98,116,549191,203446,33446,311,64866,786395,851261,374177,139261,26239,588,34435,540268,574703,189495
2026-04-20,2026,4,20,port1188,Shanghai,China,CHN,33,38,11,6,16,88,104,261252,247371,27015,2564,59838,538204,598042,321662,163377,6593,5902,40660,497536,538196,189499
2026-04-21,2026,4,21,port1188,Shanghai,China,CHN,37,31,11,4,24,83,107,452582,316638,19997,1053,131658,790272,921930,314377,120405,4781,10354,32997,449919,482916,189503
2026-04-22,2026,4,22,port1188,Shanghai,China,CHN,37,36,13,5,18,91,109,202149,454835,16465,409,52988,673859,726847,397605,331391,6297,12512,19527,747807,767334,189512
2026-04-23,2026,4,23,port1188,Shanghai,China,CHN,38,37,16,7,22,98,120,639745,286237,21561,2045,44471,949589,994060,266795,39773,15086,7296,79049,328952,408001,189516
2026-04-24,2026,4,24,port1188,Shanghai,China,CHN,35,36,22,5,14,98,112,399459,410544,17037,1227,16648,828269,844918,308999,170305,35166,5931,94010,520403,614414,189520
2026-04-25,2026,4,25,port1188,Shanghai,China,CHN,36,26,12,7,16,81,97,147483,287701,14977,1227,46303,451389,497692,314762,92342,38225,28520,88854,473851,562706,189524
2026-04-26,2026,4,26,port1188,Shanghai,China,CHN,34,24,15,4,23,77,100,248925,189598,38195,549,31218,477269,508488,329865,171982,14159,984,56557,516992,573549,189528
2026-04-27,2026,4,27,port1188,Shanghai,China,CHN,32,45,14,5,15,96,111,329120,679000,17882,2562,115480,1028565,1144046,307005,384165,9181,7271,10965,707623,718589,189532
2026-04-28,2026,4,28,port1188,Shanghai,China,CHN,35,16,6,1,20,58,78,169490,169658,6279,0,120054,345429,465484,327368,59386,9149,7451,87224,403355,490580,189536
2026-04-29,2026,4,29,port1188,Shanghai,China,CHN,41,33,14,5,12,93,105,743231,212862,25828,818,48719,982740,1031460,479858,128673,7796,13072,52686,629400,682087,189540
2026-04-30,2026,4,30,port1188,Shanghai,China,CHN,38,31,19,7,20,95,115,165111,292964,27199,4239,104556,489514,594070,481634,227305,22424,8265,13247,739629,752877,189544
2026-04-01,2026,4,1,port744,Jebel Ali,United Arab Emirates,ARE,3,0,1,0,1,4,5,70838,0,1119,0,0,71958,71958,14711,0,1152,0,963,15863,16826,197768
2026-04-02,2026,4,2,port744,Jebel Ali,United Arab Emirates,ARE,0,1,0,0,0,1,1,0,0,0,0,0,0,0,0,0,0,0,0,0,0,197769
2026-04-03,2026,4,3,port744,Jebel Ali,United Arab Emirates,ARE,0,0,0,0,1,0,1,0,0,0,0,0,0,0,0,0,0,0,0,0,0,197770
2026-04-04,2026,4,4,port744,Jebel Ali,United Arab Emirates,ARE,2,0,0,0,2,2,4,0,0,0,0,90483,0,90483,31759,0,0,0,10599,31759,42358,197771
2026-04-05,2026,4,5,port744,Jebel Ali,United Arab Emirates,ARE,1,0,1,0,1,2,3,0,0,0,0,9896,0,9896,0,0,1456,0,4217,1456,5674,197772
2026-04-06,2026,4,6,port744,Jebel Ali,United Arab Emirates,ARE,2,0,0,0,0,2,2,0,0,0,0,0,0,0,19222,0,0,0,0,19222,19222,197773
2026-04-07,2026,4,7,port744,Jebel Ali,United Arab Emirates,ARE,1,0,0,0,0,1,1,0,0,0,0,0,0,0,94385,0,0,0,0,94385,94385,197774
2026-04-08,2026,4,8,port744,Jebel Ali,United Arab Emirates,ARE,0,0,0,0,1,0,1,0,0,0,0,0,0,0,0,0,0,0,0,0,0,197775
2026-04-09,2026,4,9,port744,Jebel Ali,United Arab Emirates,ARE,2,0,0,0,0,2,2,152914,0,0,0,0,152914,152914,27044,0,0,0,0,27044,27044,197776
2026-04-10,2026,4,10,port744,Jebel Ali,United Arab Emirates,ARE,0,0,0,0,0,0,0,0,0,0,0,0,0,0,0,0,0,0,0,0,0,197777
2026-04-11,2026,4,11,port744,Jebel Ali,United Arab Emirates,ARE,0,0,0,0,0,0,0,0,0,0,0,0,0,0,0,0,0,0,0,0,0,197778
2026-04-12,2026,4,12,port744,Jebel Ali,United Arab Emirates,ARE,7,0,0,0,1,7,8,416591,0,0,0,0,416591,416591,85555,0,0,0,29851,85555,115406,197779
2026-04-13,2026,4,13,port744,Jebel Ali,United Arab Emirates,ARE,0,0,1,1,2,2,4,0,0,0,653,24485,653,25138,0,0,0,177,0,177,177,197780
2026-04-14,2026,4,14,port744,Jebel Ali,United Arab Emirates,ARE,0,1,2,0,1,3,4,0,0,1119,0,20769,1119,21889,0,0,1878,0,0,1878,1878,197781
2026-04-15,2026,4,15,port744,Jebel Ali,United Arab Emirates,ARE,2,0,1,0,2,3,5,0,0,0,0,15143,0,15143,14212,0,1007,0,0,15219,15219,197782
2026-04-16,2026,4,16,port744,Jebel Ali,United Arab Emirates,ARE,2,0,2,0,2,4,6,98738,0,1119,0,18654,99858,118512,23016,0,8079,0,41340,31095,72435,197783
2026-04-17,2026,4,17,port744,Jebel Ali,United Arab Emirates,ARE,1,0,0,1,0,2,2,0,0,0,0,0,0,0,20364,0,0,0,0,20364,20364,197784
2026-04-18,2026,4,18,port744,Jebel Ali,United Arab Emirates,ARE,1,2,2,0,1,5,6,0,26717,0,0,0,26717,26717,71081,31469,7188,0,0,109739,109739,197785
2026-04-19,2026,4,19,port744,Jebel Ali,United Arab Emirates,ARE,1,1,0,0,0,2,2,0,0,0,0,0,0,0,32079,890,0,0,0,32970,32970,197786
2026-04-20,2026,4,20,port744,Jebel Ali,United Arab Emirates,ARE,1,0,0,0,3,1,4,70838,0,0,0,0,70838,70838,14711,0,0,0,31428,14711,46139,197787
2026-04-21,2026,4,21,port744,Jebel Ali,United Arab Emirates,ARE,1,0,1,1,0,3,3,0,0,0,0,0,0,0,0,0,3777,1136,0,4914,4914,197788
2026-04-22,2026,4,22,port744,Jebel Ali,United Arab Emirates,ARE,2,0,0,0,1,2,3,0,0,0,0,85586,0,85586,49337,0,0,0,0,49337,49337,197789
2026-04-23,2026,4,23,port744,Jebel Ali,United Arab Emirates,ARE,1,0,0,0,0,1,1,0,0,0,0,0,0,0,70426,0,0,0,0,70426,70426,197790
2026-04-24,2026,4,24,port744,Jebel Ali,United Arab Emirates,ARE,1,0,3,0,0,4,4,82075,0,1119,0,0,83195,83195,12332,0,15380,0,0,27713,27713,197791
2026-04-25,2026,4,25,port744,Jebel Ali,United Arab Emirates,ARE,1,0,0,0,0,1,1,0,0,0,0,0,0,0,27395,0,0,0,0,27395,27395,197792
2026-04-26,2026,4,26,port744,Jebel Ali,United Arab Emirates,ARE,4,0,0,0,0,4,4,77385,0,0,0,0,77385,77385,60915,0,0,0,0,60915,60915,197793
2026-04-27,2026,4,27,port744,Jebel Ali,United Arab Emirates,ARE,2,0,1,0,0,3,3,0,0,425,0,0,425,425,106097,0,0,0,0,106097,106097,197794
2026-04-28,2026,4,28,port744,Jebel Ali,United Arab Emirates,ARE,3,0,2,0,0,5,5,0,0,1119,0,0,1119,1119,29634,0,4327,0,0,33962,33962,197795
2026-04-29,2026,4,29,port744,Jebel Ali,United Arab Emirates,ARE,3,0,1,2,0,6,6,0,0,1119,653,0,1772,1772,79389,0,1152,177,0,80718,80718,197796
2026-04-30,2026,4,30,port744,Jebel Ali,United Arab Emirates,ARE,1,0,2,0,1,3,4,0,0,1119,0,0,1119,1119,43904,0,2336,0,86560,46240,132801,197797
2026-04-01,2026,4,1,port1114,Rotterdam,The Netherlands,NLD,17,2,17,4,38,40,78,154037,34860,14418,0,411926,203316,615243,180540,0,11576,6650,79638,198767,278406,377395
2026-04-02,2026,4,2,port1114,Rotterdam,The Netherlands,NLD,18,2,14,6,46,40,86,198150,111811,5375,0,533332,315336,848668,151768,0,6670,2861,145413,161300,306713,377398
2026-04-03,2026,4,3,port1114,Rotterdam,The Netherlands,NLD,17,7,19,7,40,50,90,68577,551639,9960,0,327480,630176,957657,137582,1191,11155,7931,106868,157861,264729,377401
2026-04-04,2026,4,4,port1114,Rotterdam,The Netherlands,NLD,20,3,8,4,44,35,79,248690,181279,1859,371,476237,432200,908438,184485,35835,13094,633,111581,234047,345629,377404
2026-04-05,2026,4,5,port1114,Rotterdam,The Netherlands,NLD,14,2,3,6,36,25,61,236924,67485,11351,0,322955,315761,638717,33072,20873,712,8170,93341,62829,156170,377406
2026-04-06,2026,4,6,port1114,Rotterdam,The Netherlands,NLD,13,3,9,2,36,27,63,94850,96385,11293,187,800587,202717,1003304,11096,0,2926,1187,47222,15210,62432,377409
2026-04-07,2026,4,7,port1114,Rotterdam,The Netherlands,NLD,14,0,8,8,36,30,66,198853,0,5549,3587,402694,207991,610686,48672,0,3973,2374,82714,55020,137734,377412
2026-04-08,2026,4,8,port1114,Rotterdam,The Netherlands,NLD,22,4,16,5,50,47,97,160966,194705,23929,0,97606,379601,477207,112309,0,10632,7596,155442,130538,285981,377415
2026-04-09,2026,4,9,port1114,Rotterdam,The Netherlands,NLD,21,3,14,6,49,44,93,122839,94214,6303,0,290198,223357,513555,111564,11063,8938,6782,159731,138349,298081,377418
2026-04-10,2026,4,10,port1114,Rotterdam,The Netherlands,NLD,20,3,17,6,42,46,88,234891,144599,5145,1045,292264,385682,677946,154924,3108,8678,7548,143991,174259,318251,377421
2026-04-11,2026,4,11,port1114,Rotterdam,The Netherlands,NLD,15,2,12,7,37,36,73,95855,121833,6299,187,322129,224176,546306,206122,0,13592,5194,88572,224910,313483,377424
2026-04-12,2026,4,12,port1114,Rotterdam,The Netherlands,NLD,19,3,10,5,38,37,75,146979,182802,13820,633,328370,344236,672607,123978,0,7524,2453,120805,133956,254762,377427
2026-04-13,2026,4,13,port1114,Rotterdam,The Netherlands,NLD,13,2,25,5,37,45,82,76261,171061,34899,1693,207328,283916,491245,43456,0,17916,4906,127021,66278,193299,377430
2026-04-14,2026,4,14,port1114,Rotterdam,The Netherlands,NLD,17,3,6,7,74,33,107,126399,121485,2243,0,352769,250128,602898,60681,0,3107,10617,187892,74406,262298,377433
2026-04-15,2026,4,15,port1114,Rotterdam,The Netherlands,NLD,21,5,19,6,37,51,88,429567,267996,8865,0,515279,706429,1221708,325416,244,16445,6662,62732,348768,411500,377436
2026-04-16,2026,4,16,port1114,Rotterdam,The Netherlands,NLD,11,2,14,6,38,33,71,14487,16627,7686,0,753504,38802,792306,92069,0,8546,10625,67156,111241,178397,377439
2026-04-17,2026,4,17,port1114,Rotterdam,The Netherlands,NLD,27,2,13,6,41,48,89,151358,0,5929,0,162151,157287,319439,198925,0,10708,3193,148626,212827,361453,377442
2026-04-18,2026,4,18,port1114,Rotterdam,The Netherlands,NLD,18,3,10,6,32,37,69,110716,54560,1269,1547,453959,168094,622053,90419,244,17590,8022,49333,116276,165610,377446
2026-04-19,2026,4,19,port1114,Rotterdam,The Netherlands,NLD,14,5,18,3,39,40,79,90813,229344,12406,187,343155,332751,675907,161352,9821,9105,1187,101030,181466,282497,377449
2026-04-20,2026,4,20,port1114,Rotterdam,The Netherlands,NLD,22,3,13,6,44,44,88,62040,198088,16678,0,768076,276807,1044884,232894,0,2275,2244,89079,237414,326494,377452
2026-04-21,2026,4,21,port1114,Rotterdam,The Netherlands,NLD,18,3,8,6,42,35,77,435493,78724,1599,0,260608,515817,776426,120441,76900,11131,14569,98389,223043,321432,377455
2026-04-22,2026,4,22,port1114,Rotterdam,The Netherlands,NLD,12,4,12,7,33,35,68,165121,78844,6612,371,241945,250950,492895,60188,45725,5630,8556,136377,120100,256478,377458
2026-04-23,2026,4,23,port1114,Rotterdam,The Netherlands,NLD,21,2,14,6,51,43,94,172967,34329,9300,187,431977,216785,648763,212283,970,14185,10114,106226,237554,343781,377461
2026-04-24,2026,4,24,port1114,Rotterdam,The Netherlands,NLD,20,0,10,5,43,35,78,191717,0,3502,0,529366,195220,724587,55101,0,4678,6406,146153,66187,212341,377464
2026-04-25,2026,4,25,port1114,Rotterdam,The Netherlands,NLD,16,6,7,7,41,36,77,300369,538448,2229,187,330880,841235,1172115,75748,32541,3718,3140,116131,115148,231279,377467
2026-04-26,2026,4,26,port1114,Rotterdam,The Netherlands,NLD,17,2,9,7,49,35,84,90189,362970,9618,2395,296937,465174,762111,64279,0,10895,2457,103258,77632,180891,377470
2026-04-27,2026,4,27,port1114,Rotterdam,The Netherlands,NLD,21,2,14,6,53,43,96,239245,37076,8678,3892,559170,288893,848063,200607,0,13449,4187,119331,218245,337576,377473
2026-04-28,2026,4,28,port1114,Rotterdam,The Netherlands,NLD,19,0,11,9,35,39,74,56089,0,4054,371,180750,60515,241266,48740,0,9536,11267,94231,69544,163776,377476
2026-04-29,2026,4,29,port1114,Rotterdam,The Netherlands,NLD,18,4,19,4,41,45,86,38740,93910,25781,0,356138,158432,514570,54620,48773,13738,6293,138708,123425,262133,377479
2026-04-30,2026,4,30,port1114,Rotterdam,The Netherlands,NLD,21,0,13,7,51,41,92,224576,0,4615,0,377580,229192,606772,121372,0,12481,11700,55125,145555,200680,377482
2026-04-01,2026,4,1,port1160,Santos,Brazil,BRA,6,4,2,0,1,12,13,0,6559,4958,0,17053,11518,28571,48836,199337,18621,0,0,266795,266795,1627279
2026-04-02,2026,4,2,port1160,Santos,Brazil,BRA,6,3,2,0,4,11,15,65532,0,558,0,37375,66091,103467,62242,134823,5706,0,6632,202772,209405,1627280
2026-04-03,2026,4,3,port1160,Santos,Brazil,BRA,6,5,0,0,1,11,12,22050,0,0,0,0,22050,22050,27461,251893,0,0,23772,279354,303127,1627281
2026-04-04,2026,4,4,port1160,Santos,Brazil,BRA,7,7,2,1,4,17,21,125800,0,0,0,36166,125800,161966,85483,476439,16427,515,13929,578866,592796,1627282
2026-04-05,2026,4,5,port1160,Santos,Brazil,BRA,7,4,2,0,1,13,14,131575,34926,1420,0,0,167922,167922,105569,167229,34763,0,35481,307562,343043,1627283
2026-04-06,2026,4,6,port1160,Santos,Brazil,BRA,5,7,0,1,3,13,16,43049,36003,0,0,61764,79052,140817,101597,263930,0,0,32531,365528,398059,1627284
2026-04-07,2026,4,7,port1160,Santos,Brazil,BRA,9,6,2,0,0,17,17,72952,75409,1610,0,0,149972,149972,53916,195711,14572,0,0,264200,264200,1627285
2026-04-08,2026,4,8,port1160,Santos,Brazil,BRA,4,4,0,1,4,9,13,21925,37578,0,0,7059,59503,66563,79123,174692,0,3483,71530,257299,328830,1627286
2026-04-09,2026,4,9,port1160,Santos,Brazil,BRA,8,5,1,1,1,15,16,16830,17000,0,0,40295,33831,74126,30134,242388,11857,1021,0,285402,285402,1627287
2026-04-10,2026,4,10,port1160,Santos,Brazil,BRA,5,5,0,0,3,10,13,105186,6559,0,0,24841,111746,136588,6475,209340,0,0,0,215816,215816,1627288
2026-04-11,2026,4,11,port1160,Santos,Brazil,BRA,2,4,1,0,4,7,11,37701,30184,0,0,2851,67886,70737,19238,160903,20428,0,44117,200570,244687,1627289
2026-04-12,2026,4,12,port1160,Santos,Brazil,BRA,7,8,1,1,1,17,18,157852,15020,111,0,0,172984,172984,22320,321800,0,7512,404,351633,352037,1627290
2026-04-13,2026,4,13,port1160,Santos,Brazil,BRA,8,4,0,0,4,12,16,96793,0,0,0,43584,96793,140378,240173,220677,0,0,6358,460850,467209,1627291
2026-04-14,2026,4,14,port1160,Santos,Brazil,BRA,6,6,1,1,2,14,16,42827,25105,0,0,27826,67932,95759,69457,233986,800,0,34407,304245,338652,1627292
2026-04-15,2026,4,15,port1160,Santos,Brazil,BRA,8,7,2,0,2,17,19,64433,40188,5507,0,20679,110129,130809,210111,336113,24431,0,0,570657,570657,1627293
2026-04-16,2026,4,16,port1160,Santos,Brazil,BRA,5,4,0,0,3,9,12,77971,9762,0,0,40240,87734,127974,55350,188057,0,0,0,243407,243407,1627294
2026-04-17,2026,4,17,port1160,Santos,Brazil,BRA,7,6,2,1,2,16,18,43605,26304,0,0,2788,69909,72698,59047,211077,47410,0,29304,317536,346840,1627295
2026-04-18,2026,4,18,port1160,Santos,Brazil,BRA,7,5,0,1,3,13,16,126113,28448,0,0,57098,154561,211660,9752,278231,0,1537,54410,289520,343930,1627296
2026-04-19,2026,4,19,port1160,Santos,Brazil,BRA,7,5,0,0,3,12,15,39877,59616,0,0,76631,99494,176125,134554,142227,0,0,13585,276782,290367,1627297
2026-04-20,2026,4,20,port1160,Santos,Brazil,BRA,5,7,2,0,2,14,16,0,0,1610,0,16203,1610,17813,65176,297246,24162,0,17502,386585,404087,1627298
2026-04-21,2026,4,21,port1160,Santos,Brazil,BRA,7,4,1,1,1,13,14,80672,32047,14257,0,7597,126976,134574,116196,122015,0,2048,0,240260,240260,1627299
2026-04-22,2026,4,22,port1160,Santos,Brazil,BRA,6,6,2,1,5,15,20,14184,20125,23362,0,28330,57672,86003,43061,281227,144,0,117712,324433,442145,1627300
2026-04-23,2026,4,23,port1160,Santos,Brazil,BRA,8,5,1,0,1,14,15,31786,23537,0,0,6546,55324,61870,166666,119731,7148,0,0,293547,293547,1627301
2026-04-24,2026,4,24,port1160,Santos,Brazil,BRA,6,8,1,1,4,16,20,39097,48978,0,0,11064,88076,99140,59938,369193,27940,3526,32842,460598,493440,1627302
2026-04-25,2026,4,25,port1160,Santos,Brazil,BRA,8,6,1,0,2,15,17,85757,0,0,0,48104,85757,133861,60708,264011,39236,0,0,363956,363956,1627303
2026-04-26,2026,4,26,port1160,Santos,Brazil,BRA,7,3,0,1,6,11,17,119039,0,0,0,22704,119039,141744,112106,214204,0,4119,38368,330430,368798,1627304
2026-04-27,2026,4,27,port1160,Santos,Brazil,BRA,5,5,1,0,2,11,13,43477,40208,0,0,665,83686,84352,26048,239108,3291,0,0,268448,268448,1627305
2026-04-28,2026,4,28,port1160,Santos,Brazil,BRA,9,3,1,1,3,14,17,78434,0,1610,0,20435,80044,100480,129411,153156,9569,2322,56547,294459,351006,1627306
2026-04-29,2026,4,29,port1160,Santos,Brazil,BRA,6,2,3,2,0,13,13,15815,0,8199,62,0,24076,24076,61869,28748,34467,4105,0,129190,129190,1627307
2026-04-30,2026,4,30,port1160,Santos,Brazil,BRA,6,3,1,0,4,10,14,83409,0,1610,0,11587,85019,96607,65748,196748,9569,0,12387,272065,284452,1627308
2026-04-01,2026,4,1,port57,Antwerp,Belgium,BEL,20,2,13,4,34,39,73,140582,23730,9296,3604,168261,177214,345475,497603,0,13313,4553,80204,515470,595674,1887268
2026-04-02,2026,4,2,port57,Antwerp,Belgium,BEL,14,4,12,3,35,33,68,143834,122107,3443,0,81618,269385,351004,126324,3713,13411,1752,81239,145202,226441,1887269
2026-04-03,2026,4,3,port57,Antwerp,Belgium,BEL,15,2,8,2,29,27,56,592920,33840,4059,0,123491,630820,754311,195965,0,5186,1924,110552,203076,313629,1887270
2026-04-04,2026,4,4,port57,Antwerp,Belgium,BEL,12,2,9,1,37,24,61,124587,39988,3717,4025,138086,172318,310404,289003,0,11034,0,106558,300037,406596,1887271
2026-04-05,2026,4,5,port57,Antwerp,Belgium,BEL,13,0,2,1,29,16,45,51141,0,1180,0,90037,52321,142358,545013,0,620,2643,44309,548277,592586,1887272
2026-04-06,2026,4,6,port57,Antwerp,Belgium,BEL,10,3,5,3,24,21,45,176273,66849,3130,1971,17004,248224,265228,328524,7389,2101,7032,71945,345048,416994,1887273
2026-04-07,2026,4,7,port57,Antwerp,Belgium,BEL,13,0,8,2,22,23,45,213116,0,7054,1213,17720,221384,239104,97943,0,3138,1761,18876,102843,121719,1887274
2026-04-08,2026,4,8,port57,Antwerp,Belgium,BEL,15,3,10,1,34,29,63,232604,24669,4550,0,81372,261825,343198,217521,6698,5735,0,128349,229956,358305,1887275
2026-04-09,2026,4,9,port57,Antwerp,Belgium,BEL,11,2,9,2,39,24,63,175009,18954,3388,0,78069,197351,275421,59622,0,8809,1761,123757,70193,193950,1887276
2026-04-10,2026,4,10,port57,Antwerp,Belgium,BEL,0,0,3,1,23,4,27,0,0,1770,371,22229,2141,24370,0,0,930,1761,16673,2691,19365,1887277
2026-04-11,2026,4,11,port57,Antwerp,Belgium,BEL,2,4,5,2,27,13,40,16229,8132,1988,2763,44206,29113,73320,24561,72177,6036,3183,128188,105959,234147,1887278
2026-04-12,2026,4,12,port57,Antwerp,Belgium,BEL,6,2,11,1,31,20,51,41604,0,11017,3594,180175,56216,236392,104919,0,6630,0,77552,111549,189101,1887279
2026-04-13,2026,4,13,port57,Antwerp,Belgium,BEL,9,1,9,1,38,20,58,219138,0,4825,1818,125358,225782,351140,106982,31703,5599,0,73716,144286,218002,1887280
2026-04-14,2026,4,14,port57,Antwerp,Belgium,BEL,9,1,8,1,33,19,52,50028,32406,8723,0,132860,91158,224018,196384,0,7277,2968,81991,206630,288622,1887281
2026-04-15,2026,4,15,port57,Antwerp,Belgium,BEL,14,1,10,3,35,28,63,226869,0,3868,4827,56808,235565,292374,186464,22753,7263,6037,78820,222519,301339,1887282
2026-04-16,2026,4,16,port57,Antwerp,Belgium,BEL,12,1,10,3,35,26,61,349699,6813,6231,1738,96776,364482,461258,175062,0,6880,0,127438,181943,309381,1887283
2026-04-17,2026,4,17,port57,Antwerp,Belgium,BEL,12,0,9,2,32,23,55,37518,0,3192,0,102761,40710,143472,180677,0,22885,5687,65680,209250,274930,1887284
2026-04-18,2026,4,18,port57,Antwerp,Belgium,BEL,12,1,6,0,39,19,58,360758,0,3764,0,96437,364522,460960,197518,0,6155,0,153602,203674,357277,1887285
2026-04-19,2026,4,19,port57,Antwerp,Belgium,BEL,14,1,6,2,32,23,55,299905,0,6034,371,100749,306310,407059,252802,34260,3882,1761,88162,292707,380869,1887286
2026-04-20,2026,4,20,port57,Antwerp,Belgium,BEL,18,0,5,2,29,25,54,193151,0,2502,5291,83940,200945,284885,368190,0,3963,1167,31528,373320,404849,1887287
2026-04-21,2026,4,21,port57,Antwerp,Belgium,BEL,13,1,14,5,32,33,65,258580,0,2516,2723,89060,263820,352880,118411,0,32925,5326,175655,156662,332318,1887288
2026-04-22,2026,4,22,port57,Antwerp,Belgium,BEL,14,1,9,3,29,27,56,256787,22212,4978,1223,84710,285202,369913,426221,0,4753,1078,176366,432053,608420,1887289
2026-04-23,2026,4,23,port57,Antwerp,Belgium,BEL,12,1,11,2,30,26,56,294387,66733,6271,4518,72714,371911,444625,186266,0,12268,0,70163,198534,268697,1887290
2026-04-24,2026,4,24,port57,Antwerp,Belgium,BEL,12,1,10,4,38,27,65,438269,12514,5946,5315,154004,462046,616050,231230,6698,7789,4025,42499,249743,292243,1887291
2026-04-25,2026,4,25,port57,Antwerp,Belgium,BEL,13,3,4,2,40,22,62,347215,23497,4239,0,92200,374952,467153,202565,0,1170,6287,111502,210023,321525,1887292
2026-04-26,2026,4,26,port57,Antwerp,Belgium,BEL,18,1,5,1,28,25,53,55934,0,8383,602,47113,64920,112034,682876,19729,8750,968,59453,712324,771777,1887293
2026-04-27,2026,4,27,port57,Antwerp,Belgium,BEL,15,4,16,4,31,39,70,329530,87755,9664,1029,67364,427979,495343,224116,0,9252,3896,59113,237264,296378,1887294
2026-04-28,2026,4,28,port57,Antwerp,Belgium,BEL,9,1,10,3,39,23,62,37116,33307,4444,5670,155733,80538,236271,120651,0,7497,1078,101598,129227,230826,1887295
2026-04-29,2026,4,29,port57,Antwerp,Belgium,BEL,14,2,7,4,36,27,63,149399,90695,1729,0,143448,241824,385273,499875,0,17264,7922,114325,525062,639387,1887296
2026-04-30,2026,4,30,port57,Antwerp,Belgium,BEL,10,2,10,1,36,23,59,367573,44986,3542,0,117890,416102,533992,59765,0,7724,0,102994,67489,170484,1887297
2026-04-26,2026,4,26,port664,Los Angeles-Long Beach,United States,USA,6,1,0,1,4,8,12,550366,0,0,0,69596,550366,619962,23498,2206,0,0,0,25704,25704,2300026
2026-04-27,2026,4,27,port664,Los Angeles-Long Beach,United States,USA,5,1,0,2,4,8,12,160030,0,0,6128,59837,166158,225995,0,13370,0,0,80867,13370,94237,2300405
2026-04-28,2026,4,28,port664,Los Angeles-Long Beach,United States,USA,5,3,0,0,3,8,11,345745,4649,0,0,243321,350395,593716,0,17826,0,0,0,17826,17826,2300406
2026-04-29,2026,4,29,port664,Los Angeles-Long Beach,United States,USA,8,2,0,0,2,10,12,432700,476,0,0,37739,433176,470916,443407,2764,0,0,2018,446171,448190,2300408
2026-04-30,2026,4,30,port664,Los Angeles-Long Beach,United States,USA,10,1,0,1,2,12,14,789606,23301,0,2531,54257,815439,869696,139681,0,0,0,0,139681,139681,2300409
2026-04-01,2026,4,1,port664,Los Angeles-Long Beach,United States,USA,11,1,1,2,6,15,21,888952,27391,0,1515,341841,917859,1259701,180781,0,538,33,76570,181353,257924,2300819
2026-04-02,2026,4,2,port664,Los Angeles-Long Beach,United States,USA,3,0,2,0,2,5,7,24526,0,2086,0,144402,26612,171015,139681,0,1511,0,0,141193,141193,2300820
2026-04-03,2026,4,3,port664,Los Angeles-Long Beach,United States,USA,6,1,0,1,3,8,11,290337,4649,0,0,236830,294986,531817,309439,17826,0,0,7364,327266,334630,2300821
2026-04-04,2026,4,4,port664,Los Angeles-Long Beach,United States,USA,3,1,0,1,3,5,8,265531,7265,0,0,92857,272797,365654,0,0,0,0,0,0,0,2300822
2026-04-05,2026,4,5,port664,Los Angeles-Long Beach,United States,USA,3,1,0,1,2,5,7,118702,0,0,0,38506,118702,157209,55821,53678,0,511,0,110011,110011,2300823
2026-04-06,2026,4,6,port664,Los Angeles-Long Beach,United States,USA,3,2,0,2,1,7,8,111754,0,0,8633,16742,120388,137130,0,35247,0,0,0,35247,35247,2300824
2026-04-07,2026,4,7,port664,Los Angeles-Long Beach,United States,USA,6,0,0,2,4,8,12,275762,0,0,1959,1047,277722,278769,38191,0,0,4031,1045,42223,43268,2300825
2026-04-08,2026,4,8,port664,Los Angeles-Long Beach,United States,USA,9,1,0,0,3,10,13,872659,0,0,0,77414,872659,950074,0,75421,0,0,39529,75421,114950,2300826
2026-04-09,2026,4,9,port664,Los Angeles-Long Beach,United States,USA,9,1,2,1,5,13,18,817832,0,230,0,294074,818062,1112137,23498,2977,422,0,3990,26898,30888,2300827
2026-04-10,2026,4,10,port664,Los Angeles-Long Beach,United States,USA,4,2,2,0,1,8,9,64214,10315,4316,0,13457,78846,92304,318141,0,12289,0,2781,330431,333213,2300828
2026-04-11,2026,4,11,port664,Los Angeles-Long Beach,United States,USA,1,1,1,1,1,4,5,0,0,1642,5495,58140,7138,65279,184928,486,1722,0,7364,187137,194501,2300829
2026-04-12,2026,4,12,port664,Los Angeles-Long Beach,United States,USA,4,1,0,0,2,5,7,193899,0,0,0,36824,193899,230723,0,36936,0,0,0,36936,36936,2300830
2026-04-13,2026,4,13,port664,Los Angeles-Long Beach,United States,USA,5,4,1,2,4,12,16,166863,0,3872,1931,147797,172667,320464,0,93311,0,0,2781,93311,96093,2300831
2026-04-14,2026,4,14,port664,Los Angeles-Long Beach,United States,USA,4,3,0,2,4,9,13,160248,8775,0,1996,227664,171020,398685,19338,61738,0,0,40550,81077,121627,2300832
2026-04-15,2026,4,15,port664,Los Angeles-Long Beach,United States,USA,9,1,0,1,3,11,14,510885,0,0,0,137357,510885,648243,442254,1020,0,0,0,443274,443274,2300833
2026-04-16,2026,4,16,port664,Los Angeles-Long Beach,United States,USA,8,1,0,1,2,10,12,491954,0,0,4425,0,496380,496380,176279,77348,0,0,111630,253627,365258,2300834
2026-04-17,2026,4,17,port664,Los Angeles-Long Beach,United States,USA,3,3,0,1,3,7,10,105406,2831,0,0,78813,108237,187051,139188,10073,0,0,0,149261,149261,2300835
2026-04-18,2026,4,18,port664,Los Angeles-Long Beach,United States,USA,4,3,1,0,3,8,11,291134,3107,1642,0,0,295884,295884,0,40862,1722,0,75499,42584,118084,2300836
2026-04-19,2026,4,19,port664,Los Angeles-Long Beach,United States,USA,7,1,0,0,2,8,10,362141,0,0,0,102298,362141,464440,32421,1696,0,0,0,34118,34118,2300837
2026-04-20,2026,4,20,port664,Los Angeles-Long Beach,United States,USA,3,2,0,0,3,5,8,187083,4649,0,0,64529,191732,256262,23498,70936,0,0,4125,94435,98560,2300838
2026-04-21,2026,4,21,port664,Los Angeles-Long Beach,United States,USA,2,4,2,1,1,9,10,150174,7890,1642,0,58140,159708,217849,0,1564,2543,7166,7364,11274,18638,2300839
2026-04-22,2026,4,22,port664,Los Angeles-Long Beach,United States,USA,8,0,0,2,3,10,13,560340,0,0,4807,156239,565147,721387,155727,0,0,0,14728,155727,170455,2300840
2026-04-23,2026,4,23,port664,Los Angeles-Long Beach,United States,USA,5,1,0,1,2,7,9,480366,0,0,0,199283,480366,679650,0,77152,0,437,7364,77590,84954,2300841
2026-04-24,2026,4,24,port664,Los Angeles-Long Beach,United States,USA,5,0,0,0,3,5,8,448481,0,0,0,57265,448481,505747,46996,0,0,0,4646,46996,51643,2300842
2026-04-25,2026,4,25,port664,Los Angeles-Long Beach,United States,USA,2,3,0,2,2,7,9,22781,6912,0,462,41280,30156,71436,43241,6421,0,0,0,49662,49662,2300843
2026-04-01,2026,4,1,port1201,Singapore,Singapore,SGP,45,3,4,1,72,53,125,552090,43000,12342,254,250646,607687,858334,757020,0,835,899,469699,758755,1228455,3465566
2026-04-02,2026,4,2,port1201,Singapore,Singapore,SGP,40,2,3,2,65,47,112,448096,41921,959,2332,376017,493310,869327,859393,2985,5808,886,235385,869074,1104460,3465567
2026-04-03,2026,4,3,port1201,Singapore,Singapore,SGP,39,5,4,6,90,54,144,780017,44212,3412,4143,598190,831785,1429976,813418,7238,6281,6585,679176,833523,1512699,3465568
2026-04-04,2026,4,4,port1201,Singapore,Singapore,SGP,43,1,5,3,61,52,113,919796,61525,4166,254,269537,985742,1255280,952677,0,1671,899,270536,955248,1225785,3465569
2026-04-05,2026,4,5,port1201,Singapore,Singapore,SGP,41,1,4,7,65,53,118,985012,30820,4547,622,462030,1021004,1483034,495734,0,2984,1481,352991,500200,853192,3465570
2026-04-06,2026,4,6,port1201,Singapore,Singapore,SGP,35,4,4,5,85,48,133,602630,57865,4294,183,383705,664973,1048679,566918,5086,3128,2943,384028,578077,962106,3465571
2026-04-07,2026,4,7,port1201,Singapore,Singapore,SGP,41,1,6,6,80,54,134,447423,27063,6250,1455,579090,482192,1061282,758401,0,3343,899,274605,762643,1037248,3465572
2026-04-08,2026,4,8,port1201,Singapore,Singapore,SGP,40,4,8,2,68,54,122,1004242,47479,3839,254,438076,1055815,1493891,675802,2985,7574,899,328454,687262,1015716,3465573
2026-04-09,2026,4,9,port1201,Singapore,Singapore,SGP,41,0,5,7,73,53,126,745027,0,7897,0,607120,752925,1360046,637697,0,3104,12360,221910,653163,875073,3465574
2026-04-10,2026,4,10,port1201,Singapore,Singapore,SGP,40,3,9,5,70,57,127,761336,57343,10521,1568,740608,830770,1571378,844953,0,2290,5617,404799,852860,1257659,3465575
2026-04-11,2026,4,11,port1201,Singapore,Singapore,SGP,35,2,4,3,82,44,126,611366,0,959,0,400597,612326,1012923,675529,1418,1992,6043,406838,684983,1091821,3465576
2026-04-12,2026,4,12,port1201,Singapore,Singapore,SGP,43,3,3,2,68,51,119,835082,2226,3157,1025,268775,841490,1110266,568370,18466,1671,429,340240,588937,929178,3465577
2026-04-13,2026,4,13,port1201,Singapore,Singapore,SGP,39,8,9,6,82,62,144,749972,116176,7319,563,553884,874031,1427915,510440,36910,5040,5287,429244,557679,986924,3465578
2026-04-14,2026,4,14,port1201,Singapore,Singapore,SGP,37,2,6,2,70,47,117,491213,29798,6190,1942,566053,529144,1095198,526346,0,4179,899,272849,531425,804274,3465579
2026-04-15,2026,4,15,port1201,Singapore,Singapore,SGP,41,3,4,1,67,49,116,493836,65572,2879,0,409067,562288,971356,873062,0,2507,1534,268640,877105,1145745,3465580
2026-04-16,2026,4,16,port1201,Singapore,Singapore,SGP,45,3,8,3,65,59,124,1054310,0,4500,0,306673,1058810,1365483,1068069,33363,6435,1814,424423,1109683,1534107,3465581
2026-04-17,2026,4,17,port1201,Singapore,Singapore,SGP,34,3,5,3,68,45,113,828063,13565,2083,437,299041,844150,1143192,533851,2985,2376,3834,358543,543047,901591,3465582
2026-04-18,2026,4,18,port1201,Singapore,Singapore,SGP,40,3,2,4,77,49,126,1038310,97944,2374,0,202703,1138629,1341332,747240,0,1457,2527,772496,751225,1523721,3465583
2026-04-19,2026,4,19,port1201,Singapore,Singapore,SGP,39,3,12,4,51,58,109,615056,43855,11450,254,148287,670616,818903,775622,53090,9080,3304,220740,841098,1061839,3465584
2026-04-20,2026,4,20,port1201,Singapore,Singapore,SGP,37,1,3,6,70,47,117,795654,13254,2374,610,399376,811894,1211270,755143,2985,1679,646,165804,760456,926260,3465585
2026-04-21,2026,4,21,port1201,Singapore,Singapore,SGP,40,4,4,4,70,52,122,936479,55235,4254,254,410423,996224,1406647,476809,5971,1671,899,341817,485352,827169,3465586
2026-04-22,2026,4,22,port1201,Singapore,Singapore,SGP,45,1,8,1,78,55,133,778731,0,2067,2646,320036,783446,1103483,1408868,10140,1781,0,389552,1420789,1810342,3465587
2026-04-23,2026,4,23,port1201,Singapore,Singapore,SGP,39,5,9,2,60,55,115,524923,87355,11389,0,316282,623667,939949,898625,10372,22493,5944,251467,937437,1188905,3465588
2026-04-24,2026,4,24,port1201,Singapore,Singapore,SGP,45,4,6,3,59,58,117,496580,47007,4798,183,375811,548570,924382,856609,7338,4179,4108,247465,872236,1119701,3465589
2026-04-25,2026,4,25,port1201,Singapore,Singapore,SGP,45,6,1,5,67,57,124,729938,91313,0,319,374937,821572,1196509,951428,8722,0,4685,299755,964835,1264590,3465590
2026-04-26,2026,4,26,port1201,Singapore,Singapore,SGP,39,2,7,6,73,54,127,491643,13254,9737,254,376166,514890,891056,1373259,8070,2486,2911,371400,1386728,1758129,3465591
2026-04-27,2026,4,27,port1201,Singapore,Singapore,SGP,33,3,6,5,80,47,127,573238,50154,3906,2181,429612,629480,1059093,681675,5439,2898,3241,346853,693255,1040109,3465592
2026-04-28,2026,4,28,port1201,Singapore,Singapore,SGP,37,1,9,3,70,50,120,565309,30820,5472,3556,739833,605159,1344992,552733,0,7577,899,380316,561210,941527,3465593
2026-04-29,2026,4,29,port1201,Singapore,Singapore,SGP,42,1,7,2,76,52,128,1310079,0,7009,254,205812,1317343,1523155,647765,0,2584,4719,326801,655068,981870,3465594
2026-04-30,2026,4,30,port1201,Singapore,Singapore,SGP,43,5,3,5,77,56,133,1298202,132178,6713,519,224187,1437613,1661800,582613,69358,3263,4888,355954,660123,1016077,3465595
2026-04-01,2026,4,1,port1065,Busan,Korea,KOR,35,2,5,2,7,44,51,111532,5423,5734,4650,16150,127341,143491,120081,1754,577,476,3193,122890,126083,3605115
2026-04-02,2026,4,2,port1065,Busan,Korea,KOR,35,1,10,2,10,48,58,209227,0,10599,0,28570,219826,248397,162023,0,4506,668,4770,167199,171969,3605116
2026-04-03,2026,4,3,port1065,Busan,Korea,KOR,30,3,8,1,6,42,48,125349,53032,6602,0,5407,184984,190392,159526,0,10562,3273,2067,173363,175430,3605117
2026-04-04,2026,4,4,port1065,Busan,Korea,KOR,32,1,12,0,5,45,50,125596,5303,10918,0,9957,141818,151775,127951,3675,14648,0,2372,146275,148648,3605118
2026-04-05,2026,4,5,port1065,Busan,Korea,KOR,31,1,13,1,10,46,56,198192,9726,17635,168,15023,225722,240745,125241,0,3030,362,7248,128635,135883,3605119
2026-04-06,2026,4,6,port1065,Busan,Korea,KOR,28,0,9,1,8,38,46,221085,0,7337,168,12548,228591,241140,154249,0,3536,362,11196,158148,169345,3605120
2026-04-07,2026,4,7,port1065,Busan,Korea,KOR,36,1,8,0,7,45,52,85853,0,9499,0,10087,95352,105440,195662,1060,912,0,5521,197635,203156,3605121
2026-04-08,2026,4,8,port1065,Busan,Korea,KOR,31,3,11,1,5,46,51,137402,9807,11175,0,16119,158385,174505,154367,1754,4334,1688,2310,162145,164456,3605122
2026-04-09,2026,4,9,port1065,Busan,Korea,KOR,25,1,7,1,5,34,39,168266,13584,2673,0,28460,184524,212985,120256,0,3385,174,1078,123815,124894,3605123
2026-04-10,2026,4,10,port1065,Busan,Korea,KOR,38,2,12,2,6,54,60,140292,5303,14208,146,13028,159951,172979,232057,3675,9351,708,2804,245792,248597,3605124
2026-04-11,2026,4,11,port1065,Busan,Korea,KOR,36,0,8,0,7,44,51,225310,0,7148,0,19427,232458,251886,115946,0,2281,0,1833,118228,120061,3605125
2026-04-12,2026,4,12,port1065,Busan,Korea,KOR,34,3,7,0,7,44,51,164427,10180,11375,0,8128,185983,194111,176978,6366,4601,0,9720,187946,197666,3605126
2026-04-13,2026,4,13,port1065,Busan,Korea,KOR,27,1,9,3,13,40,53,109464,4877,5966,336,21368,120645,142013,316048,2691,4354,725,8197,323818,332015,3605127
2026-04-14,2026,4,14,port1065,Busan,Korea,KOR,32,3,5,0,5,40,45,148847,7667,9010,0,7962,165526,173488,183903,6877,1486,0,3544,192267,195811,3605128
2026-04-15,2026,4,15,port1065,Busan,Korea,KOR,39,2,10,1,6,52,58,120698,18713,9774,146,7828,149332,157161,280309,2691,2392,708,2376,286102,288478,3605129
2026-04-16,2026,4,16,port1065,Busan,Korea,KOR,34,3,12,1,8,50,58,203695,11837,9984,0,7632,225516,233148,208060,4382,7216,0,3461,219659,223120,3605130
2026-04-17,2026,4,17,port1065,Busan,Korea,KOR,29,2,15,1,5,47,52,346311,6119,8431,0,7167,360861,368029,183745,3675,11937,2422,2192,201780,203972,3605131
2026-04-18,2026,4,18,port1065,Busan,Korea,KOR,35,2,9,0,7,46,53,221715,5684,7171,0,8599,234570,243169,213320,5430,3409,0,13332,222161,235493,3605132
2026-04-19,2026,4,19,port1065,Busan,Korea,KOR,32,0,12,1,9,45,54,150309,0,14746,168,22529,165224,187754,87481,0,3194,362,4339,91038,95377,3605133
2026-04-20,2026,4,20,port1065,Busan,Korea,KOR,33,0,13,2,13,48,61,260872,0,16531,314,33811,277718,311529,192342,0,5719,1071,6264,199132,205397,3605134
2026-04-21,2026,4,21,port1065,Busan,Korea,KOR,29,1,10,1,5,41,46,195469,0,21952,0,13256,217421,230677,231675,0,3297,2724,3479,237696,241175,3605135
2026-04-22,2026,4,22,port1065,Busan,Korea,KOR,28,4,9,2,6,43,49,198588,28874,5375,1203,5833,234042,239875,137301,662,554,2222,2376,140741,143118,3605136
2026-04-23,2026,4,23,port1065,Busan,Korea,KOR,35,2,13,2,5,52,57,136338,10277,13713,146,9639,160476,170115,188693,3675,6188,708,2438,199265,201704,3605137
2026-04-24,2026,4,24,port1065,Busan,Korea,KOR,36,2,12,1,9,51,60,286325,4877,14512,146,12632,305862,318494,195697,15347,3825,708,5916,215579,221496,3605138
2026-04-25,2026,4,25,port1065,Busan,Korea,KOR,38,1,11,2,11,52,63,139484,0,11057,0,23569,150542,174112,262965,31265,2884,679,3638,297795,301433,3605139
2026-04-26,2026,4,26,port1065,Busan,Korea,KOR,38,2,9,1,6,50,56,290841,15065,15216,168,19957,321291,341249,233485,1754,1587,362,3019,237190,240210,3605140
2026-04-27,2026,4,27,port1065,Busan,Korea,KOR,26,0,12,0,12,38,50,154647,0,16059,0,19790,170707,190497,193105,0,4824,0,5396,197930,203326,3605141
2026-04-28,2026,4,28,port1065,Busan,Korea,KOR,28,2,13,0,6,43,49,84977,3728,13480,0,11664,102187,113851,172287,2555,840,0,3878,175683,179562,3605142
2026-04-29,2026,4,29,port1065,Busan,Korea,KOR,35,3,10,1,8,49,57,102357,41477,9626,0,16573,153461,170034,213984,6366,3469,2049,4261,225869,230130,3605143
2026-04-30,2026,4,30,port1065,Busan,Korea,KOR,28,4,8,2,6,42,48,225159,5084,6719,146,12080,237110,249191,70049,39922,1158,708,5504,111838,117343,3605144
2026-05-01,2026,5,1,port1188,Shanghai,China,CHN,35,22,10,7,21,74,95,219547,242747,4587,0,70046,466882,536928,276689,110769,14971,16099,16417,418530,434947,189547
2026-05-02,2026,5,2,port1188,Shanghai,China,CHN,39,27,6,6,15,78,93,326170,244151,12486,8708,104894,591517,696412,390200,347382,5960,6351,6430,749895,756325,189549
2026-05-03,2026,5,3,port1188,Shanghai,China,CHN,36,32,9,6,16,83,99,274612,240815,8743,431,34291,524602,558894,429555,380917,11179,4268,106759,825921,932680,189553
2026-05-04,2026,5,4,port1188,Shanghai,China,CHN,42,39,10,6,20,97,117,336723,201245,11758,0,90142,549727,639869,471548,285872,14174,18084,66149,789678,855828,189557
2026-05-05,2026,5,5,port1188,Shanghai,China,CHN,30,26,4,4,14,64,78,135921,284754,5569,3317,35229,429562,464791,331665,98501,9317,4429,34928,443913,478841,189561
2026-05-06,2026,5,6,port1188,Shanghai,China,CHN,33,21,15,5,12,74,86,488552,101509,12345,1432,75000,603839,678839,319851,40045,12087,9113,25977,381099,407077,189565
2026-05-07,2026,5,7,port1188,Shanghai,China,CHN,35,30,4,7,8,76,84,317321,291340,10402,601,13609,619666,633276,228967,273374,3945,5365,11534,511653,523187,189569
2026-05-08,2026,5,8,port1188,Shanghai,China,CHN,38,20,13,7,22,78,100,453638,240658,12333,818,33688,707447,741136,339775,30048,34512,19075,140211,423412,563623,189573
2026-05-09,2026,5,9,port1188,Shanghai,China,CHN,35,30,10,4,12,79,91,150909,314338,18959,409,11374,484617,495991,312320,152736,12094,19558,37437,496709,534147,189577
2026-05-10,2026,5,10,port1188,Shanghai,China,CHN,34,21,13,8,16,76,92,214218,181008,13150,4930,21938,413308,435246,501655,171301,27367,10380,38954,710704,749658,189581
2026-05-11,2026,5,11,port1188,Shanghai,China,CHN,34,24,7,9,25,74,99,154508,46766,12278,2205,46675,215758,262434,327131,325027,24416,14130,65459,690705,756165,189589
2026-05-12,2026,5,12,port1188,Shanghai,China,CHN,21,22,10,3,11,56,67,245291,215342,6641,1440,68868,468715,537584,278911,72893,10151,1459,8519,363416,371936,189593
2026-05-13,2026,5,13,port1188,Shanghai,China,CHN,37,34,15,5,12,91,103,181998,280865,24761,1946,22110,489571,511682,365222,335955,12021,5781,66010,718980,784990,189597
2026-05-14,2026,5,14,port1188,Shanghai,China,CHN,37,23,9,8,19,77,96,498490,291178,14961,2640,49053,807270,856324,491015,60753,6944,13751,37668,572464,610133,189601
2026-05-15,2026,5,15,port1188,Shanghai,China,CHN,35,16,18,5,19,74,93,291493,107225,16779,1980,41928,417478,459407,428575,43797,37059,2918,55437,512350,567788,189605
2026-05-16,2026,5,16,port1188,Shanghai,China,CHN,41,21,9,4,15,75,90,207546,145441,6591,0,114771,359580,474351,422931,115319,10462,18959,19499,567671,587171,189609
2026-05-17,2026,5,17,port1188,Shanghai,China,CHN,40,22,9,6,11,77,88,385871,175892,12519,409,28212,574691,602904,391712,101023,6755,16618,14162,516110,530273,189613
2026-05-18,2026,5,18,port1188,Shanghai,China,CHN,32,22,15,9,19,78,97,252648,100470,10604,1524,78955,365247,444202,310758,145630,18297,24217,18946,498904,517850,189617
2026-05-19,2026,5,19,port1188,Shanghai,China,CHN,39,26,9,6,13,80,93,464029,264227,17661,3785,28246,749704,777950,486823,59808,17445,18642,40549,582719,623269,189621
2026-05-20,2026,5,20,port1188,Shanghai,China,CHN,33,17,12,6,16,68,84,390134,237842,22753,409,69316,651140,720456,409623,113118,25287,9415,63860,557444,621305,189624
2026-05-21,2026,5,21,port1188,Shanghai,China,CHN,33,30,20,7,17,90,107,247582,204697,18856,2668,40932,473804,514737,439954,96256,35129,17003,109015,588343,697359,189629
2026-05-22,2026,5,22,port1188,Shanghai,China,CHN,36,26,6,5,11,73,84,357626,186594,3205,818,20813,548245,569059,392789,175340,7647,10327,18439,586104,604543,189633
2026-05-23,2026,5,23,port1188,Shanghai,China,CHN,21,22,5,4,7,52,59,269140,184989,4900,818,12289,459848,472137,314046,159716,9301,6458,3607,489523,493131,189637
2026-05-24,2026,5,24,port1188,Shanghai,China,CHN,29,15,9,6,14,59,73,250661,61562,12831,1552,108852,326608,435461,226840,62184,15230,8180,9690,312436,322126,189641
2026-05-25,2026,5,25,port1188,Shanghai,China,CHN,8,2,3,3,2,16,18,21753,26545,1438,954,1108,50692,51800,50217,7425,4470,2490,697,64604,65301,189645
2026-05-26,2026,5,26,port1188,Shanghai,China,CHN,43,45,16,8,19,112,131,262789,297898,14422,1953,20554,577065,597619,477070,410064,16648,8529,80987,912312,993299,189649
2026-05-27,2026,5,27,port1188,Shanghai,China,CHN,47,29,13,4,23,93,116,271687,407170,10432,409,110798,689698,800497,513085,82420,27430,14519,125905,637455,763361,189653
2026-05-28,2026,5,28,port1188,Shanghai,China,CHN,25,17,10,5,11,57,68,289254,105119,17314,1498,57964,413186,471150,320348,147122,5323,6244,61890,479039,540930,189657
2026-05-29,2026,5,29,port1188,Shanghai,China,CHN,37,27,11,7,14,82,96,184402,228529,14863,3003,21889,430798,452687,362082,176687,16592,9155,17482,564518,582000,189661
2026-05-30,2026,5,30,port1188,Shanghai,China,CHN,31,23,13,4,17,71,88,223240,157395,5578,409,24827,386623,411451,367350,161593,16146,9839,7134,554929,562064,189664
2026-05-31,2026,5,31,port1188,Shanghai,China,CHN,34,26,10,9,12,79,91,814556,165861,23681,3441,18255,1007541,1025796,394696,11462,9221,18303,48843,433682,482526,189666
2026-05-01,2026,5,1,port744,Jebel Ali,United Arab Emirates,ARE,1,1,1,0,1,3,4,0,23031,1119,0,9896,24150,34047,40240,0,1152,0,4217,41392,45610,197798
2026-05-02,2026,5,2,port744,Jebel Ali,United Arab Emirates,ARE,1,0,0,0,1,1,2,0,0,0,0,41121,0,41121,17944,0,0,0,0,17944,17944,197799
2026-05-03,2026,5,3,port744,Jebel Ali,United Arab Emirates,ARE,2,1,1,0,1,4,5,0,26315,0,0,0,26315,26315,37333,0,3412,0,29851,40745,70597,197800
2026-05-04,2026,5,4,port744,Jebel Ali,United Arab Emirates,ARE,1,1,1,0,1,3,4,0,21666,0,0,61185,21666,82852,2677,2142,2811,0,0,7631,7631,197801
2026-05-05,2026,5,5,port744,Jebel Ali,United Arab Emirates,ARE,2,0,1,0,0,3,3,165154,0,0,0,0,165154,165154,59910,0,1655,0,0,61566,61566,197802
2026-05-06,2026,5,6,port744,Jebel Ali,United Arab Emirates,ARE,0,0,0,0,0,0,0,0,0,0,0,0,0,0,0,0,0,0,0,0,0,197803
2026-05-07,2026,5,7,port744,Jebel Ali,United Arab Emirates,ARE,1,0,0,0,0,1,1,0,0,0,0,0,0,0,0,0,0,0,0,0,0,197804
2026-05-08,2026,5,8,port744,Jebel Ali,United Arab Emirates,ARE,0,0,1,0,0,1,1,0,0,0,0,0,0,0,0,0,3175,0,0,3175,3175,197805
2026-05-09,2026,5,9,port744,Jebel Ali,United Arab Emirates,ARE,0,1,3,0,0,4,4,0,0,1119,0,0,1119,1119,0,0,8949,0,0,8949,8949,197806
2026-05-10,2026,5,10,port744,Jebel Ali,United Arab Emirates,ARE,0,1,0,0,0,1,1,0,21666,0,0,0,21666,21666,0,2142,0,0,0,2142,2142,197807
2026-05-11,2026,5,11,port744,Jebel Ali,United Arab Emirates,ARE,0,1,1,0,1,2,3,0,21666,1119,0,448,22786,23235,0,2142,1152,0,0,3294,3294,197808
2026-05-12,2026,5,12,port744,Jebel Ali,United Arab Emirates,ARE,0,0,0,0,0,0,0,0,0,0,0,0,0,0,0,0,0,0,0,0,0,197809
2026-05-13,2026,5,13,port744,Jebel Ali,United Arab Emirates,ARE,2,3,2,0,2,7,9,0,68656,0,0,3974,68656,72631,2933,2142,3638,0,39313,8714,48027,197810
2026-05-14,2026,5,14,port744,Jebel Ali,United Arab Emirates,ARE,0,0,1,0,0,1,1,0,0,0,0,0,0,0,0,0,1024,0,0,1024,1024,197811
2026-05-15,2026,5,15,port744,Jebel Ali,United Arab Emirates,ARE,0,0,0,0,0,0,0,0,0,0,0,0,0,0,0,0,0,0,0,0,0,197812
2026-05-16,2026,5,16,port744,Jebel Ali,United Arab Emirates,ARE,2,2,1,0,2,5,7,0,21666,0,0,37913,21666,59580,56910,30940,4877,0,2972,92727,95700,197813
2026-05-17,2026,5,17,port744,Jebel Ali,United Arab Emirates,ARE,1,0,1,0,0,2,2,0,0,1119,0,0,1119,1119,32219,0,1152,0,0,33371,33371,197814
2026-05-18,2026,5,18,port744,Jebel Ali,United Arab Emirates,ARE,0,0,1,0,2,1,3,0,0,0,0,2800,0,2800,0,0,1184,0,15615,1184,16800,197815
2026-05-19,2026,5,19,port744,Jebel Ali,United Arab Emirates,ARE,0,0,2,0,0,2,2,0,0,1119,0,0,1119,1119,0,0,1596,0,0,1596,1596,197816
2026-05-20,2026,5,20,port744,Jebel Ali,United Arab Emirates,ARE,0,0,0,0,0,0,0,0,0,0,0,0,0,0,0,0,0,0,0,0,0,197817
2026-05-21,2026,5,21,port744,Jebel Ali,United Arab Emirates,ARE,5,1,3,0,1,9,10,330308,0,1119,0,41344,331428,372772,101457,31983,9623,0,0,143064,143064,197818
2026-05-22,2026,5,22,port744,Jebel Ali,United Arab Emirates,ARE,2,1,1,0,0,4,4,0,21666,0,0,0,21666,21666,80178,2142,1160,0,0,83482,83482,197819
2026-05-23,2026,5,23,port744,Jebel Ali,United Arab Emirates,ARE,0,0,1,0,0,1,1,0,0,1119,0,0,1119,1119,0,0,1152,0,0,1152,1152,197820
2026-05-24,2026,5,24,port744,Jebel Ali,United Arab Emirates,ARE,0,0,0,0,0,0,0,0,0,0,0,0,0,0,0,0,0,0,0,0,0,197821
2026-05-25,2026,5,25,port744,Jebel Ali,United Arab Emirates,ARE,1,1,1,0,1,3,4,0,0,0,0,39313,0,39313,18478,30202,5171,0,0,53851,53851,197822
2026-05-26,2026,5,26,port744,Jebel Ali,United Arab Emirates,ARE,1,2,0,0,1,3,4,0,30674,0,0,24851,30674,55525,27973,26433,0,0,0,54407,54407,197823
2026-05-27,2026,5,27,port744,Jebel Ali,United Arab Emirates,ARE,0,1,1,0,1,2,3,0,0,1119,0,9896,1119,11016,0,0,1152,0,4217,1152,5369,197824
2026-05-28,2026,5,28,port744,Jebel Ali,United Arab Emirates,ARE,0,0,0,0,0,0,0,0,0,0,0,0,0,0,0,0,0,0,0,0,0,197825
2026-05-29,2026,5,29,port744,Jebel Ali,United Arab Emirates,ARE,1,0,1,0,0,2,2,0,0,0,0,0,0,0,7987,0,1998,0,0,9985,9985,197826
2026-05-30,2026,5,30,port744,Jebel Ali,United Arab Emirates,ARE,0,0,0,0,0,0,0,0,0,0,0,0,0,0,0,0,0,0,0,0,0,197827
2026-05-31,2026,5,31,port744,Jebel Ali,United Arab Emirates,ARE,0,0,1,0,1,1,2,0,0,1119,0,525,1119,1645,0,0,1152,0,0,1152,1152,197828
2026-05-01,2026,5,1,port1114,Rotterdam,The Netherlands,NLD,20,4,12,6,44,42,86,35892,235208,7506,371,351241,278979,630221,190940,9882,13623,3123,98099,217569,315668,377484
2026-05-02,2026,5,2,port1114,Rotterdam,The Netherlands,NLD,9,2,12,6,53,29,82,226190,40045,4615,936,628833,271788,900621,29347,0,20521,1837,148530,51705,200236,377486
2026-05-03,2026,5,3,port1114,Rotterdam,The Netherlands,NLD,17,1,18,6,32,42,74,231915,54857,23727,1273,210757,311773,522530,74093,0,13476,0,142815,87569,230385,377489
2026-05-04,2026,5,4,port1114,Rotterdam,The Netherlands,NLD,18,1,18,5,41,42,83,15051,32194,9173,3400,264928,59819,324748,108629,0,18777,3431,125190,130838,256029,377492
2026-05-05,2026,5,5,port1114,Rotterdam,The Netherlands,NLD,23,1,15,8,53,47,100,266469,2414,2241,0,777730,271125,1048855,53925,0,6391,11559,126492,71876,198368,377495
2026-05-06,2026,5,6,port1114,Rotterdam,The Netherlands,NLD,19,5,16,6,41,46,87,223092,220463,7203,0,476877,450758,927636,122232,40455,10006,7990,44069,180684,224754,377498
2026-05-07,2026,5,7,port1114,Rotterdam,The Netherlands,NLD,18,4,24,6,35,52,87,121661,121009,15926,0,218228,258597,476826,182131,35265,14810,9394,55827,241601,297428,377501
2026-05-08,2026,5,8,port1114,Rotterdam,The Netherlands,NLD,19,2,16,5,35,42,77,218563,114186,13183,0,400556,345933,746490,159502,0,14551,7798,40000,181853,221853,377504
2026-05-09,2026,5,9,port1114,Rotterdam,The Netherlands,NLD,19,3,11,10,59,43,102,167310,112428,4845,1417,295958,286001,581959,222632,3108,4820,3704,146624,234265,380890,377507
2026-05-10,2026,5,10,port1114,Rotterdam,The Netherlands,NLD,15,2,8,4,45,29,74,205599,167817,4994,0,351637,378410,730048,51755,0,4983,0,161434,56739,218173,377510
2026-05-11,2026,5,11,port1114,Rotterdam,The Netherlands,NLD,17,1,16,5,37,39,76,298989,65268,26004,2009,417031,392272,809304,86051,0,15176,9022,55228,110250,165478,377513
2026-05-12,2026,5,12,port1114,Rotterdam,The Netherlands,NLD,19,2,17,9,65,47,112,54967,57949,5946,0,403021,118863,521885,183703,244,9551,7694,106808,201193,308001,377516
2026-05-13,2026,5,13,port1114,Rotterdam,The Netherlands,NLD,18,2,9,4,43,33,76,253423,220718,2369,0,595735,476511,1072247,65437,0,7381,5763,112123,78582,190706,377519
2026-05-14,2026,5,14,port1114,Rotterdam,The Netherlands,NLD,21,2,16,7,42,46,88,147516,130350,7306,0,482222,285173,767396,193253,0,11865,1547,143995,206666,350662,377522
2026-05-15,2026,5,15,port1114,Rotterdam,The Netherlands,NLD,19,4,4,5,33,32,65,219576,102403,0,2932,220939,324912,545851,87496,49445,6108,2014,43634,145065,188699,377526
2026-05-16,2026,5,16,port1114,Rotterdam,The Netherlands,NLD,15,2,10,7,45,34,79,50543,64352,15992,374,203854,131262,335116,177804,0,3574,7666,41917,189045,230963,377529
2026-05-17,2026,5,17,port1114,Rotterdam,The Netherlands,NLD,21,3,13,5,55,42,97,155505,182443,8540,0,681863,346489,1028353,64807,0,5939,3186,173654,73933,247588,377532
2026-05-18,2026,5,18,port1114,Rotterdam,The Netherlands,NLD,22,4,24,6,50,56,106,384239,246834,12779,3212,633719,647065,1280784,202422,405,27142,2244,117637,232214,349852,377535
2026-05-19,2026,5,19,port1114,Rotterdam,The Netherlands,NLD,13,1,16,10,38,40,78,81602,31224,14811,0,455202,127638,582840,77760,0,4201,16292,149335,98254,247589,377538
2026-05-20,2026,5,20,port1114,Rotterdam,The Netherlands,NLD,20,2,14,5,58,41,99,35766,70227,4771,187,694032,110953,804985,101396,55726,13305,6124,240701,176553,417254,377541
2026-05-21,2026,5,21,port1114,Rotterdam,The Netherlands,NLD,21,2,13,6,46,42,88,262769,76684,8392,0,311911,347846,659757,209708,0,12395,11133,203023,233237,436261,377544
2026-05-22,2026,5,22,port1114,Rotterdam,The Netherlands,NLD,16,3,8,5,46,32,78,64634,90645,4000,0,193758,159280,353038,173898,0,1086,10189,106836,185175,292011,377547
2026-05-23,2026,5,23,port1114,Rotterdam,The Netherlands,NLD,21,2,13,6,45,42,87,232220,135345,9243,371,832420,377180,1209601,52622,0,12318,5608,119366,70548,189915,377550
2026-05-24,2026,5,24,port1114,Rotterdam,The Netherlands,NLD,16,0,5,5,40,26,66,219406,0,3549,187,474889,223143,698033,176586,0,2112,3130,64248,181829,246078,377553
2026-05-25,2026,5,25,port1114,Rotterdam,The Netherlands,NLD,17,2,10,4,39,33,72,256723,27479,12092,3705,462917,300001,762918,50162,32678,4033,2054,87573,88928,176502,377556
2026-05-26,2026,5,26,port1114,Rotterdam,The Netherlands,NLD,15,3,15,7,36,40,76,22925,115660,11810,187,234540,150583,385123,44048,9642,14126,7740,70834,75558,146393,377559
2026-05-27,2026,5,27,port1114,Rotterdam,The Netherlands,NLD,18,2,12,7,40,39,79,145606,52852,6282,0,606819,204741,811560,77295,0,8793,6247,68094,92337,160431,377587
2026-05-28,2026,5,28,port1114,Rotterdam,The Netherlands,NLD,21,3,21,7,47,52,99,164150,86628,21825,0,408653,272604,681257,142381,0,13121,10340,96892,165844,262736,377590
2026-05-29,2026,5,29,port1114,Rotterdam,The Netherlands,NLD,13,2,12,5,54,32,86,27471,124591,4426,0,859505,156490,1015995,155628,0,10105,8108,132686,173843,306529,377593
2026-05-30,2026,5,30,port1114,Rotterdam,The Netherlands,NLD,22,4,9,6,35,41,76,201038,143862,5262,1123,92797,351286,444084,85570,0,5348,8990,103242,99909,203152,377596
2026-05-31,2026,5,31,port1114,Rotterdam,The Netherlands,NLD,16,4,11,5,32,36,68,158547,225015,6891,952,352912,391406,744319,231059,0,5475,2453,97078,238988,336067,377599
2026-05-01,2026,5,1,port1160,Santos,Brazil,BRA,6,9,1,1,0,17,17,35866,0,0,0,0,35866,35866,27055,380626,233,4358,0,412273,412273,1627309
2026-05-02,2026,5,2,port1160,Santos,Brazil,BRA,6,2,1,0,4,9,13,167415,5433,0,0,67109,172849,239959,0,57752,13894,0,46567,71647,118214,1627310
2026-05-03,2026,5,3,port1160,Santos,Brazil,BRA,7,2,0,0,1,9,10,25681,0,0,0,8484,25681,34165,117452,109024,0,0,0,226476,226476,1627311
2026-05-04,2026,5,4,port1160,Santos,Brazil,BRA,7,5,1,0,3,13,16,109914,71247,1610,0,12258,182772,195030,55326,130800,9569,0,25477,195696,221173,1627312
2026-05-05,2026,5,5,port1160,Santos,Brazil,BRA,4,11,0,0,3,15,18,47576,37198,0,0,38339,84775,123114,45798,535547,0,0,8934,581345,590279,1627313
2026-05-06,2026,5,6,port1160,Santos,Brazil,BRA,10,7,1,1,1,19,20,104398,69630,0,0,0,174029,174029,89204,285662,23486,2162,77541,400515,478057,1627314
2026-05-07,2026,5,7,port1160,Santos,Brazil,BRA,4,4,0,1,1,9,10,13656,0,0,0,7059,13656,20716,51235,194636,0,916,6245,246789,253034,1627315
2026-05-08,2026,5,8,port1160,Santos,Brazil,BRA,5,9,1,2,6,17,23,7650,166674,0,512,57537,174837,232375,35177,368162,15892,0,45791,419232,465024,1627317
2026-05-09,2026,5,9,port1160,Santos,Brazil,BRA,7,6,0,0,2,13,15,71717,33616,0,0,10033,105334,115367,41919,269745,0,0,32298,311664,343963,1627319
2026-05-10,2026,5,10,port1160,Santos,Brazil,BRA,6,4,1,0,2,11,13,83924,0,1610,0,1921,85535,87456,73680,173970,9569,0,0,257220,257220,1627321
2026-05-11,2026,5,11,port1160,Santos,Brazil,BRA,5,7,1,0,3,13,16,21620,30316,0,0,36412,51936,88348,69768,186361,19653,0,38383,275783,314166,1627323
2026-05-12,2026,5,12,port1160,Santos,Brazil,BRA,1,6,0,0,2,7,9,0,0,0,0,16925,0,16925,0,266052,0,0,26641,266052,292693,1627325
2026-05-13,2026,5,13,port1160,Santos,Brazil,BRA,9,5,2,1,2,17,19,25526,0,1610,0,7059,27136,34196,179513,252435,9569,0,6245,441517,447763,1627327
2026-05-14,2026,5,14,port1160,Santos,Brazil,BRA,8,5,0,1,2,14,16,57015,0,0,0,0,57015,57015,74757,202758,0,5451,44397,282967,327364,1627329
2026-05-15,2026,5,15,port1160,Santos,Brazil,BRA,8,6,1,0,3,15,18,165014,10898,0,0,321,175912,176234,46008,232709,564,0,2106,279282,281388,1627331
2026-05-16,2026,5,16,port1160,Santos,Brazil,BRA,5,5,0,1,5,11,16,145474,74479,0,0,22260,219954,242214,24927,208301,0,1200,114223,234429,348652,1627333
2026-05-17,2026,5,17,port1160,Santos,Brazil,BRA,4,5,0,0,3,9,12,88143,26861,0,0,44560,115004,159565,41828,268349,0,0,23904,310178,334082,1627335
2026-05-18,2026,5,18,port1160,Santos,Brazil,BRA,6,9,1,1,4,17,21,19441,61764,0,392,52392,81598,133991,55645,386709,24431,2742,6245,469529,475774,1627337
2026-05-19,2026,5,19,port1160,Santos,Brazil,BRA,9,2,0,0,4,11,15,57813,6559,0,0,7017,64373,71391,102018,48651,0,0,38862,150669,189532,1627339
2026-05-20,2026,5,20,port1160,Santos,Brazil,BRA,8,1,0,1,3,10,13,53144,0,0,0,19030,53144,72174,152009,28606,0,6897,5560,187513,193073,1627341
2026-05-21,2026,5,21,port1160,Santos,Brazil,BRA,5,4,2,1,0,12,12,33618,0,0,0,0,33618,33618,26837,242199,9291,0,0,278328,278328,1627343
2026-05-22,2026,5,22,port1160,Santos,Brazil,BRA,7,2,2,0,1,11,12,63300,0,429,0,3662,63729,67392,89029,132177,20341,0,0,241548,241548,1627345
2026-05-23,2026,5,23,port1160,Santos,Brazil,BRA,3,5,0,1,2,9,11,43776,0,0,0,0,43776,43776,0,206644,0,0,58376,206644,265020,1627347
2026-05-24,2026,5,24,port1160,Santos,Brazil,BRA,7,8,1,0,3,16,19,35179,27681,0,0,36274,62860,99135,177242,323671,22876,0,35481,523790,559271,1627349
2026-05-25,2026,5,25,port1160,Santos,Brazil,BRA,5,2,0,1,4,8,12,22529,35460,0,0,19569,57989,77558,117987,71251,0,1024,46673,190263,236936,1627351
2026-05-26,2026,5,26,port1160,Santos,Brazil,BRA,4,5,0,0,1,9,10,75205,45463,0,0,57720,120668,178389,28480,164137,0,0,0,192618,192618,1627353
2026-05-27,2026,5,27,port1160,Santos,Brazil,BRA,10,12,1,0,3,23,26,57124,77807,0,0,3075,134931,138006,56065,523310,5465,0,0,584841,584841,1627355
2026-05-28,2026,5,28,port1160,Santos,Brazil,BRA,4,6,0,1,3,11,14,10810,6559,0,0,53087,17369,70457,66899,285961,0,0,39660,352860,392521,1627358
2026-05-29,2026,5,29,port1160,Santos,Brazil,BRA,12,6,1,0,2,19,21,76294,0,0,0,0,76294,76294,112890,259041,12493,0,6539,384425,390965,1627360
2026-05-30,2026,5,30,port1160,Santos,Brazil,BRA,7,11,0,1,6,19,25,161095,149840,0,0,85226,310935,396162,54232,355965,0,4924,8101,415122,423223,1627363
2026-05-31,2026,5,31,port1160,Santos,Brazil,BRA,7,1,0,1,0,9,9,155383,0,0,0,0,155383,155383,39312,30210,0,1016,0,70538,70538,1627366
2026-05-20,2026,5,20,port57,Antwerp,Belgium,BEL,15,4,13,1,35,33,68,892883,44175,16327,602,99729,953988,1053718,137456,0,24671,968,85976,163095,249072,1886052
2026-05-21,2026,5,21,port57,Antwerp,Belgium,BEL,11,2,10,2,32,25,57,126558,14856,2993,3808,109006,148217,257223,218486,7389,11303,3071,102126,240251,342377,1886454
2026-05-22,2026,5,22,port57,Antwerp,Belgium,BEL,12,0,7,2,29,21,50,25223,0,1912,0,110189,27136,137325,221809,0,5643,2464,131670,229917,361587,1886458
2026-05-23,2026,5,23,port57,Antwerp,Belgium,BEL,12,2,7,2,32,23,55,68345,28735,3597,602,132936,101281,234217,213415,13601,2884,4524,114135,234425,348560,1886462
2026-05-24,2026,5,24,port57,Antwerp,Belgium,BEL,8,1,9,0,34,18,52,72502,0,8556,0,92584,81058,173642,129531,0,4332,0,188646,133863,322509,1886466
2026-05-25,2026,5,25,port57,Antwerp,Belgium,BEL,12,2,6,1,31,21,52,534648,0,7404,657,65634,542711,608345,269316,17705,2032,0,32534,289053,321588,1886470
2026-05-26,2026,5,26,port57,Antwerp,Belgium,BEL,11,2,5,1,31,19,50,575121,55407,15275,0,113567,645804,759372,58835,0,1481,0,45567,60316,105884,1886474
2026-05-27,2026,5,27,port57,Antwerp,Belgium,BEL,12,1,14,1,23,28,51,189248,19842,8089,2343,111009,219524,330534,166158,0,14103,0,67210,180261,247472,1886478
2026-05-28,2026,5,28,port57,Antwerp,Belgium,BEL,14,3,4,3,42,24,66,359230,46280,2666,371,72424,408548,480973,146037,13004,1794,3499,244769,164336,409105,1886482
2026-05-29,2026,5,29,port57,Antwerp,Belgium,BEL,14,0,8,3,32,25,57,168083,0,5826,0,116314,173910,290224,352222,0,5699,0,98475,357921,456397,1886486
2026-05-30,2026,5,30,port57,Antwerp,Belgium,BEL,13,3,7,1,41,24,65,161337,59960,14576,0,28880,235875,264755,331090,0,5088,3885,139086,340064,479150,1886487
2026-05-31,2026,5,31,port57,Antwerp,Belgium,BEL,13,1,5,1,39,20,59,138156,36643,4784,2595,147924,182180,330105,293023,0,930,0,67551,293953,361504,1886488
2026-05-01,2026,5,1,port57,Antwerp,Belgium,BEL,16,0,2,4,37,22,59,396529,0,590,0,101985,397120,499105,549920,0,4668,6889,36270,561478,597748,1887298
2026-05-02,2026,5,2,port57,Antwerp,Belgium,BEL,10,2,8,3,38,23,61,93225,14856,3381,602,90780,112066,202846,375360,41951,7631,6590,69460,431533,500994,1887299
2026-05-03,2026,5,3,port57,Antwerp,Belgium,BEL,16,3,6,0,21,25,46,245757,32759,5765,0,72143,284282,356425,222109,42227,620,0,25917,264956,290874,1887300
2026-05-04,2026,5,4,port57,Antwerp,Belgium,BEL,15,2,9,4,34,30,64,258370,0,5772,1735,46016,265878,311894,243921,27133,3737,0,83806,274792,358599,1887301
2026-05-05,2026,5,5,port57,Antwerp,Belgium,BEL,12,2,11,2,34,27,61,185799,16382,22701,371,51516,225255,276771,142769,6698,10959,6422,38259,166849,205109,1887302
2026-05-06,2026,5,6,port57,Antwerp,Belgium,BEL,14,1,10,2,30,27,57,244453,0,8080,371,33701,252905,286607,116647,0,5108,4057,82679,125813,208492,1887303
2026-05-07,2026,5,7,port57,Antwerp,Belgium,BEL,15,0,12,3,34,30,64,308300,0,2411,3936,175771,314648,490419,358907,0,18049,2392,40660,379349,420009,1887304
2026-05-08,2026,5,8,port57,Antwerp,Belgium,BEL,10,0,6,2,41,18,59,184829,0,4599,0,41658,189429,231087,276409,0,3346,4025,75221,283781,359002,1887305
2026-05-09,2026,5,9,port57,Antwerp,Belgium,BEL,10,2,6,3,35,21,56,141143,14856,4803,371,79053,161175,240229,127414,7389,3700,3164,118370,141668,260039,1887306
2026-05-10,2026,5,10,port57,Antwerp,Belgium,BEL,10,1,8,5,40,24,64,17881,28283,17379,10926,67345,74470,141816,226476,0,1481,4977,111573,232934,344508,1887307
2026-05-11,2026,5,11,port57,Antwerp,Belgium,BEL,13,1,8,0,25,22,47,274117,12510,4273,0,48552,290901,339454,306435,0,3031,0,35650,309466,345117,1887308
2026-05-12,2026,5,12,port57,Antwerp,Belgium,BEL,11,2,6,1,25,20,45,401175,26623,5136,3604,137419,436539,573958,211259,0,1470,0,48567,212730,261297,1887309
2026-05-13,2026,5,13,port57,Antwerp,Belgium,BEL,17,2,8,4,30,31,61,73824,45376,6785,4794,64869,130780,195650,379392,0,11412,5591,66181,396396,462577,1887310
2026-05-14,2026,5,14,port57,Antwerp,Belgium,BEL,14,1,8,1,44,24,68,91394,0,8663,0,143328,100057,243386,232791,0,13184,2407,128060,248383,376443,1887311
2026-05-15,2026,5,15,port57,Antwerp,Belgium,BEL,13,0,10,5,38,28,66,116145,0,6770,3277,133618,126193,259811,250367,0,7745,4561,152874,262673,415548,1887312
2026-05-16,2026,5,16,port57,Antwerp,Belgium,BEL,17,2,7,3,33,29,62,111470,0,3570,8633,154670,123674,278345,457831,27557,5042,551,140542,490984,631527,1887313
2026-05-17,2026,5,17,port57,Antwerp,Belgium,BEL,12,2,10,0,37,24,61,189311,12514,3130,0,100471,204956,305428,193352,6698,6155,0,89661,206207,295868,1887314
2026-05-18,2026,5,18,port57,Antwerp,Belgium,BEL,12,2,8,2,35,24,59,158422,38490,6028,589,119639,203531,323171,153338,26350,4800,657,96310,185147,281458,1887315
2026-05-19,2026,5,19,port57,Antwerp,Belgium,BEL,14,0,8,3,33,25,58,112077,0,4520,0,18360,116598,134959,231636,0,9108,5984,87089,246728,333818,1887316
2026-05-01,2026,5,1,port664,Los Angeles-Long Beach,United States,USA,6,0,0,2,5,8,13,157938,0,0,1027,171470,158965,330436,229590,0,0,463,7364,230054,237418,2300411
2026-05-02,2026,5,2,port664,Los Angeles-Long Beach,United States,USA,3,0,0,0,3,3,6,213047,0,0,0,65207,213047,278254,0,0,0,0,0,0,0,2300413
2026-05-03,2026,5,3,port664,Los Angeles-Long Beach,United States,USA,6,2,0,0,1,8,9,399165,0,0,0,141372,399165,540538,0,68414,0,0,0,68414,68414,2300415
2026-05-04,2026,5,4,port664,Los Angeles-Long Beach,United States,USA,1,2,0,1,0,4,4,74649,12545,0,0,0,87194,87194,0,0,0,0,0,0,0,2300417
2026-05-05,2026,5,5,port664,Los Angeles-Long Beach,United States,USA,6,1,0,3,4,10,14,478489,0,0,0,142296,478489,620785,39106,30180,0,7166,8874,76453,85327,2300419
2026-05-06,2026,5,6,port664,Los Angeles-Long Beach,United States,USA,10,0,0,2,3,12,15,807094,0,0,8161,76306,815256,891562,7961,0,0,0,105725,7961,113686,2300421
2026-05-07,2026,5,7,port664,Los Angeles-Long Beach,United States,USA,2,1,0,3,4,6,10,188457,0,0,1876,190250,190333,380584,0,0,0,0,6121,0,6121,2300423
2026-05-08,2026,5,8,port664,Los Angeles-Long Beach,United States,USA,8,3,0,2,1,13,14,452115,9298,0,2142,36068,463555,499623,185112,73851,0,0,0,258964,258964,2300425
2026-05-09,2026,5,9,port664,Los Angeles-Long Beach,United States,USA,1,0,1,1,2,3,5,118631,0,693,0,58140,119325,177466,0,0,0,0,8351,0,8351,2300427
2026-05-10,2026,5,10,port664,Los Angeles-Long Beach,United States,USA,3,1,1,0,1,5,6,205637,0,0,0,8986,205637,214623,0,62766,0,0,0,62766,62766,2300429
2026-05-11,2026,5,11,port664,Los Angeles-Long Beach,United States,USA,6,1,0,2,2,9,11,117933,0,0,0,1749,117933,119683,69887,0,0,0,0,69887,69887,2300431
2026-05-12,2026,5,12,port664,Los Angeles-Long Beach,United States,USA,7,1,0,2,3,10,13,693076,0,0,9487,58140,702564,760705,0,1695,0,0,8713,1695,10408,2300433
2026-05-13,2026,5,13,port664,Los Angeles-Long Beach,United States,USA,8,1,0,1,4,10,14,493939,4649,0,0,198518,498588,697106,338957,17826,0,2167,115274,358951,474226,2300435
2026-05-14,2026,5,14,port664,Los Angeles-Long Beach,United States,USA,7,1,1,0,1,9,10,289229,0,1318,0,0,290548,290548,576642,0,951,0,155607,577593,733201,2300437
2026-05-15,2026,5,15,port664,Los Angeles-Long Beach,United States,USA,4,2,0,0,4,6,10,238501,27839,0,0,107727,266340,374068,58660,9521,0,0,41940,68181,110122,2300439
2026-05-16,2026,5,16,port664,Los Angeles-Long Beach,United States,USA,5,1,1,0,2,7,9,552597,68414,4031,0,8964,625043,634007,0,0,0,0,0,0,0,2300441
2026-05-17,2026,5,17,port664,Los Angeles-Long Beach,United States,USA,5,1,0,0,1,6,7,235125,0,0,0,56494,235125,291619,31406,13636,0,0,0,45042,45042,2300444
2026-05-18,2026,5,18,port664,Los Angeles-Long Beach,United States,USA,1,0,0,1,2,2,4,0,0,0,0,174459,0,174459,36615,0,0,0,0,36615,36615,2300446
2026-05-19,2026,5,19,port664,Los Angeles-Long Beach,United States,USA,7,2,1,1,4,11,15,501440,0,2809,0,119442,504250,623692,0,978,0,7166,7889,8145,16034,2300448
2026-05-20,2026,5,20,port664,Los Angeles-Long Beach,United States,USA,7,1,1,0,0,9,9,257599,8448,0,0,0,266048,266048,244758,0,0,0,0,244758,244758,2300450
2026-05-21,2026,5,21,port664,Los Angeles-Long Beach,United States,USA,2,1,1,0,5,4,9,122373,0,5485,0,255349,127859,383208,0,978,0,0,7649,978,8628,2300452
2026-05-22,2026,5,22,port664,Los Angeles-Long Beach,United States,USA,5,1,0,1,1,7,8,246410,0,0,3295,13457,249705,263162,168614,0,0,0,2781,168614,171395,2300454
2026-05-23,2026,5,23,port664,Los Angeles-Long Beach,United States,USA,8,1,1,0,1,10,11,817642,0,1642,0,9396,819285,828682,19553,963,1722,0,0,22239,22239,2300456
2026-05-24,2026,5,24,port664,Los Angeles-Long Beach,United States,USA,5,0,1,0,3,6,9,403542,0,1642,0,69078,405185,474264,19553,0,1722,0,10856,21275,32131,2300458
2026-05-25,2026,5,25,port664,Los Angeles-Long Beach,United States,USA,4,3,0,2,1,9,10,173024,0,0,6808,58140,179832,237973,80601,133344,0,0,7364,213946,221310,2300460
2026-05-26,2026,5,26,port664,Los Angeles-Long Beach,United States,USA,5,0,1,1,7,7,14,314102,0,1318,2019,171174,317441,488616,0,0,951,0,2781,951,3732,2300462
2026-05-27,2026,5,27,port664,Los Angeles-Long Beach,United States,USA,8,2,2,1,3,13,16,710878,5348,4193,0,302807,720420,1023228,256221,9521,0,0,0,265743,265743,2300464
2026-05-28,2026,5,28,port664,Los Angeles-Long Beach,United States,USA,6,2,1,0,2,9,11,355862,0,1074,0,44375,356937,401312,179993,14947,0,0,0,194940,194940,2300467
2026-05-29,2026,5,29,port664,Los Angeles-Long Beach,United States,USA,3,1,0,0,2,4,6,102570,10216,0,0,31901,112786,144688,39106,0,0,0,0,39106,39106,2300469
2026-05-30,2026,5,30,port664,Los Angeles-Long Beach,United States,USA,3,2,1,0,3,6,9,218892,0,0,0,14168,218892,233061,0,72207,973,0,0,73181,73181,2300472
2026-05-31,2026,5,31,port664,Los Angeles-Long Beach,United States,USA,7,1,1,2,4,11,15,427398,4649,419,0,226386,432466,658853,0,17826,0,0,30463,17826,48289,2300475
2026-05-01,2026,5,1,port1201,Singapore,Singapore,SGP,48,1,4,3,61,56,117,1038983,13254,959,309,381599,1053507,1435107,1030573,2985,4746,1457,242250,1039762,1282013,3465596
2026-05-02,2026,5,2,port1201,Singapore,Singapore,SGP,38,3,3,4,63,48,111,1081666,27246,901,508,235232,1110322,1345555,957583,2715,0,2311,313454,962609,1276064,3465597
2026-05-03,2026,5,3,port1201,Singapore,Singapore,SGP,41,2,2,4,78,49,127,895777,22311,1517,3051,553957,922658,1476615,711062,0,0,899,285413,711961,997375,3465598
2026-05-04,2026,5,4,port1201,Singapore,Singapore,SGP,41,5,13,5,93,64,157,673767,39594,14339,0,372614,727701,1100315,1246085,3925,9553,1025,470186,1260589,1730776,3465599
2026-05-05,2026,5,5,port1201,Singapore,Singapore,SGP,41,3,7,3,70,54,124,781339,101632,5304,0,975963,888276,1864239,889901,0,3694,2363,242632,895959,1138592,3465600
2026-05-06,2026,5,6,port1201,Singapore,Singapore,SGP,34,2,8,4,73,48,121,862093,33237,4562,768,524929,900663,1425592,582811,0,11444,3727,264796,597983,862779,3465601
2026-05-07,2026,5,7,port1201,Singapore,Singapore,SGP,40,2,10,5,80,57,137,849422,31774,9773,0,442572,890970,1333542,818556,2985,7276,2291,487509,831110,1318619,3465602
2026-05-08,2026,5,8,port1201,Singapore,Singapore,SGP,48,0,7,6,76,61,137,709721,0,959,254,352265,710935,1063200,870405,0,2012,6892,407258,879310,1286568,3465603
2026-05-09,2026,5,9,port1201,Singapore,Singapore,SGP,40,5,8,5,80,58,138,792535,64225,9738,3692,307955,870192,1178147,586381,16982,4406,1353,426594,609124,1035719,3465604
2026-05-10,2026,5,10,port1201,Singapore,Singapore,SGP,35,5,6,3,60,49,109,936367,70170,4535,922,649547,1011995,1661543,611818,452,3665,2829,223835,618765,842600,3465607
2026-05-11,2026,5,11,port1201,Singapore,Singapore,SGP,45,0,11,3,96,59,155,810725,0,5669,0,366302,816395,1182698,822225,0,9334,3616,470967,835175,1306143,3465608
2026-05-12,2026,5,12,port1201,Singapore,Singapore,SGP,41,1,6,2,66,50,116,574288,58669,6333,1026,457654,640317,1097972,1114896,0,4007,0,240486,1118904,1359391,3465609
2026-05-13,2026,5,13,port1201,Singapore,Singapore,SGP,40,2,4,1,88,47,135,565272,5232,3208,183,455902,573896,1029799,800685,476,2507,886,393270,804556,1197826,3465610
2026-05-14,2026,5,14,port1201,Singapore,Singapore,SGP,37,3,5,3,79,48,127,921813,98726,2726,309,450832,1023574,1474406,1107064,2985,8770,943,348190,1119765,1467955,3465611
2026-05-15,2026,5,15,port1201,Singapore,Singapore,SGP,39,1,6,4,66,50,116,567052,27063,6106,762,177768,600985,778753,794273,0,3659,4230,262954,802164,1065118,3465612
2026-05-16,2026,5,16,port1201,Singapore,Singapore,SGP,42,3,8,1,74,54,128,1036178,5772,3317,183,589292,1045451,1634743,689934,9605,20527,886,420562,720954,1141516,3465613
2026-05-17,2026,5,17,port1201,Singapore,Singapore,SGP,33,1,5,2,72,41,113,680136,8353,5989,0,551139,694478,1245618,526969,3925,1432,8443,437522,540769,978292,3465614
2026-05-18,2026,5,18,port1201,Singapore,Singapore,SGP,39,1,11,4,84,55,139,823548,0,13083,773,453503,837405,1290909,584637,0,7298,3898,283913,595834,879748,3465615
2026-05-19,2026,5,19,port1201,Singapore,Singapore,SGP,43,1,7,2,60,53,113,538533,0,13527,437,189868,552498,742366,692167,5712,2596,1785,245571,702261,947833,3465616
2026-05-20,2026,5,20,port1201,Singapore,Singapore,SGP,41,1,3,3,78,48,126,891601,23216,3733,254,390385,918805,1309190,1016110,0,1671,2057,472249,1019839,1492089,3465617
2026-05-21,2026,5,21,port1201,Singapore,Singapore,SGP,38,2,9,2,81,51,132,665291,71514,4855,0,344155,741660,1085816,828736,2985,11003,0,221330,842725,1064056,3465618
2026-05-22,2026,5,22,port1201,Singapore,Singapore,SGP,41,5,7,2,83,55,138,793965,86090,8527,254,394366,888837,1283203,896995,2049,3576,1756,298791,904378,1203169,3465619
2026-05-23,2026,5,23,port1201,Singapore,Singapore,SGP,44,3,8,6,60,61,121,627625,14798,3323,183,434652,645931,1080584,1099098,3686,4238,4788,423425,1111811,1535236,3465620
2026-05-24,2026,5,24,port1201,Singapore,Singapore,SGP,39,4,5,2,64,50,114,1003817,28897,2879,54,524570,1035649,1560219,526296,2985,5054,1575,177977,535912,713890,3465621
2026-05-25,2026,5,25,port1201,Singapore,Singapore,SGP,41,4,7,1,82,53,135,859564,6620,5253,0,488285,871439,1359724,687944,4177,5734,0,295338,697856,993195,3465622
2026-05-26,2026,5,26,port1201,Singapore,Singapore,SGP,40,6,6,4,69,56,125,784533,169474,4047,1796,408486,959852,1368338,703707,2303,7637,1530,292065,715179,1007245,3465623
2026-05-27,2026,5,27,port1201,Singapore,Singapore,SGP,30,3,8,2,62,43,105,867746,20736,13752,0,398083,902234,1300318,616574,2985,2147,0,192145,621708,813853,3465624
2026-05-28,2026,5,28,port1201,Singapore,Singapore,SGP,45,2,6,5,92,58,150,919315,13254,4587,1688,245719,938847,1184566,956315,5072,8586,0,547520,969974,1517494,3465625
2026-05-29,2026,5,29,port1201,Singapore,Singapore,SGP,39,1,5,3,74,48,122,439074,0,2879,0,523831,441953,965785,522894,0,7600,5424,408529,535918,944448,3465626
2026-05-30,2026,5,30,port1201,Singapore,Singapore,SGP,39,0,6,3,68,48,116,654537,0,8745,3360,710295,666642,1376938,586661,0,1851,899,298472,589412,887885,3465627
2026-05-31,2026,5,31,port1201,Singapore,Singapore,SGP,38,4,5,2,62,49,111,880226,60335,5709,218,663459,946489,1609949,578832,0,4132,1818,240638,584784,825422,3465628
2026-05-01,2026,5,1,port1065,Busan,Korea,KOR,36,0,9,4,8,49,57,271410,0,7383,1282,14344,280076,294420,204485,0,4388,362,3553,209236,212789,3605145
2026-05-02,2026,5,2,port1065,Busan,Korea,KOR,38,1,13,2,8,54,62,340249,5303,14003,675,14698,360232,374931,127422,3675,4927,362,3497,136388,139885,3605146
2026-05-03,2026,5,3,port1065,Busan,Korea,KOR,40,1,6,1,4,48,52,166367,380,5778,168,7403,172695,180099,219033,1754,1556,362,1833,222706,224540,3605147
2026-05-04,2026,5,4,port1065,Busan,Korea,KOR,30,4,9,1,8,44,52,133874,65741,6211,2422,6778,208249,215027,311232,4328,7622,0,2716,323183,325899,3605148
2026-05-05,2026,5,5,port1065,Busan,Korea,KOR,25,2,18,0,6,45,51,211109,5476,16272,0,18571,232857,251429,75374,3675,10356,0,2372,89406,91779,3605149
2026-05-06,2026,5,6,port1065,Busan,Korea,KOR,26,4,12,2,9,44,53,134543,26932,12669,5298,21639,179444,201083,76096,5430,11277,462,7357,93266,100624,3605150
2026-05-07,2026,5,7,port1065,Busan,Korea,KOR,30,0,11,0,5,41,46,139466,0,12636,0,7533,152102,159635,199045,0,1925,0,1725,200970,202696,3605151
2026-05-08,2026,5,8,port1065,Busan,Korea,KOR,35,0,8,1,8,44,52,120113,0,6179,0,18450,126292,144742,184048,0,1825,2299,3563,188173,191736,3605152
2026-05-09,2026,5,9,port1065,Busan,Korea,KOR,36,3,8,1,1,48,49,248646,27482,10068,0,2424,286197,288622,191768,3675,2281,0,646,197725,198372,3605153
2026-05-10,2026,5,10,port1065,Busan,Korea,KOR,25,2,7,1,4,35,39,171081,16493,6957,168,4978,194701,199679,208048,0,3837,362,1186,212248,213434,3605154
2026-05-11,2026,5,11,port1065,Busan,Korea,KOR,30,1,5,1,10,37,47,232594,12793,10765,0,23622,256154,279776,116693,0,1153,1432,4098,119278,123377,3605155
2026-05-12,2026,5,12,port1065,Busan,Korea,KOR,31,1,8,1,10,41,51,127540,5303,13901,0,22160,146745,168906,116668,3675,3513,1924,5222,125782,131005,3605156
2026-05-13,2026,5,13,port1065,Busan,Korea,KOR,37,2,7,2,9,48,57,120943,16005,4214,314,29296,141478,170775,203288,1754,4238,1071,4313,210353,214667,3605157
2026-05-14,2026,5,14,port1065,Busan,Korea,KOR,28,1,9,1,6,39,45,153449,0,8764,0,10556,162214,172770,188229,0,2624,1307,4548,192161,196710,3605158
2026-05-15,2026,5,15,port1065,Busan,Korea,KOR,31,2,13,0,3,46,49,135448,14111,14075,0,12475,163635,176110,207107,3675,4230,0,1293,215013,216307,3605159
2026-05-16,2026,5,16,port1065,Busan,Korea,KOR,41,1,12,0,8,54,62,210054,4877,12944,0,12807,227876,240684,156984,2691,3009,0,8738,162685,171424,3605160
2026-05-17,2026,5,17,port1065,Busan,Korea,KOR,35,1,8,2,8,46,54,135453,380,8018,445,14069,144298,158367,243730,1754,2585,1006,4017,249077,253094,3605161
2026-05-18,2026,5,18,port1065,Busan,Korea,KOR,29,1,8,1,8,39,47,60172,706,5806,0,15495,66685,82180,307671,0,2557,180,4144,310409,314553,3605162
2026-05-19,2026,5,19,port1065,Busan,Korea,KOR,35,0,12,1,4,48,52,227761,0,10873,0,2115,238635,240751,193338,0,7340,0,1646,200678,202325,3605163
2026-05-20,2026,5,20,port1065,Busan,Korea,KOR,30,2,5,3,9,40,49,195745,0,8825,314,14268,204885,219154,84248,269,1369,1666,5044,87553,92598,3605164
2026-05-21,2026,5,21,port1065,Busan,Korea,KOR,26,0,6,0,7,32,39,145184,0,3075,0,16623,148260,164883,140736,0,4003,0,3451,144739,148191,3605165
2026-05-22,2026,5,22,port1065,Busan,Korea,KOR,30,1,10,0,10,41,51,250608,380,15723,0,20029,266713,286743,154661,1754,3551,0,3949,159967,163917,3605166
2026-05-23,2026,5,23,port1065,Busan,Korea,KOR,36,1,9,1,3,47,50,144939,0,7471,0,10129,152410,162540,211011,0,4767,378,539,216157,216696,3605167
2026-05-24,2026,5,24,port1065,Busan,Korea,KOR,40,1,7,1,9,49,58,188652,380,12123,168,28373,201324,229698,104266,1754,1609,362,2912,107993,110906,3605168
2026-05-25,2026,5,25,port1065,Busan,Korea,KOR,29,5,10,1,6,45,51,166407,23594,9460,168,24113,199631,223744,210486,40185,2463,362,3348,253498,256846,3605169
2026-05-26,2026,5,26,port1065,Busan,Korea,KOR,25,0,7,0,5,32,37,126268,0,4028,0,5864,130296,136161,112081,0,740,0,5366,112821,118188,3605170
2026-05-27,2026,5,27,port1065,Busan,Korea,KOR,30,0,9,2,7,41,48,268822,0,8349,168,26074,277340,303414,142293,0,2065,537,3625,144896,148522,3605171
2026-05-28,2026,5,28,port1065,Busan,Korea,KOR,27,0,8,0,7,35,42,114431,0,8559,0,12073,122990,135064,134155,0,8969,0,6052,143125,149177,3605172
2026-05-29,2026,5,29,port1065,Busan,Korea,KOR,37,3,17,1,11,58,69,415544,380,26888,146,20945,442960,463905,118195,25268,4231,708,4445,148404,152849,3605173
2026-05-30,2026,5,30,port1065,Busan,Korea,KOR,34,2,8,0,12,44,56,171718,4233,9132,0,34820,185084,219904,113453,653,4706,0,4513,118812,123326,3605174
2026-05-31,2026,5,31,port1065,Busan,Korea,KOR,37,2,10,0,3,49,52,108264,173,11240,0,4849,119678,124527,316565,5495,3361,0,1293,325422,326716,3605175
2026-06-01,2026,6,1,port1188,Shanghai,China,CHN,40,33,11,5,14,89,103,166745,341266,15066,1026,28760,524105,552866,418725,38540,17823,8837,5620,483926,489546,189670
2026-06-02,2026,6,2,port1188,Shanghai,China,CHN,40,31,11,3,17,85,102,355330,204333,35830,409,66058,595904,661962,466852,246707,9461,1459,23906,724480,748387,189674
2026-06-03,2026,6,3,port1188,Shanghai,China,CHN,36,26,14,6,17,82,99,441002,230772,16806,409,50131,688989,739121,352057,153096,21539,18789,30906,545481,576388,189678
2026-06-04,2026,6,4,port1188,Shanghai,China,CHN,33,30,14,7,16,84,100,330008,204030,10125,7890,64360,552055,616415,419994,240812,13986,14949,87627,689742,777370,189682
2026-06-05,2026,6,5,port1188,Shanghai,China,CHN,29,27,7,3,13,66,79,248404,132008,19901,874,14972,401188,416161,318217,355508,5971,10700,17834,690397,708231,189686
2026-06-06,2026,6,6,port1188,Shanghai,China,CHN,27,31,9,8,14,75,89,351175,357533,11341,1694,42962,721745,764707,229306,143085,21750,18436,7474,412579,420054,189690
2026-06-07,2026,6,7,port1188,Shanghai,China,CHN,30,29,13,5,18,77,95,143723,240445,28799,655,114833,413624,528457,456638,63144,16366,14858,9788,551009,560797,189694
2026-06-08,2026,6,8,port1188,Shanghai,China,CHN,38,23,7,5,17,73,90,642290,160655,3341,920,131317,807207,938524,375013,180721,7618,3726,30836,567079,597915,189698
2026-06-09,2026,6,9,port1188,Shanghai,China,CHN,40,23,8,4,15,75,90,364779,270054,8977,409,85370,644220,729590,504525,39950,10900,10933,52919,566310,619229,189705
2026-06-10,2026,6,10,port1188,Shanghai,China,CHN,37,31,9,6,14,83,97,204237,414811,4857,845,64089,624752,688841,304693,60222,6622,8589,61837,380127,441964,189709
2026-06-11,2026,6,11,port1188,Shanghai,China,CHN,39,29,9,7,19,84,103,583869,206416,11147,2596,44942,804031,848973,432257,223406,14435,8856,20847,678956,699804,189713
2026-06-12,2026,6,12,port1188,Shanghai,China,CHN,30,32,4,2,12,68,80,241411,357138,8156,580,52172,607287,659459,299533,251025,2926,0,8547,553484,562032,189717
2026-06-13,2026,6,13,port1188,Shanghai,China,CHN,38,28,14,8,13,88,101,627644,241903,19781,3058,47186,892388,939574,414082,74334,18543,15651,14113,522612,536725,189721
2026-06-14,2026,6,14,port1188,Shanghai,China,CHN,31,19,7,6,12,63,75,353919,112413,15964,1030,33301,483328,516630,276062,318854,4891,10814,105131,610623,715755,189725
2026-06-15,2026,6,15,port1188,Shanghai,China,CHN,36,41,9,9,18,95,113,414286,208921,14822,9426,82514,647457,729972,376525,188651,6752,18182,7104,590111,597216,189729
2026-06-16,2026,6,16,port1188,Shanghai,China,CHN,32,32,6,6,13,76,89,348367,220021,22540,818,49506,591747,641253,355994,54051,3399,8158,16474,421604,438079,189733
2026-06-17,2026,6,17,port1188,Shanghai,China,CHN,34,27,12,4,14,77,91,126442,309483,8166,0,32129,444092,476222,567599,97263,8649,10518,89859,684031,773890,189737
2026-06-18,2026,6,18,port1188,Shanghai,China,CHN,36,30,14,6,11,86,97,350301,213318,15652,4355,51273,583627,634900,456640,103295,20668,12100,36410,592704,629114,189744
2026-06-19,2026,6,19,port1188,Shanghai,China,CHN,36,13,12,9,13,70,83,235099,201941,1994,818,46478,439852,486331,365700,112785,18122,9496,47381,506104,553486,189748
2026-06-20,2026,6,20,port1188,Shanghai,China,CHN,33,21,12,7,21,73,94,774998,130322,21293,2038,64647,928652,993299,358873,205809,18951,13294,13624,596929,610554,189752
2026-06-21,2026,6,21,port1188,Shanghai,China,CHN,33,31,13,2,13,79,92,97582,148628,9891,0,74907,256102,331010,412950,148275,17547,4093,20945,582867,603812,189756
2026-06-22,2026,6,22,port1188,Shanghai,China,CHN,37,17,8,8,14,70,84,648972,125553,5812,5541,32670,785880,818551,351928,140724,10429,5355,13936,508437,522374,189760
2026-06-23,2026,6,23,port1188,Shanghai,China,CHN,39,27,10,6,10,82,92,290224,173132,9254,409,30417,473021,503438,353977,300251,16275,23065,9800,693569,703369,189764
2026-06-24,2026,6,24,port1188,Shanghai,China,CHN,30,35,6,3,18,74,92,167027,412425,20221,409,73010,600082,673092,552687,190835,0,7558,26509,751081,777591,189768
2026-06-25,2026,6,25,port1188,Shanghai,China,CHN,33,23,14,6,12,76,88,597423,205231,21085,1227,37207,824966,862174,294097,216022,15201,10606,51620,535928,587548,189772
2026-06-26,2026,6,26,port1188,Shanghai,China,CHN,34,28,11,1,23,74,97,411352,343478,12412,0,66541,767243,833785,400876,211804,9171,1819,75190,623672,698862,189776
2026-06-27,2026,6,27,port1188,Shanghai,China,CHN,36,32,11,7,9,86,95,637137,492090,12603,2087,81762,1143920,1225683,419378,167089,19962,10684,63207,617115,680322,189784
2026-06-28,2026,6,28,port1188,Shanghai,China,CHN,33,28,13,8,14,82,96,241204,235083,11833,998,104517,489119,593636,332333,55745,19636,17819,15129,425534,440663,189788
2026-06-29,2026,6,29,port1188,Shanghai,China,CHN,32,24,18,10,15,84,99,592522,283558,12921,4854,38837,893857,932694,240760,48091,14624,15439,47114,318915,366030,189792
2026-06-30,2026,6,30,port1188,Shanghai,China,CHN,34,26,8,5,16,73,89,924751,308501,9902,409,68410,1243563,1311974,342723,213743,25459,11200,7943,593127,601070,189796
2026-06-01,2026,6,1,port744,Jebel Ali,United Arab Emirates,ARE,0,0,0,0,0,0,0,0,0,0,0,0,0,0,0,0,0,0,0,0,0,197829
2026-06-02,2026,6,2,port744,Jebel Ali,United Arab Emirates,ARE,0,0,0,0,0,0,0,0,0,0,0,0,0,0,0,0,0,0,0,0,0,197830
2026-06-03,2026,6,3,port744,Jebel Ali,United Arab Emirates,ARE,0,0,0,0,0,0,0,0,0,0,0,0,0,0,0,0,0,0,0,0,0,197831
2026-06-04,2026,6,4,port744,Jebel Ali,United Arab Emirates,ARE,0,0,0,0,0,0,0,0,0,0,0,0,0,0,0,0,0,0,0,0,0,197832
2026-06-05,2026,6,5,port744,Jebel Ali,United Arab Emirates,ARE,0,0,0,0,1,0,1,0,0,0,0,9896,0,9896,0,0,0,0,4217,0,4217,197833
2026-06-06,2026,6,6,port744,Jebel Ali,United Arab Emirates,ARE,0,0,0,0,0,0,0,0,0,0,0,0,0,0,0,0,0,0,0,0,0,197834
2026-06-07,2026,6,7,port744,Jebel Ali,United Arab Emirates,ARE,0,0,2,0,0,2,2,0,0,0,0,0,0,0,0,0,8346,0,0,8346,8346,197835
2026-06-08,2026,6,8,port744,Jebel Ali,United Arab Emirates,ARE,0,0,0,0,0,0,0,0,0,0,0,0,0,0,0,0,0,0,0,0,0,197836
2026-06-09,2026,6,9,port744,Jebel Ali,United Arab Emirates,ARE,0,0,1,0,2,1,3,0,0,0,0,68439,0,68439,0,0,1007,0,0,1007,1007,197837
2026-06-10,2026,6,10,port744,Jebel Ali,United Arab Emirates,ARE,1,1,1,0,0,3,3,0,0,1119,0,0,1119,1119,16659,0,1152,0,0,17811,17811,197838
2026-06-11,2026,6,11,port744,Jebel Ali,United Arab Emirates,ARE,0,1,1,0,1,2,3,0,21666,0,0,68439,21666,90105,0,2142,5105,0,0,7247,7247,197839
2026-06-12,2026,6,12,port744,Jebel Ali,United Arab Emirates,ARE,1,0,0,0,3,1,4,0,0,0,0,53497,0,53497,14261,0,0,0,4217,14261,18479,197840
2026-06-13,2026,6,13,port744,Jebel Ali,United Arab Emirates,ARE,0,0,0,0,0,0,0,0,0,0,0,0,0,0,0,0,0,0,0,0,0,197841
2026-06-14,2026,6,14,port744,Jebel Ali,United Arab Emirates,ARE,0,1,2,0,0,3,3,0,28123,1119,0,0,29243,29243,0,0,2599,0,0,2599,2599,197842
2026-06-15,2026,6,15,port744,Jebel Ali,United Arab Emirates,ARE,0,0,0,0,0,0,0,0,0,0,0,0,0,0,0,0,0,0,0,0,0,197843
2026-06-16,2026,6,16,port744,Jebel Ali,United Arab Emirates,ARE,0,0,4,0,3,4,7,0,0,0,0,18492,0,18492,0,0,25849,0,434,25849,26284,197844
2026-06-17,2026,6,17,port744,Jebel Ali,United Arab Emirates,ARE,1,1,4,0,1,6,7,2952,0,1119,0,40886,4072,44959,0,0,9260,0,0,9260,9260,197845
2026-06-18,2026,6,18,port744,Jebel Ali,United Arab Emirates,ARE,1,1,0,0,1,2,3,0,50942,0,0,0,50942,50942,14277,0,0,0,0,14277,14277,197846
2026-06-19,2026,6,19,port744,Jebel Ali,United Arab Emirates,ARE,2,1,2,0,1,5,6,148900,26786,2239,0,0,177926,177926,18263,0,2304,0,3132,20567,23699,197847
2026-06-20,2026,6,20,port744,Jebel Ali,United Arab Emirates,ARE,5,0,1,0,1,6,7,78464,0,0,0,1769,78464,80233,22512,0,0,0,409,22512,22921,197848
2026-06-21,2026,6,21,port744,Jebel Ali,United Arab Emirates,ARE,0,1,2,0,1,3,4,0,21666,2239,0,10944,23906,34851,0,2142,2304,0,0,4446,4446,197849
2026-06-22,2026,6,22,port744,Jebel Ali,United Arab Emirates,ARE,2,0,1,0,4,3,7,0,0,0,0,103261,0,103261,28563,0,2505,0,44291,31068,75359,197850
2026-06-23,2026,6,23,port744,Jebel Ali,United Arab Emirates,ARE,3,1,2,0,4,6,10,47858,30710,0,0,13609,78568,92177,92964,677,3203,0,4627,96845,101472,197851
2026-06-24,2026,6,24,port744,Jebel Ali,United Arab Emirates,ARE,2,1,1,0,2,4,6,0,0,0,0,929,0,929,170480,14846,3175,0,182,188502,188684,197852
2026-06-25,2026,6,25,port744,Jebel Ali,United Arab Emirates,ARE,3,0,2,0,1,5,6,162309,0,0,0,926,162309,163236,20767,0,10898,0,0,31666,31666,197853
2026-06-26,2026,6,26,port744,Jebel Ali,United Arab Emirates,ARE,3,0,1,0,0,4,4,0,0,0,0,0,0,0,114874,0,3422,0,0,118297,118297,197854
2026-06-27,2026,6,27,port744,Jebel Ali,United Arab Emirates,ARE,3,0,2,0,2,5,7,132492,0,1119,0,52786,133612,186398,0,0,1152,0,0,1152,1152,197855
2026-06-28,2026,6,28,port744,Jebel Ali,United Arab Emirates,ARE,1,1,2,0,0,4,4,0,0,0,0,0,0,0,0,29265,5163,0,0,34428,34428,197856
2026-06-29,2026,6,29,port744,Jebel Ali,United Arab Emirates,ARE,1,1,0,0,0,2,2,0,0,0,0,0,0,0,16603,26299,0,0,0,42903,42903,197857
2026-06-30,2026,6,30,port744,Jebel Ali,United Arab Emirates,ARE,3,0,1,0,0,4,4,20644,0,700,0,0,21344,21344,115683,0,0,0,0,115683,115683,197858
2026-06-01,2026,6,1,port1114,Rotterdam,The Netherlands,NLD,19,1,16,6,41,42,83,428347,11106,16071,3517,286235,459042,745278,60616,0,22792,0,141420,83408,224829,377605
2026-06-02,2026,6,2,port1114,Rotterdam,The Netherlands,NLD,22,3,16,9,37,50,87,127956,248577,7804,0,221010,384338,605348,91669,0,5807,14508,107184,111985,219169,377608
2026-06-03,2026,6,3,port1114,Rotterdam,The Netherlands,NLD,15,4,17,4,40,40,80,32985,104065,5208,0,328866,142258,471125,169324,36194,15403,6722,163313,227644,390958,377611
2026-06-04,2026,6,4,port1114,Rotterdam,The Netherlands,NLD,20,1,14,6,43,41,84,131533,120381,8864,0,279600,260779,540379,81895,0,9768,13721,102832,105385,208218,377614
2026-06-05,2026,6,5,port1114,Rotterdam,The Netherlands,NLD,20,2,12,5,45,39,84,165466,115543,10543,0,229380,291552,520933,128324,0,12459,7276,67878,148060,215939,377617
2026-06-06,2026,6,6,port1114,Rotterdam,The Netherlands,NLD,18,0,6,7,45,31,76,95758,0,1380,1416,304888,98556,403444,68824,0,5177,5458,103652,79460,183113,377620
2026-06-07,2026,6,7,port1114,Rotterdam,The Netherlands,NLD,14,2,11,4,48,31,79,251514,113290,12291,0,316739,377097,693836,52147,0,5988,0,113976,58136,172112,377623
2026-06-08,2026,6,8,port1114,Rotterdam,The Netherlands,NLD,18,3,15,7,33,43,76,352153,104095,8896,3212,350576,468359,818935,173391,47787,13839,5752,70082,240771,310854,377626
2026-06-09,2026,6,9,port1114,Rotterdam,The Netherlands,NLD,14,2,11,5,44,32,76,93344,48137,4248,187,400979,145918,546897,46123,3108,7036,6944,44067,63212,107280,377629
2026-06-10,2026,6,10,port1114,Rotterdam,The Netherlands,NLD,15,2,25,8,43,50,93,31162,175440,17856,187,718968,224646,943614,86051,0,28352,10156,170091,124560,294652,377632
2026-06-11,2026,6,11,port1114,Rotterdam,The Netherlands,NLD,27,4,19,6,42,56,98,98977,281790,18491,187,256837,399446,656284,312059,0,15193,8709,93605,335962,429568,377635
2026-06-12,2026,6,12,port1114,Rotterdam,The Netherlands,NLD,15,5,5,7,48,32,80,57900,165332,2822,1024,250514,227081,477595,174460,6216,2738,7019,155368,190434,345803,377638
2026-06-13,2026,6,13,port1114,Rotterdam,The Netherlands,NLD,17,5,11,5,49,38,87,137605,293275,3527,1123,400412,435532,835944,181144,244,5418,7326,123881,194134,318016,377641
2026-06-14,2026,6,14,port1114,Rotterdam,The Netherlands,NLD,20,2,13,7,45,42,87,102404,6805,10519,0,371658,119729,491388,146665,48977,7878,9321,140292,212844,353137,377643
2026-06-15,2026,6,15,port1114,Rotterdam,The Netherlands,NLD,13,1,15,8,49,37,86,310579,0,16528,3400,396458,330508,726966,24245,35510,9012,8489,144104,77258,221363,377646
2026-06-16,2026,6,16,port1114,Rotterdam,The Netherlands,NLD,20,2,12,7,48,41,89,363090,230631,18553,0,475220,612275,1087496,85131,0,2878,11566,186125,99576,285702,377649
2026-06-17,2026,6,17,port1114,Rotterdam,The Netherlands,NLD,18,1,17,6,44,42,86,137161,0,8726,0,465980,145887,611868,156901,15378,10301,8135,103492,190715,294208,377652
2026-06-18,2026,6,18,port1114,Rotterdam,The Netherlands,NLD,19,1,15,6,43,41,84,12997,28626,3938,0,454443,45562,500005,223200,0,15207,7937,136099,246344,382444,377655
2026-06-19,2026,6,19,port1114,Rotterdam,The Netherlands,NLD,16,5,13,6,39,40,79,48787,119519,3868,0,264271,172175,436447,190500,3108,4795,7842,83686,206246,289933,377658
2026-06-20,2026,6,20,port1114,Rotterdam,The Netherlands,NLD,18,2,9,6,40,35,75,142359,254915,4976,187,198736,402439,601175,56855,0,4844,3641,102762,65341,168103,377661
2026-06-21,2026,6,21,port1114,Rotterdam,The Netherlands,NLD,12,1,9,5,35,27,62,104316,37744,7069,956,401107,150087,551195,52781,0,2125,2453,126358,57360,183718,377664
2026-06-22,2026,6,22,port1114,Rotterdam,The Netherlands,NLD,19,2,23,7,40,51,91,415805,277319,32377,3517,205193,729021,934214,56198,0,15821,4395,64149,76415,140565,377667
2026-06-23,2026,6,23,port1114,Rotterdam,The Netherlands,NLD,19,1,6,7,42,33,75,315988,10849,3613,0,308667,330452,639119,64938,0,2160,8003,110740,75103,185843,377670
2026-06-24,2026,6,24,port1114,Rotterdam,The Netherlands,NLD,24,2,10,5,43,41,84,126496,64949,3703,26,401869,195176,597046,219464,0,8265,5485,163834,233215,397050,377673
2026-06-25,2026,6,25,port1114,Rotterdam,The Netherlands,NLD,17,4,16,6,36,43,79,59075,35634,15747,187,178013,110644,288658,83874,35461,14176,7154,77262,140666,217929,377676
2026-06-26,2026,6,26,port1114,Rotterdam,The Netherlands,NLD,20,3,5,4,40,32,72,65300,127395,3372,0,777176,196069,973245,308351,0,3706,1284,162808,313343,476151,377679
2026-06-27,2026,6,27,port1114,Rotterdam,The Netherlands,NLD,19,2,7,7,47,35,82,248467,85099,5309,26,442050,338903,780953,65487,0,3652,9907,141988,79047,221036,377685
2026-06-28,2026,6,28,port1114,Rotterdam,The Netherlands,NLD,10,4,11,8,34,33,67,50251,144288,13025,4548,359146,212114,571260,95051,3108,4164,4180,116600,106503,223103,377688
2026-06-29,2026,6,29,port1114,Rotterdam,The Netherlands,NLD,17,0,16,6,41,39,80,251312,0,7450,3705,464002,262468,726471,161858,0,7457,1187,71950,170504,242454,377691
2026-06-30,2026,6,30,port1114,Rotterdam,The Netherlands,NLD,18,1,19,8,50,46,96,159561,0,12254,1379,476496,173195,649692,44958,351,18218,15452,118862,78980,197843,377694
2026-06-01,2026,6,1,port1160,Santos,Brazil,BRA,5,2,1,0,4,8,12,0,0,189,0,26872,189,27062,111347,95873,0,0,37864,207221,245085,1627369
2026-06-02,2026,6,2,port1160,Santos,Brazil,BRA,8,9,2,0,1,19,20,139442,0,0,0,0,139442,139442,45749,379349,44048,0,18424,469147,487571,1627372
2026-06-03,2026,6,3,port1160,Santos,Brazil,BRA,5,5,0,1,2,11,13,14654,16601,0,0,0,31256,31256,64666,194817,0,4438,77573,263922,341495,1627375
2026-06-04,2026,6,4,port1160,Santos,Brazil,BRA,5,7,1,0,4,13,17,23040,6559,0,0,31981,29600,61582,24451,306876,35839,0,18837,367167,386004,1627378
2026-06-05,2026,6,5,port1160,Santos,Brazil,BRA,11,7,1,0,2,19,21,231483,34671,0,0,30423,266154,296577,78623,274902,31840,0,27769,385366,413135,1627381
2026-06-06,2026,6,6,port1160,Santos,Brazil,BRA,5,5,1,0,2,11,13,96004,0,0,0,0,96004,96004,3581,208126,19454,0,55968,231162,287131,1627384
2026-06-07,2026,6,7,port1160,Santos,Brazil,BRA,6,8,1,0,4,15,19,25003,40067,0,0,0,65071,65071,99493,421074,568,0,58933,521136,580070,1627387
2026-06-08,2026,6,8,port1160,Santos,Brazil,BRA,8,8,0,1,2,17,19,53407,66455,0,0,44921,119863,164785,240268,273003,0,0,0,513272,513272,1627390
2026-06-09,2026,6,9,port1160,Santos,Brazil,BRA,6,4,0,0,2,10,12,75964,77099,0,0,20908,153063,173971,12416,143611,0,0,35624,156028,191653,1627393
2026-06-10,2026,6,10,port1160,Santos,Brazil,BRA,9,4,1,0,4,14,18,53628,0,1480,0,5324,55109,60433,112802,225446,0,0,31778,338249,370027,1627396
2026-06-11,2026,6,11,port1160,Santos,Brazil,BRA,7,5,2,0,4,14,18,64232,33767,0,0,51269,97999,149269,74881,162340,49978,0,11438,287200,298639,1627399
2026-06-12,2026,6,12,port1160,Santos,Brazil,BRA,4,8,1,0,2,13,15,44349,22866,0,0,0,67216,67216,11842,296517,5154,0,32298,313514,345813,1627401
2026-06-13,2026,6,13,port1160,Santos,Brazil,BRA,9,6,0,1,1,16,17,143980,58563,0,0,4324,202544,206868,110223,140356,0,0,0,250579,250579,1627403
2026-06-14,2026,6,14,port1160,Santos,Brazil,BRA,5,9,0,1,3,15,18,30804,84764,0,0,50654,115568,166223,122637,280925,0,3607,0,407171,407171,1627405
2026-06-15,2026,6,15,port1160,Santos,Brazil,BRA,6,5,0,1,1,12,13,102967,49105,0,0,0,152073,152073,40046,188169,0,1947,0,230163,230163,1627407
2026-06-16,2026,6,16,port1160,Santos,Brazil,BRA,8,2,0,1,6,11,17,34915,32685,0,0,35989,67601,103591,133303,27012,0,0,58508,160316,218824,1627409
2026-06-17,2026,6,17,port1160,Santos,Brazil,BRA,7,8,0,1,3,16,19,42156,9654,0,0,43620,51811,95431,55929,292955,0,0,36240,348884,385125,1627411
2026-06-18,2026,6,18,port1160,Santos,Brazil,BRA,6,6,0,1,3,13,16,70736,20448,0,0,7665,91185,98850,38567,243951,0,510,41017,283029,324046,1627413
2026-06-19,2026,6,19,port1160,Santos,Brazil,BRA,4,5,1,0,2,10,12,66185,33374,0,0,0,99560,99560,12597,246269,7760,0,6209,266627,272836,1627415
2026-06-20,2026,6,20,port1160,Santos,Brazil,BRA,7,10,0,1,4,18,22,110709,82940,0,0,53939,193649,247589,56472,448665,0,4187,58271,509325,567597,1627417
2026-06-21,2026,6,21,port1160,Santos,Brazil,BRA,7,3,1,0,1,11,12,19182,6733,0,0,5590,25916,31506,201278,68569,28436,0,17659,298284,315943,1627419
2026-06-22,2026,6,22,port1160,Santos,Brazil,BRA,3,6,1,1,5,11,16,21049,55638,0,0,111371,76687,188059,17258,232442,8014,2732,31065,260446,291511,1627421
2026-06-23,2026,6,23,port1160,Santos,Brazil,BRA,8,8,2,0,3,18,21,33017,40723,0,0,12962,73741,86703,123738,379079,10456,0,17766,513273,531040,1627423
2026-06-24,2026,6,24,port1160,Santos,Brazil,BRA,6,0,0,0,3,6,9,51718,0,0,0,57385,51718,109104,47221,0,0,0,0,47221,47221,1627425
2026-06-25,2026,6,25,port1160,Santos,Brazil,BRA,6,3,2,1,4,12,16,110078,34524,0,0,8274,144603,152877,65610,98729,43739,2788,36916,210866,247783,1627427
2026-06-26,2026,6,26,port1160,Santos,Brazil,BRA,4,3,1,1,2,9,11,76089,0,1610,0,0,77700,77700,44269,168413,9569,0,3976,222252,226228,1627429
2026-06-27,2026,6,27,port1160,Santos,Brazil,BRA,8,8,0,0,2,16,18,58861,30432,0,0,0,89294,89294,51911,269384,0,0,9415,321295,330711,1627431
2026-06-28,2026,6,28,port1160,Santos,Brazil,BRA,8,7,0,1,5,16,21,20353,49191,0,0,52285,69544,121830,96030,279662,0,5656,0,381348,381348,1627433
2026-06-29,2026,6,29,port1160,Santos,Brazil,BRA,4,11,1,1,2,17,19,14905,121297,1610,0,0,137814,137814,69159,504100,9569,0,30108,582828,612937,1627435
2026-06-30,2026,6,30,port1160,Santos,Brazil,BRA,8,3,0,0,5,11,16,95134,0,0,0,0,95134,95134,83128,178714,0,0,77746,261843,339590,1627437
2026-06-01,2026,6,1,port57,Antwerp,Belgium,BEL,11,0,5,2,36,18,54,317633,0,1412,1971,145869,321017,466887,65057,0,4662,1327,48942,71048,119990,1886489
2026-06-02,2026,6,2,port57,Antwerp,Belgium,BEL,19,2,7,1,21,29,50,490091,0,3697,1683,54559,495473,550032,443377,28969,5584,0,53429,477931,531361,1886490
2026-06-03,2026,6,3,port57,Antwerp,Belgium,BEL,9,3,7,2,23,21,44,483228,72718,2379,0,52946,558326,611273,121168,8075,4822,1968,87587,136035,223623,1886491
2026-06-04,2026,6,4,port57,Antwerp,Belgium,BEL,11,0,5,0,38,16,54,65901,0,4563,0,163111,70464,233576,285377,0,4022,0,37818,289400,327219,1886492
2026-06-05,2026,6,5,port57,Antwerp,Belgium,BEL,6,4,6,2,35,18,53,0,22462,4143,3600,82580,30205,112786,201898,25756,3740,4869,143391,236265,379656,1886493
2026-06-06,2026,6,6,port57,Antwerp,Belgium,BEL,9,3,8,1,24,21,45,182006,12514,2905,0,94445,197426,291872,103165,49858,9476,0,80370,162500,242871,1886494
2026-06-07,2026,6,7,port57,Antwerp,Belgium,BEL,17,2,6,3,30,28,58,336963,60222,2774,1825,173502,401786,575289,155222,0,5843,2046,112556,163112,275669,1886495
2026-06-08,2026,6,8,port57,Antwerp,Belgium,BEL,15,3,10,2,35,30,65,125058,135607,6581,657,100274,267905,368180,182982,7389,7162,4923,61086,202457,263544,1886496
2026-06-09,2026,6,9,port57,Antwerp,Belgium,BEL,11,2,4,0,49,17,66,324676,17072,1518,0,70517,343268,413785,356992,31196,3367,0,183525,391556,575082,1886497
2026-06-10,2026,6,10,port57,Antwerp,Belgium,BEL,17,2,16,4,32,39,71,207964,60142,7141,3925,111875,279174,391050,274740,0,15819,5922,42988,296482,339471,1886498
2026-06-11,2026,6,11,port57,Antwerp,Belgium,BEL,13,2,6,5,44,26,70,338765,43832,1180,810,43727,384588,428315,94524,0,4391,2157,53953,101073,155026,1886499
2026-06-12,2026,6,12,port57,Antwerp,Belgium,BEL,14,2,4,3,26,23,49,94868,21639,2915,1184,144642,120607,265249,269088,7389,1472,2415,77650,280366,358016,1886500
2026-06-13,2026,6,13,port57,Antwerp,Belgium,BEL,8,0,10,1,28,19,47,68900,0,5001,0,76972,73901,150873,110995,0,5545,3578,104356,120120,224476,1886501
2026-06-14,2026,6,14,port57,Antwerp,Belgium,BEL,13,2,6,0,23,21,44,159838,0,6135,0,29506,165973,195479,411277,5845,2101,0,129580,419224,548805,1886502
2026-06-15,2026,6,15,port57,Antwerp,Belgium,BEL,9,2,9,3,33,23,56,98917,0,4947,6184,36564,110049,146613,193159,6060,2411,1412,47543,203044,250587,1886503
2026-06-16,2026,6,16,port57,Antwerp,Belgium,BEL,7,0,5,1,34,13,47,129804,0,2615,1664,20897,134083,154981,59693,0,5266,0,77788,64960,142749,1886504
2026-06-17,2026,6,17,port57,Antwerp,Belgium,BEL,11,2,12,4,35,29,64,242162,46533,5460,3183,134523,297340,431864,146959,28206,9719,6462,77885,191347,269232,1886505
2026-06-18,2026,6,18,port57,Antwerp,Belgium,BEL,17,3,3,4,27,27,54,164056,43888,2373,0,50399,210317,260717,423507,0,620,3493,50802,427621,478423,1886506
2026-06-19,2026,6,19,port57,Antwerp,Belgium,BEL,7,4,5,3,23,19,42,136316,57532,4496,0,88910,198345,287255,193807,7389,3180,8784,18798,213162,231960,1886507
2026-06-20,2026,6,20,port57,Antwerp,Belgium,BEL,4,1,9,1,30,15,45,68164,0,2405,1924,72814,72493,145308,46439,18301,19519,0,76876,84259,161136,1886508
2026-06-21,2026,6,21,port57,Antwerp,Belgium,BEL,15,0,9,1,44,25,69,145120,0,7174,0,98756,152294,251051,327334,0,2814,0,144890,330149,475039,1886509
2026-06-22,2026,6,22,port57,Antwerp,Belgium,BEL,9,3,3,1,27,16,43,164437,23288,3164,0,97200,190889,288089,263926,37984,620,0,40026,302530,342557,1886510
2026-06-23,2026,6,23,port57,Antwerp,Belgium,BEL,16,3,7,3,23,29,52,201340,26534,6045,602,71988,234523,306512,430191,0,4110,1429,22022,435731,457754,1886511
2026-06-24,2026,6,24,port57,Antwerp,Belgium,BEL,7,3,10,0,37,20,57,137198,36162,2353,0,148724,175714,324438,105852,34647,18824,0,230818,159324,390143,1886512
2026-06-25,2026,6,25,port57,Antwerp,Belgium,BEL,15,0,12,2,33,29,62,534638,0,9283,0,32170,543921,576091,53891,0,7419,1820,94323,63130,157454,1886513
2026-06-26,2026,6,26,port57,Antwerp,Belgium,BEL,2,3,10,3,31,18,49,12847,65668,14989,371,38499,93877,132376,38287,61306,13631,4521,73474,117747,191221,1886514
2026-06-27,2026,6,27,port57,Antwerp,Belgium,BEL,9,4,5,1,25,19,44,127069,38745,8142,0,37475,173957,211432,197435,8484,1927,1965,99459,209813,309272,1886515
2026-06-28,2026,6,28,port57,Antwerp,Belgium,BEL,4,3,5,1,24,13,37,61349,31903,11529,0,77351,104782,182134,21882,31094,3822,0,24664,56799,81464,1886516
2026-06-29,2026,6,29,port57,Antwerp,Belgium,BEL,4,1,7,2,31,14,45,16573,26593,3542,0,48851,46709,95560,267549,0,3035,4075,28627,274660,303287,1886517
2026-06-30,2026,6,30,port57,Antwerp,Belgium,BEL,12,1,7,1,24,21,45,141745,11062,5136,0,44867,157944,202812,292395,0,3822,0,66651,296217,362869,1886518
2026-06-01,2026,6,1,port664,Los Angeles-Long Beach,United States,USA,3,3,0,1,3,7,10,80801,0,0,4213,72277,85015,157292,0,78577,0,0,0,78577,78577,2300478
2026-06-02,2026,6,2,port664,Los Angeles-Long Beach,United States,USA,7,3,0,2,3,12,15,456677,26317,0,872,215967,483867,699834,0,2389,0,7166,7364,9555,16919,2300849
2026-06-03,2026,6,3,port664,Los Angeles-Long Beach,United States,USA,6,1,0,0,2,7,9,448521,2831,0,0,77223,451352,528576,72371,9521,0,0,0,81893,81893,2300851
2026-06-04,2026,6,4,port664,Los Angeles-Long Beach,United States,USA,4,0,0,1,3,5,8,220653,0,0,0,27324,220653,247977,0,0,0,0,40498,0,40498,2300853
2026-06-05,2026,6,5,port664,Los Angeles-Long Beach,United States,USA,6,2,1,1,1,10,11,464156,4649,0,3596,13457,472402,485859,212163,72281,771,0,2781,285216,287998,2300855
2026-06-06,2026,6,6,port664,Los Angeles-Long Beach,United States,USA,2,0,0,1,3,3,6,91013,0,0,1532,43481,92546,136027,0,0,0,0,0,0,0,2300857
2026-06-07,2026,6,7,port664,Los Angeles-Long Beach,United States,USA,8,2,0,2,2,12,14,500601,4649,0,0,95637,505250,600888,33469,18408,0,0,7364,51877,59241,2300859
2026-06-08,2026,6,8,port664,Los Angeles-Long Beach,United States,USA,1,2,0,2,3,5,8,87160,32861,0,7239,174841,127261,302102,0,0,0,0,7364,0,7364,2300861
2026-06-09,2026,6,9,port664,Los Angeles-Long Beach,United States,USA,5,1,0,0,4,6,10,320662,0,0,0,69143,320662,389806,74190,4553,0,0,38686,78743,117430,2300863
2026-06-10,2026,6,10,port664,Los Angeles-Long Beach,United States,USA,10,2,0,1,0,13,13,586104,0,0,0,0,586104,586104,90456,51756,0,0,0,142213,142213,2300865
2026-06-11,2026,6,11,port664,Los Angeles-Long Beach,United States,USA,6,0,0,0,3,6,9,347849,0,0,0,289012,347849,636861,458091,0,0,0,11489,458091,469581,2300867
2026-06-12,2026,6,12,port664,Los Angeles-Long Beach,United States,USA,6,0,0,1,1,7,8,457447,0,0,1515,34333,458963,493296,27539,0,0,33,0,27572,27572,2300868
2026-06-13,2026,6,13,port664,Los Angeles-Long Beach,United States,USA,4,1,0,0,1,5,6,293363,68414,0,0,524,361777,362302,0,0,0,0,0,0,0,2300870
2026-06-14,2026,6,14,port664,Los Angeles-Long Beach,United States,USA,6,1,0,0,2,7,9,528247,0,0,0,193288,528247,721536,32777,205,0,0,2781,32983,35764,2300872
2026-06-15,2026,6,15,port664,Los Angeles-Long Beach,United States,USA,3,4,0,3,3,10,13,239794,26260,0,2711,97879,268766,366646,0,134403,0,0,4125,134403,138528,2300874
2026-06-16,2026,6,16,port664,Los Angeles-Long Beach,United States,USA,5,0,0,3,3,8,11,398921,0,0,3906,71311,402828,474140,0,0,0,7200,0,7200,7200,2300876
2026-06-17,2026,6,17,port664,Los Angeles-Long Beach,United States,USA,7,2,0,2,1,11,12,418485,33266,0,8855,0,460607,460607,164717,0,0,0,1325,164717,166042,2300878
2026-06-18,2026,6,18,port664,Los Angeles-Long Beach,United States,USA,5,0,0,1,1,6,7,303357,0,0,3959,136149,307317,443467,230266,0,0,0,0,230266,230266,2300880
2026-06-19,2026,6,19,port664,Los Angeles-Long Beach,United States,USA,5,3,0,0,2,8,10,267915,7223,0,0,58140,275138,333279,27539,52064,0,0,8352,79603,87956,2300882
2026-06-20,2026,6,20,port664,Los Angeles-Long Beach,United States,USA,5,1,1,1,5,8,13,247962,4649,0,4092,207462,256703,464166,89050,17826,0,0,0,106877,106877,2300884
2026-06-21,2026,6,21,port664,Los Angeles-Long Beach,United States,USA,6,1,0,0,0,7,7,598078,0,0,0,0,598078,598078,50080,53950,0,0,0,104030,104030,2300886
2026-06-22,2026,6,22,port664,Los Angeles-Long Beach,United States,USA,5,1,0,1,2,7,9,400518,0,0,4262,4697,404781,409478,0,61184,0,0,0,61184,61184,2300888
2026-06-23,2026,6,23,port664,Los Angeles-Long Beach,United States,USA,5,2,0,2,3,9,12,360840,11391,0,0,45012,372231,417243,0,0,0,0,2781,0,2781,2300890
2026-06-24,2026,6,24,port664,Los Angeles-Long Beach,United States,USA,11,2,1,0,2,14,16,686990,11913,0,0,155373,698904,854277,207806,17826,401,0,0,226033,226033,2300892
2026-06-25,2026,6,25,port664,Los Angeles-Long Beach,United States,USA,3,1,0,1,1,5,6,120268,4339,0,5495,11485,130103,141588,193665,0,0,0,0,193665,193665,2300894
2026-06-26,2026,6,26,port664,Los Angeles-Long Beach,United States,USA,6,0,0,1,2,7,9,250478,0,0,1515,36363,251994,288357,344582,0,0,33,0,344616,344616,2300896
2026-06-27,2026,6,27,port664,Los Angeles-Long Beach,United States,USA,3,2,1,0,1,6,7,295770,68414,1642,0,41870,365827,407698,25654,30818,1722,0,0,58194,58194,2300898
2026-06-28,2026,6,28,port664,Los Angeles-Long Beach,United States,USA,8,0,0,0,4,8,12,734131,0,0,0,237417,734131,971549,151726,0,0,0,0,151726,151726,2300900
2026-06-29,2026,6,29,port664,Los Angeles-Long Beach,United States,USA,2,1,1,0,5,4,9,73436,0,0,0,72122,73436,145558,0,3402,338,0,0,3740,3740,2300902
2026-06-30,2026,6,30,port664,Los Angeles-Long Beach,United States,USA,9,0,0,2,1,11,12,730779,0,0,4855,13457,735635,749092,67585,0,0,7166,2781,74752,77533,2300904
2026-06-21,2026,6,21,port1201,Singapore,Singapore,SGP,47,2,9,4,67,62,129,735802,13254,21687,0,274105,770744,1044850,905695,12388,3462,1024,333817,922571,1256388,3464039
2026-06-22,2026,6,22,port1201,Singapore,Singapore,SGP,40,1,8,6,97,55,152,672967,27063,5394,2224,654668,707650,1362319,811528,0,3239,7290,429256,822058,1251315,3464405
2026-06-23,2026,6,23,port1201,Singapore,Singapore,SGP,42,1,4,3,70,50,120,1163722,17720,959,4007,616620,1186410,1803030,727220,0,1036,0,326294,728257,1054551,3464407
2026-06-24,2026,6,24,port1201,Singapore,Singapore,SGP,37,4,8,3,76,52,128,809685,86116,4798,4652,362979,905253,1268233,652814,5971,6438,0,326183,665224,991407,3464410
2026-06-25,2026,6,25,port1201,Singapore,Singapore,SGP,50,4,5,4,77,63,140,706683,46643,8637,921,482160,762886,1245046,989043,21249,11550,0,240921,1021843,1262764,3464413
2026-06-26,2026,6,26,port1201,Singapore,Singapore,SGP,38,5,4,2,57,49,106,1072608,49359,3772,659,310915,1126399,1437314,844787,0,1671,44,276848,846503,1123352,3464416
2026-06-27,2026,6,27,port1201,Singapore,Singapore,SGP,39,4,5,2,67,50,117,1056637,16610,1604,183,563199,1075036,1638235,624398,13401,4219,886,279239,642905,922144,3464419
2026-06-28,2026,6,28,port1201,Singapore,Singapore,SGP,36,0,8,5,73,49,122,404291,0,6203,2706,272548,413201,685750,1105809,0,4129,4102,276665,1114041,1390707,3464422
2026-06-29,2026,6,29,port1201,Singapore,Singapore,SGP,37,0,12,4,85,53,138,318210,0,13664,54,352587,331929,684517,659339,0,10166,1345,626594,670851,1297445,3464425
2026-06-30,2026,6,30,port1201,Singapore,Singapore,SGP,34,4,7,2,68,47,115,448031,80023,7351,254,143109,535660,678770,363978,0,5005,899,379019,369883,748902,3464428
2026-06-01,2026,6,1,port1201,Singapore,Singapore,SGP,39,3,3,5,82,50,132,1006045,40318,2374,254,338402,1048993,1387395,565259,2985,2298,2012,275666,572556,848222,3465629
2026-06-02,2026,6,2,port1201,Singapore,Singapore,SGP,37,2,6,3,84,48,132,718577,18953,5451,254,534529,743236,1277766,547581,0,3964,899,529119,552444,1081564,3465630
2026-06-03,2026,6,3,port1201,Singapore,Singapore,SGP,36,0,2,5,63,43,106,720439,0,1919,183,236808,722542,959351,750403,0,1671,5698,321652,757773,1079426,3465631
2026-06-04,2026,6,4,port1201,Singapore,Singapore,SGP,37,4,5,5,65,51,116,594905,56694,2250,2996,598793,656847,1255640,1042098,1147,17893,5535,483594,1066675,1550269,3465632
2026-06-05,2026,6,5,port1201,Singapore,Singapore,SGP,37,4,8,3,72,52,124,987914,87651,5444,254,523197,1081265,1604462,561587,4252,10271,1408,336817,577520,914338,3465633
2026-06-06,2026,6,6,port1201,Singapore,Singapore,SGP,37,0,5,4,84,46,130,481186,0,2621,54,418994,483863,902857,747630,0,2087,4865,403775,754583,1158359,3465634
2026-06-07,2026,6,7,port1201,Singapore,Singapore,SGP,38,2,3,4,71,47,118,726307,0,2291,3937,341291,732536,1073828,775754,3556,835,1399,397026,781546,1178572,3465635
2026-06-08,2026,6,8,port1201,Singapore,Singapore,SGP,42,1,13,6,73,62,135,894630,8353,10298,960,574840,914243,1489083,571439,3925,14120,2045,197519,591530,789049,3465636
2026-06-09,2026,6,9,port1201,Singapore,Singapore,SGP,40,3,7,7,65,57,122,1021668,13254,11606,767,450187,1047296,1497484,652787,32723,9453,5087,210095,700050,910146,3465637
2026-06-10,2026,6,10,port1201,Singapore,Singapore,SGP,31,2,5,1,73,39,112,327083,47145,7754,0,442320,381983,824304,893124,0,4008,0,323002,897132,1220135,3465638
2026-06-11,2026,6,11,port1201,Singapore,Singapore,SGP,34,3,5,3,69,45,114,311258,53573,5233,254,336262,370319,706582,672703,5971,2725,4530,288749,685931,974681,3465639
2026-06-12,2026,6,12,port1201,Singapore,Singapore,SGP,45,4,7,4,68,60,128,1174226,81790,3524,0,274942,1259541,1534483,959626,16561,6546,1020,270608,983753,1254362,3465640
2026-06-13,2026,6,13,port1201,Singapore,Singapore,SGP,34,3,8,4,73,49,122,323649,50235,6351,0,548818,380236,929054,770353,0,4281,6587,275203,781222,1056426,3465641
2026-06-14,2026,6,14,port1201,Singapore,Singapore,SGP,34,2,6,4,74,46,120,535053,0,4484,0,429781,539537,969319,568405,8028,6837,6575,343960,589846,933806,3465642
2026-06-15,2026,6,15,port1201,Singapore,Singapore,SGP,43,3,8,3,64,57,121,1353375,99644,7698,183,161916,1460901,1622818,576384,2985,6541,886,230420,586798,817218,3465643
2026-06-16,2026,6,16,port1201,Singapore,Singapore,SGP,39,2,4,4,66,49,115,811717,34978,3839,0,293202,850534,1143736,726202,0,3343,9350,229467,738896,968364,3465644
2026-06-17,2026,6,17,port1201,Singapore,Singapore,SGP,37,0,4,5,83,46,129,522027,0,7088,3387,806605,532502,1339108,937808,0,2226,3571,337640,943607,1281247,3465645
2026-06-18,2026,6,18,port1201,Singapore,Singapore,SGP,41,1,8,5,84,55,139,652697,28422,9476,1968,275859,692564,968424,666430,0,3640,5564,346346,675634,1021981,3465646
2026-06-19,2026,6,19,port1201,Singapore,Singapore,SGP,38,2,8,3,73,51,124,702779,61717,4213,254,699516,768964,1468481,1029485,2985,2824,5642,439887,1040938,1480826,3465647
2026-06-20,2026,6,20,port1201,Singapore,Singapore,SGP,31,4,2,2,53,39,92,269240,93934,7313,0,233121,370488,603609,614949,2985,835,514,255696,619285,874982,3465648
2026-06-01,2026,6,1,port1065,Busan,Korea,KOR,30,0,7,0,10,37,47,132884,0,6828,0,16278,139712,155991,139672,0,4180,0,6091,143853,149945,3605176
2026-06-02,2026,6,2,port1065,Busan,Korea,KOR,35,2,5,0,8,42,50,246615,380,13861,0,18002,260858,278860,217127,5806,0,0,4098,222934,227033,3605177
2026-06-03,2026,6,3,port1065,Busan,Korea,KOR,24,1,16,2,5,43,48,312135,48630,15964,471,10257,377201,387458,163536,0,3820,1019,3172,168376,171549,3605178
2026-06-04,2026,6,4,port1065,Busan,Korea,KOR,32,2,7,0,5,41,46,230652,0,6746,0,5645,237398,243044,175507,2060,4009,0,1078,181577,182656,3605179
2026-06-05,2026,6,5,port1065,Busan,Korea,KOR,33,2,10,0,8,45,53,170797,5258,10013,0,18559,186069,204628,146369,4445,3874,0,3113,154689,157802,3605180
2026-06-06,2026,6,6,port1065,Busan,Korea,KOR,32,1,9,0,3,42,45,111406,0,6950,0,8173,118356,126530,152695,24041,6807,0,1231,183544,184776,3605181
2026-06-07,2026,6,7,port1065,Busan,Korea,KOR,31,1,7,2,9,41,50,170388,2116,12624,168,28723,185297,214021,129354,0,1784,4441,3593,135581,139174,3605182
2026-06-08,2026,6,8,port1065,Busan,Korea,KOR,32,5,5,0,7,42,49,212138,15984,5485,0,14936,233608,248545,233271,10812,1358,0,3559,245442,249001,3605183
2026-06-09,2026,6,9,port1065,Busan,Korea,KOR,32,2,12,0,9,46,55,275184,5303,15460,0,21316,295948,317264,141934,6941,5458,0,3326,154335,157662,3605184
2026-06-10,2026,6,10,port1065,Busan,Korea,KOR,29,2,16,1,9,48,57,81818,11909,16953,0,14632,110681,125314,194828,0,6587,543,3054,201958,205013,3605185
2026-06-11,2026,6,11,port1065,Busan,Korea,KOR,36,1,9,3,9,49,58,199989,0,13193,471,22808,213654,236463,301247,10874,2978,2912,9506,318013,327519,3605186
2026-06-12,2026,6,12,port1065,Busan,Korea,KOR,31,2,7,1,8,41,49,153470,0,8581,146,15066,162198,177265,104169,1286,1581,708,5773,107746,113519,3605187
2026-06-13,2026,6,13,port1065,Busan,Korea,KOR,31,1,7,1,4,40,44,151852,4877,9039,1387,7403,167157,174560,112331,2691,2295,0,1833,117318,119151,3605188
2026-06-14,2026,6,14,port1065,Busan,Korea,KOR,33,1,12,2,7,48,55,412317,380,12997,336,13236,426032,439269,250853,1754,3045,725,4209,256379,260589,3605189
2026-06-15,2026,6,15,port1065,Busan,Korea,KOR,35,1,10,0,10,46,56,205606,0,8921,0,27395,214528,241923,198392,0,7233,0,3497,205625,209122,3605190
2026-06-16,2026,6,16,port1065,Busan,Korea,KOR,35,1,6,0,10,42,52,137441,0,9684,0,24894,147125,172020,239320,884,912,0,5932,241117,247049,3605191
2026-06-17,2026,6,17,port1065,Busan,Korea,KOR,31,0,10,1,6,42,48,123127,0,15946,168,16545,139242,155787,286373,0,4800,362,2808,291536,294345,3605192
2026-06-18,2026,6,18,port1065,Busan,Korea,KOR,21,0,12,3,2,36,38,120990,0,10971,617,4462,132579,137041,106809,0,4131,1547,4021,112488,116510,3605193
2026-06-19,2026,6,19,port1065,Busan,Korea,KOR,26,0,2,1,8,29,37,143431,0,1138,0,13837,144569,158406,197116,0,2359,0,4289,199476,203766,3605194
2026-06-20,2026,6,20,port1065,Busan,Korea,KOR,31,0,11,2,3,44,47,225046,0,10705,146,4699,235898,240597,179641,0,5318,708,1144,185668,186813,3605195
2026-06-21,2026,6,21,port1065,Busan,Korea,KOR,39,4,14,1,7,58,65,141225,25210,12904,0,25376,179340,204716,356742,6366,3728,605,1618,367443,369061,3605196
2026-06-22,2026,6,22,port1065,Busan,Korea,KOR,32,1,10,3,9,46,55,109263,4299,21786,168,27418,135518,162936,117273,0,1568,1873,6872,120714,127586,3605197
2026-06-23,2026,6,23,port1065,Busan,Korea,KOR,34,2,13,0,6,49,55,168165,5684,15966,0,11644,189816,201460,133016,5430,5780,0,2265,144227,146492,3605198
2026-06-24,2026,6,24,port1065,Busan,Korea,KOR,28,3,13,3,7,47,54,206535,30716,15023,168,15195,252443,267639,303682,6366,4089,905,3344,315045,318389,3605199
2026-06-25,2026,6,25,port1065,Busan,Korea,KOR,29,2,10,2,9,43,52,196579,5684,10097,471,12550,212832,225383,218114,5430,8402,634,3280,232582,235862,3605200
2026-06-26,2026,6,26,port1065,Busan,Korea,KOR,34,0,3,0,6,37,43,183376,0,5345,0,18228,188721,206950,153241,0,912,0,1231,154154,155386,3605201
2026-06-27,2026,6,27,port1065,Busan,Korea,KOR,31,3,14,0,6,48,54,187283,4767,17974,0,17246,210025,227272,161598,1754,6048,0,1663,169402,171065,3605202
2026-06-28,2026,6,28,port1065,Busan,Korea,KOR,27,3,20,1,8,51,59,158672,10606,28561,1810,25162,199651,224814,100665,7614,8348,0,3344,116628,119972,3605203
2026-06-29,2026,6,29,port1065,Busan,Korea,KOR,28,4,7,0,7,39,46,151823,6260,4552,0,10257,162636,172893,169019,5430,1999,0,3410,176448,179859,3605204
2026-06-30,2026,6,30,port1065,Busan,Korea,KOR,34,3,18,2,14,57,71,166107,8867,18913,471,24444,194359,218804,179221,8378,6704,2695,6152,197001,203153,3605205
2026-07-01,2026,7,1,port1188,Shanghai,China,CHN,34,17,3,8,14,62,76,315690,26748,13326,2422,60131,358187,418318,398699,46614,4470,11143,3386,460928,464315,189800
2026-07-02,2026,7,2,port1188,Shanghai,China,CHN,33,25,14,6,16,78,94,230567,291020,11754,619,83470,533962,617432,407884,42288,21077,10044,65650,481295,546946,189804
2026-07-03,2026,7,3,port1188,Shanghai,China,CHN,33,27,9,9,14,78,92,515118,335579,26294,2026,98463,879018,977481,323103,54367,1444,17435,55431,396352,451783,189808
2026-07-04,2026,7,4,port1188,Shanghai,China,CHN,32,19,7,6,18,64,82,414432,87537,1438,0,95732,503408,599140,373352,83041,18436,871,35016,475700,510717,189812
2026-07-05,2026,7,5,port1188,Shanghai,China,CHN,33,21,12,5,20,71,91,538140,185210,12446,0,95109,735797,830907,315782,212265,15185,16401,71771,559634,631405,189816
2026-07-06,2026,7,6,port1188,Shanghai,China,CHN,35,28,9,4,16,76,92,364207,333980,9867,2830,38413,710885,749299,334311,178750,20255,8455,107448,541772,649221,189819
2026-07-07,2026,7,7,port1188,Shanghai,China,CHN,37,35,11,10,14,93,107,428434,320859,10254,1227,78057,760775,838832,412587,125922,26158,28815,30640,593484,624124,189824
2026-07-08,2026,7,8,port1188,Shanghai,China,CHN,33,32,11,3,12,79,91,373090,549993,9158,0,9831,932242,942073,391131,85643,8702,8453,53278,493930,547209,189828
2026-07-09,2026,7,9,port1188,Shanghai,China,CHN,32,14,5,2,5,53,58,205370,153094,7869,409,3809,366743,370553,244578,48462,17079,4081,55392,314201,369594,189832
2026-07-10,2026,7,10,port1188,Shanghai,China,CHN,6,0,1,0,0,7,7,157608,0,190,0,0,157799,157799,31682,0,0,0,0,31682,31682,189836
2026-07-11,2026,7,11,port1188,Shanghai,China,CHN,0,0,0,0,0,0,0,0,0,0,0,0,0,0,0,0,0,0,0,0,0,189840
2026-07-12,2026,7,12,port1188,Shanghai,China,CHN,0,0,0,0,0,0,0,0,0,0,0,0,0,0,0,0,0,0,0,0,0,189844
2026-07-13,2026,7,13,port1188,Shanghai,China,CHN,32,12,2,6,5,52,57,195212,149515,0,0,34495,344728,379223,208313,47519,402,11998,2892,268234,271126,189848
2026-07-14,2026,7,14,port1188,Shanghai,China,CHN,35,15,16,6,20,72,92,1067764,72781,1438,1283,54838,1143268,1198106,307638,65456,41196,16461,38040,430752,468792,189852
2026-07-15,2026,7,15,port1188,Shanghai,China,CHN,39,31,7,8,18,85,103,477529,330413,17628,4687,38025,830259,868284,396750,109771,13487,12017,60085,532027,592112,189856
2026-07-16,2026,7,16,port1188,Shanghai,China,CHN,32,31,10,5,15,78,93,754881,314404,18124,818,105815,1088228,1194043,335564,96728,8964,16158,46622,457415,504038,189859
2026-07-17,2026,7,17,port1188,Shanghai,China,CHN,33,27,16,6,23,82,105,570466,305166,12005,1876,71703,889516,961219,284076,121404,21580,21211,21226,448273,469499,189863
2026-07-18,2026,7,18,port1188,Shanghai,China,CHN,34,31,16,6,20,87,107,247725,184832,27222,799,112435,460580,573015,344394,104890,18121,15048,90351,482454,572806,189867
2026-07-19,2026,7,19,port1188,Shanghai,China,CHN,33,28,7,5,19,73,92,337616,139457,1595,1565,117783,480234,598018,282947,18022,10219,4417,69685,315605,385291,189871
2026-07-20,2026,7,20,port1188,Shanghai,China,CHN,38,37,9,6,31,90,121,292871,226396,39417,0,176274,558686,734960,292481,282931,4302,15642,145421,595357,740778,189875
2026-07-21,2026,7,21,port1188,Shanghai,China,CHN,36,31,9,2,17,78,95,293234,517444,2647,0,63915,813326,877241,292835,126008,14673,273,18010,433790,451800,189879
2026-07-22,2026,7,22,port1188,Shanghai,China,CHN,33,38,7,7,15,85,100,255379,277769,182,1289,40603,534621,575224,411946,133874,10720,13748,30503,570289,600792,189883
2026-07-23,2026,7,23,port1188,Shanghai,China,CHN,20,22,6,7,17,55,72,186538,284910,5782,2389,63200,479621,542821,260612,51934,12740,8129,6205,333417,339623,189887
2026-07-24,2026,7,24,port1188,Shanghai,China,CHN,33,25,10,4,14,72,86,296349,358657,21252,409,21109,676668,697778,318710,73870,9521,9519,43108,411621,454729,189891
2026-07-25,2026,7,25,port1188,Shanghai,China,CHN,22,20,14,6,16,62,78,277084,335973,22972,409,82121,636439,718561,169891,33078,23400,18311,51819,244681,296500,189895
2026-07-26,2026,7,26,port1188,Shanghai,China,CHN,28,25,10,6,16,69,85,504575,223791,41941,246,93134,770554,863689,307678,117675,9268,15095,27924,449718,477643,189898
2026-07-27,2026,7,27,port1188,Shanghai,China,CHN,30,24,4,5,19,63,82,189782,403478,1438,857,140311,595557,735869,336522,54179,6570,4238,53597,401510,455107,189900
2026-07-28,2026,7,28,port1188,Shanghai,China,CHN,28,25,11,6,22,70,92,382826,225256,7000,1077,38795,616161,654956,199214,122942,19428,14133,25390,355719,381109,189904
2026-07-29,2026,7,29,port1188,Shanghai,China,CHN,31,19,10,5,19,65,84,259547,141469,13186,3055,74806,417258,492065,480638,82404,13808,4097,20626,580950,601576,189908
2026-07-30,2026,7,30,port1188,Shanghai,China,CHN,33,25,5,3,7,66,73,772939,167184,11754,5477,56760,957356,1014117,429285,72772,3295,2918,25076,508271,533348,189912
2026-07-31,2026,7,31,port1188,Shanghai,China,CHN,35,20,6,3,16,64,80,900333,202769,4954,409,56337,1108467,1164805,404019,94855,3823,7915,52111,510614,562725,189916
2026-07-01,2026,7,1,port744,Jebel Ali,United Arab Emirates,ARE,3,1,3,0,4,7,11,55489,38130,8162,0,55985,101782,157768,86950,0,1152,0,38937,88102,127040,197859
2026-07-02,2026,7,2,port744,Jebel Ali,United Arab Emirates,ARE,2,2,4,0,1,8,9,70649,36994,1119,0,64470,108764,173234,9191,0,10249,0,0,19441,19441,197860
2026-07-03,2026,7,3,port744,Jebel Ali,United Arab Emirates,ARE,1,2,2,0,1,5,6,37460,106756,520,0,16213,144738,160951,0,0,2825,0,0,2825,2825,197861
2026-07-04,2026,7,4,port744,Jebel Ali,United Arab Emirates,ARE,2,0,3,0,6,5,11,8645,0,1119,0,132490,9765,142255,94622,0,22255,0,42624,116878,159502,197862
2026-07-05,2026,7,5,port744,Jebel Ali,United Arab Emirates,ARE,1,0,2,0,0,3,3,0,0,1119,0,0,1119,1119,7896,0,1152,0,0,9048,9048,197863
2026-07-06,2026,7,6,port744,Jebel Ali,United Arab Emirates,ARE,4,3,2,0,1,9,10,55489,113356,1119,0,0,169966,169966,49954,2142,1152,0,0,53248,53248,197864
2026-07-07,2026,7,7,port744,Jebel Ali,United Arab Emirates,ARE,2,1,2,0,1,5,6,0,21666,1410,0,13748,23077,36826,67363,2142,0,0,5019,69506,74525,197865
2026-07-08,2026,7,8,port744,Jebel Ali,United Arab Emirates,ARE,4,0,2,0,2,6,8,119781,0,0,0,17653,119781,137435,88841,0,3172,0,588,92013,92601,197866
2026-07-09,2026,7,9,port744,Jebel Ali,United Arab Emirates,ARE,3,1,3,0,0,7,7,2519,0,3853,0,0,6372,6372,45269,331,13507,0,0,59108,59108,197867
2026-07-10,2026,7,10,port744,Jebel Ali,United Arab Emirates,ARE,4,0,2,0,2,6,8,166469,0,941,0,50512,167411,217924,78022,0,3147,0,0,81169,81169,197868
2026-07-11,2026,7,11,port744,Jebel Ali,United Arab Emirates,ARE,2,0,2,0,0,4,4,55489,0,0,0,0,55489,55489,76969,0,4585,0,0,81555,81555,197869
2026-07-12,2026,7,12,port744,Jebel Ali,United Arab Emirates,ARE,1,1,2,0,0,4,4,0,0,0,0,0,0,0,0,20791,9757,0,0,30549,30549,197870
2026-07-13,2026,7,13,port744,Jebel Ali,United Arab Emirates,ARE,2,0,1,0,1,3,4,64135,0,1150,0,0,65285,65285,17881,0,0,0,391,17881,18273,197871
2026-07-14,2026,7,14,port744,Jebel Ali,United Arab Emirates,ARE,3,0,3,0,1,6,7,55489,0,2239,0,9896,57729,67626,79034,0,2304,0,4217,81338,85556,197872
2026-07-15,2026,7,15,port744,Jebel Ali,United Arab Emirates,ARE,2,2,5,0,1,9,10,8645,28826,8598,0,5232,46070,51303,40304,878,2017,0,0,43200,43200,197873
2026-07-16,2026,7,16,port744,Jebel Ali,United Arab Emirates,ARE,5,0,2,0,1,7,8,85678,0,1119,0,0,86798,86798,106616,0,2562,0,0,109179,109179,197874
2026-07-17,2026,7,17,port744,Jebel Ali,United Arab Emirates,ARE,4,0,1,0,2,5,7,110979,0,941,0,109288,111921,221209,91260,0,1167,0,0,92428,92428,197875
2026-07-18,2026,7,18,port744,Jebel Ali,United Arab Emirates,ARE,1,0,0,0,1,1,2,10120,0,0,0,48063,10120,58184,0,0,0,0,0,0,0,197876
2026-07-19,2026,7,19,port744,Jebel Ali,United Arab Emirates,ARE,3,1,4,0,1,8,9,13579,0,3407,0,15305,16987,32292,35999,27860,2175,0,0,66035,66035,197877
2026-07-20,2026,7,20,port744,Jebel Ali,United Arab Emirates,ARE,1,0,2,0,0,3,3,7173,0,0,0,0,7173,7173,0,0,5034,0,0,5034,5034,197878
2026-07-21,2026,7,21,port744,Jebel Ali,United Arab Emirates,ARE,1,0,1,0,1,2,3,64291,0,1119,0,68490,65411,133901,14991,0,1152,0,0,16143,16143,197879
2026-07-22,2026,7,22,port744,Jebel Ali,United Arab Emirates,ARE,2,1,2,0,2,5,7,55489,4736,4427,0,17261,64654,81915,50655,0,391,0,588,51046,51634,197880
2026-07-23,2026,7,23,port744,Jebel Ali,United Arab Emirates,ARE,0,0,1,0,2,1,3,0,0,0,0,68058,0,68058,0,0,3175,0,608,3175,3784,197881
2026-07-24,2026,7,24,port744,Jebel Ali,United Arab Emirates,ARE,4,0,2,0,0,6,6,0,0,1119,0,0,1119,1119,182916,0,1152,0,0,184068,184068,197882
2026-07-25,2026,7,25,port744,Jebel Ali,United Arab Emirates,ARE,3,1,2,0,1,6,7,65649,21666,1119,0,0,88436,88436,68423,2142,8079,0,0,78646,78646,197883
2026-07-26,2026,7,26,port744,Jebel Ali,United Arab Emirates,ARE,1,1,3,0,0,5,5,0,21666,0,0,0,21666,21666,22715,2142,2676,0,0,27534,27534,197884
2026-07-27,2026,7,27,port744,Jebel Ali,United Arab Emirates,ARE,1,0,1,0,0,2,2,37460,0,1119,0,0,38580,38580,0,0,1152,0,0,1152,1152,197885
2026-07-28,2026,7,28,port744,Jebel Ali,United Arab Emirates,ARE,3,2,2,0,2,7,9,59566,48379,0,0,42824,107946,150771,79547,22148,22990,0,0,124685,124685,197886
2026-07-29,2026,7,29,port744,Jebel Ali,United Arab Emirates,ARE,2,1,2,0,0,5,5,55489,0,5026,0,0,60516,60516,38180,878,1152,0,0,40211,40211,197887
2026-07-30,2026,7,30,port744,Jebel Ali,United Arab Emirates,ARE,2,0,3,0,0,5,5,55489,0,2239,0,0,57729,57729,20202,0,3888,0,0,24091,24091,197888
2026-07-31,2026,7,31,port744,Jebel Ali,United Arab Emirates,ARE,3,2,1,0,0,6,6,0,21666,0,0,0,21666,21666,28026,20183,0,0,0,48209,48209,197889
2026-07-01,2026,7,1,port1114,Rotterdam,The Netherlands,NLD,19,1,14,5,46,39,85,53484,9046,4943,211,497472,67686,565158,79094,0,14894,4974,177231,98964,276195,377697
2026-07-02,2026,7,2,port1114,Rotterdam,The Netherlands,NLD,29,2,15,6,43,52,95,416482,128209,5982,0,233523,550674,784198,136234,0,7291,6967,102001,150493,252494,377700
2026-07-03,2026,7,3,port1114,Rotterdam,The Netherlands,NLD,11,4,14,5,52,34,86,31462,132255,20350,0,540328,184068,724396,110721,47909,7744,6860,133014,173236,306250,377703
2026-07-04,2026,7,4,port1114,Rotterdam,The Netherlands,NLD,15,5,13,6,51,39,90,76263,326058,8351,559,389737,411233,800970,347715,6216,6294,2234,196267,362460,558727,377706
2026-07-05,2026,7,5,port1114,Rotterdam,The Netherlands,NLD,24,0,14,4,41,42,83,298346,0,12344,1592,540616,312283,852899,128430,0,7985,0,37490,136415,173906,377709
2026-07-06,2026,7,6,port1114,Rotterdam,The Netherlands,NLD,15,3,11,9,34,38,72,52817,67637,6744,2196,390800,129395,520195,67673,0,6862,2374,176464,76909,253373,377712
2026-07-07,2026,7,7,port1114,Rotterdam,The Netherlands,NLD,14,3,10,9,44,36,80,4049,209512,3923,2388,642912,219873,862786,93909,0,6600,10372,90751,110883,201635,377715
2026-07-08,2026,7,8,port1114,Rotterdam,The Netherlands,NLD,16,6,15,4,52,41,93,155027,166775,2865,0,225573,324669,550243,145314,19159,13635,3689,154630,181799,336430,377718
2026-07-09,2026,7,9,port1114,Rotterdam,The Netherlands,NLD,18,4,9,7,35,38,73,94747,181308,3705,0,368292,279761,648053,92768,6216,7224,8839,35017,115049,150066,377721
2026-07-10,2026,7,10,port1114,Rotterdam,The Netherlands,NLD,16,3,15,5,47,39,86,72550,55588,16617,0,469061,144755,613817,87732,0,12236,3738,103132,103707,206840,377723
2026-07-11,2026,7,11,port1114,Rotterdam,The Netherlands,NLD,25,2,12,8,44,47,91,644300,76136,8942,413,491609,729792,1221401,93325,0,10444,5055,177502,108825,286327,377726
2026-07-12,2026,7,12,port1114,Rotterdam,The Netherlands,NLD,16,3,16,4,35,39,74,29470,231404,11037,1912,300593,273825,574419,101972,0,11966,1379,86729,115318,202048,377729
2026-07-13,2026,7,13,port1114,Rotterdam,The Netherlands,NLD,19,2,16,7,46,44,90,292957,41704,20587,3587,656393,358837,1015231,80435,0,10031,2374,87497,92841,180339,377732
2026-07-14,2026,7,14,port1114,Rotterdam,The Netherlands,NLD,24,3,23,9,38,59,97,191650,59358,29131,187,83373,280328,363701,141666,0,8547,17802,94655,168016,262672,377735
2026-07-15,2026,7,15,port1114,Rotterdam,The Netherlands,NLD,15,2,21,4,52,42,94,95464,160211,7858,0,546364,263534,809898,67317,0,12223,3121,113273,82662,195936,377738
2026-07-16,2026,7,16,port1114,Rotterdam,The Netherlands,NLD,17,6,7,7,45,37,82,75731,210738,1914,0,215952,288385,504337,66618,3108,6638,12474,94397,88839,183237,377741
2026-07-17,2026,7,17,port1114,Rotterdam,The Netherlands,NLD,16,1,10,4,51,31,82,227172,2404,1517,0,548019,231094,779114,115447,0,3706,4868,77424,124023,201448,377744
2026-07-18,2026,7,18,port1114,Rotterdam,The Netherlands,NLD,15,3,13,9,53,40,93,226441,105580,4543,1161,505751,337727,843478,73287,0,7827,8465,218110,89580,307690,377747
2026-07-19,2026,7,19,port1114,Rotterdam,The Netherlands,NLD,18,3,12,6,41,39,80,305172,303397,9691,1273,689813,619534,1309347,144278,3108,4788,4223,215247,156398,371646,377750
2026-07-20,2026,7,20,port1114,Rotterdam,The Netherlands,NLD,20,5,15,6,44,46,90,86374,64218,6458,3892,145210,160944,306154,58240,36676,7852,4092,178794,106862,285657,377753
2026-07-21,2026,7,21,port1114,Rotterdam,The Netherlands,NLD,14,2,18,8,50,42,92,111962,86192,6634,187,329812,204976,534788,189059,3108,18419,7360,143007,217948,360955,377756
2026-07-22,2026,7,22,port1114,Rotterdam,The Netherlands,NLD,16,2,12,7,45,37,82,18287,150933,3778,26,123585,173025,296611,106260,0,4593,9546,123720,120400,244120,377759
2026-07-23,2026,7,23,port1114,Rotterdam,The Netherlands,NLD,23,0,15,5,46,43,89,88527,0,8147,1857,262666,98532,361198,215102,0,10531,1764,84085,227398,311483,377765
2026-07-24,2026,7,24,port1114,Rotterdam,The Netherlands,NLD,23,1,15,8,48,47,95,313493,248490,3088,3273,792158,568346,1360505,189794,0,12889,11197,112469,213881,326351,377768
2026-07-25,2026,7,25,port1114,Rotterdam,The Netherlands,NLD,16,3,12,8,47,39,86,260283,368360,6339,930,388218,635914,1024132,188022,0,6060,6513,112642,200597,313239,377771
2026-07-26,2026,7,26,port1114,Rotterdam,The Netherlands,NLD,14,2,10,5,47,31,78,128981,120636,8831,319,491049,258768,749818,52498,0,3825,1836,121271,58161,179432,377774
2026-07-27,2026,7,27,port1114,Rotterdam,The Netherlands,NLD,16,4,17,6,59,43,102,92174,197429,5339,3705,282421,298648,581069,100509,0,10434,1187,216415,112130,328546,377777
2026-07-28,2026,7,28,port1114,Rotterdam,The Netherlands,NLD,19,3,18,8,47,48,95,72644,77328,11015,0,446306,160989,607295,180207,35560,5415,16761,62418,237944,300362,377780
2026-07-29,2026,7,29,port1114,Rotterdam,The Netherlands,NLD,19,2,13,4,52,38,90,103691,225536,10793,0,366557,340020,706578,80555,3108,13271,4570,92208,101505,193713,377783
2026-07-30,2026,7,30,port1114,Rotterdam,The Netherlands,NLD,20,3,7,7,46,37,83,196624,122917,1161,0,192052,320703,512755,161209,3108,6927,12401,122855,183647,306502,377786
2026-07-31,2026,7,31,port1114,Rotterdam,The Netherlands,NLD,15,2,15,5,41,37,78,323501,72743,5146,0,183856,401392,585249,132009,784,10339,2026,94011,145160,239171,377789
2026-07-01,2026,7,1,port1160,Santos,Brazil,BRA,4,7,4,0,1,15,16,70952,31386,5507,0,4208,107846,112054,0,203583,66113,0,0,269696,269696,1627439
2026-07-02,2026,7,2,port1160,Santos,Brazil,BRA,2,3,0,0,1,5,6,58551,0,0,0,44841,58551,103392,0,158793,0,0,0,158793,158793,1627441
2026-07-03,2026,7,3,port1160,Santos,Brazil,BRA,8,8,0,1,5,17,22,123146,13119,0,0,34425,136266,170692,84795,184074,0,460,7044,269330,276375,1627442
2026-07-04,2026,7,4,port1160,Santos,Brazil,BRA,4,4,1,0,0,9,9,24901,85197,6928,0,0,117028,117028,47526,95763,0,0,0,143290,143290,1627445
2026-07-05,2026,7,5,port1160,Santos,Brazil,BRA,8,1,0,0,3,9,12,54715,8145,0,0,12186,62861,75047,155086,0,0,0,2834,155086,157921,1627448
2026-07-06,2026,7,6,port1160,Santos,Brazil,BRA,2,6,0,0,1,8,9,35376,6559,0,0,40904,41936,82841,23128,286855,0,0,0,309983,309983,1627451
2026-07-07,2026,7,7,port1160,Santos,Brazil,BRA,8,8,2,1,2,19,21,60794,17340,1610,0,24451,79745,104196,212024,378217,31472,4197,30105,625912,656017,1627454
2026-07-08,2026,7,8,port1160,Santos,Brazil,BRA,6,3,2,0,3,11,14,3014,6559,0,0,0,9574,9574,32990,146166,37170,0,81060,216327,297387,1627457
2026-07-09,2026,7,9,port1160,Santos,Brazil,BRA,9,9,1,0,2,19,21,67053,55325,0,0,489,122378,122867,102726,380041,2136,0,0,484904,484904,1627460
2026-07-10,2026,7,10,port1160,Santos,Brazil,BRA,7,9,0,1,3,17,20,140221,33638,0,62,6271,173922,180193,65565,256073,0,1743,12649,323382,336032,1627463
2026-07-11,2026,7,11,port1160,Santos,Brazil,BRA,7,9,4,1,3,21,24,104583,6559,5517,0,23859,116660,140519,22956,397202,16360,2129,32723,438648,471372,1627466
2026-07-12,2026,7,12,port1160,Santos,Brazil,BRA,4,6,0,0,4,10,14,112739,12437,0,0,25405,125177,150582,17005,325421,0,0,28315,342427,370742,1627469
2026-07-13,2026,7,13,port1160,Santos,Brazil,BRA,7,5,2,0,3,14,17,0,0,0,0,45765,0,45765,124651,228649,54344,0,115171,407645,522817,1627472
2026-07-14,2026,7,14,port1160,Santos,Brazil,BRA,6,1,0,1,2,8,10,62354,0,0,0,7480,62354,69834,119568,67106,0,0,2785,186674,189459,1627475
2026-07-15,2026,7,15,port1160,Santos,Brazil,BRA,8,10,1,0,4,19,23,62702,121653,0,0,16129,184355,200485,7783,286368,3060,0,3171,297212,300383,1627478
2026-07-16,2026,7,16,port1160,Santos,Brazil,BRA,7,7,0,1,1,15,16,70990,59043,0,0,0,130034,130034,41216,240033,0,1200,447,282450,282897,1627481
2026-07-17,2026,7,17,port1160,Santos,Brazil,BRA,7,9,1,1,2,18,20,78365,82015,0,0,0,160381,160381,71202,306283,26404,5973,44309,409863,454172,1627484
2026-07-18,2026,7,18,port1160,Santos,Brazil,BRA,8,6,0,1,4,15,19,117397,69336,0,62,9515,186796,196311,51136,230767,0,1743,45567,283647,329214,1627486
2026-07-19,2026,7,19,port1160,Santos,Brazil,BRA,2,4,0,0,3,6,9,9939,15180,0,0,441,25119,25561,114639,170281,0,0,766,284920,285686,1627489
2026-07-20,2026,7,20,port1160,Santos,Brazil,BRA,7,5,2,0,2,14,16,20911,28171,0,0,0,49083,49083,117677,119709,30171,0,78789,267558,346347,1627492
2026-07-21,2026,7,21,port1160,Santos,Brazil,BRA,7,4,1,0,3,12,15,13376,0,0,0,64666,13376,78042,130609,270549,10221,0,29151,411380,440532,1627495
2026-07-22,2026,7,22,port1160,Santos,Brazil,BRA,4,7,2,0,1,13,14,46600,33474,1610,0,15300,81686,96986,39675,388293,28075,0,0,456044,456044,1627498
2026-07-23,2026,7,23,port1160,Santos,Brazil,BRA,8,7,0,0,5,15,20,45315,9154,0,0,4760,54469,59230,96054,259336,0,0,0,355390,355390,1627501
2026-07-24,2026,7,24,port1160,Santos,Brazil,BRA,6,0,0,1,1,7,8,88307,0,0,0,24877,88307,113184,17005,0,0,0,0,17005,17005,1627504
2026-07-25,2026,7,25,port1160,Santos,Brazil,BRA,8,3,0,0,2,11,13,124540,65339,0,0,0,189879,189879,29635,67291,0,0,17732,96927,114660,1627507
2026-07-26,2026,7,26,port1160,Santos,Brazil,BRA,7,6,2,1,3,16,19,38626,6559,0,0,0,45186,45186,137850,302727,28490,4631,8407,473698,482105,1627510
2026-07-27,2026,7,27,port1160,Santos,Brazil,BRA,6,6,0,0,4,12,16,26255,58446,0,0,45348,84701,130050,105099,249623,0,0,0,354723,354723,1627513
2026-07-28,2026,7,28,port1160,Santos,Brazil,BRA,7,5,0,1,2,13,15,87983,75577,0,0,22949,163560,186510,142209,231906,0,4382,6245,378498,384743,1627516
2026-07-29,2026,7,29,port1160,Santos,Brazil,BRA,2,6,2,0,3,10,13,16201,0,1610,0,1911,17812,19723,4207,242666,15955,0,33614,262829,296443,1627519
2026-07-30,2026,7,30,port1160,Santos,Brazil,BRA,8,9,0,1,3,18,21,95339,171281,0,0,30066,266621,296688,43194,201488,0,3542,0,248225,248225,1627522
2026-07-31,2026,7,31,port1160,Santos,Brazil,BRA,7,4,2,1,4,14,18,112052,6559,0,0,10757,118612,129369,87192,222011,46041,3213,42313,358458,400772,1627525
2026-07-01,2026,7,1,port57,Antwerp,Belgium,BEL,11,0,13,0,32,24,56,67793,0,13007,0,114449,80800,195250,181917,0,4307,0,84502,186224,270727,1886519
2026-07-02,2026,7,2,port57,Antwerp,Belgium,BEL,14,2,8,2,36,26,62,455518,1151,1425,1167,92863,459263,552126,230180,51400,13647,0,163123,295228,458351,1886520
2026-07-03,2026,7,3,port57,Antwerp,Belgium,BEL,14,1,11,3,29,29,58,122150,34823,5346,3639,36497,165960,202457,186526,0,9578,1132,78177,197237,275414,1886521
2026-07-04,2026,7,4,port57,Antwerp,Belgium,BEL,13,2,7,1,35,23,58,131244,14856,1742,0,105151,147844,252996,405468,8849,6114,0,138064,420432,558497,1886522
2026-07-05,2026,7,5,port57,Antwerp,Belgium,BEL,13,1,5,2,29,21,50,392673,0,1180,512,203575,394366,597941,310206,66678,20423,0,127932,397307,525240,1886523
2026-07-06,2026,7,6,port57,Antwerp,Belgium,BEL,11,2,11,1,32,25,57,42851,57382,25100,0,42442,125334,167776,316856,0,4980,0,46102,321837,367939,1886524
2026-07-07,2026,7,7,port57,Antwerp,Belgium,BEL,11,0,8,1,31,20,51,556509,0,4295,0,73328,560804,634133,141125,0,8196,657,83787,149978,233765,1886525
2026-07-08,2026,7,8,port57,Antwerp,Belgium,BEL,14,2,11,6,28,33,61,235379,84985,4280,0,26158,324645,350803,388008,0,15203,6113,62174,409324,471499,1886526
2026-07-09,2026,7,9,port57,Antwerp,Belgium,BEL,16,2,11,1,30,30,60,307020,10294,6744,595,160837,324654,485492,195463,0,10375,0,113560,205839,319400,1886527
2026-07-10,2026,7,10,port57,Antwerp,Belgium,BEL,10,1,7,1,49,19,68,172982,22963,3730,0,116806,199675,316481,108070,0,4861,0,90307,112932,203239,1886528
2026-07-11,2026,7,11,port57,Antwerp,Belgium,BEL,11,0,10,3,42,24,66,18518,0,4311,11268,141963,34098,176062,238255,0,6717,3563,139486,248536,388023,1886529
2026-07-12,2026,7,12,port57,Antwerp,Belgium,BEL,11,1,5,1,30,18,48,218477,0,2083,2057,133072,222618,355691,168089,47354,6183,0,22747,221627,244374,1886530
2026-07-13,2026,7,13,port57,Antwerp,Belgium,BEL,16,1,5,2,24,24,48,171012,0,6221,2098,54508,179332,233840,392649,45648,5391,3961,83348,447651,531000,1886531
2026-07-14,2026,7,14,port57,Antwerp,Belgium,BEL,12,0,7,1,30,20,50,192127,0,3290,2763,197278,198181,395460,298816,0,4649,0,51052,303465,354517,1886532
2026-07-15,2026,7,15,port57,Antwerp,Belgium,BEL,6,1,9,2,28,18,46,17812,28448,3570,0,86422,49831,136253,129857,0,10554,0,76932,140412,217344,1886533
2026-07-16,2026,7,16,port57,Antwerp,Belgium,BEL,10,1,13,2,23,26,49,182912,0,9040,1223,64380,193176,257556,102499,0,6444,1078,18323,110022,128345,1886534
2026-07-17,2026,7,17,port57,Antwerp,Belgium,BEL,8,6,8,3,29,25,54,104093,75332,6156,3875,99836,189457,289293,44214,86662,2039,655,56098,133571,189670,1886535
2026-07-18,2026,7,18,port57,Antwerp,Belgium,BEL,13,2,7,4,35,26,61,195473,28792,2786,0,112164,227052,339216,263508,0,5828,5044,124941,274382,399324,1886536
2026-07-19,2026,7,19,port57,Antwerp,Belgium,BEL,10,1,9,3,35,23,58,216441,87563,5465,0,89388,309470,398858,113208,0,9108,5830,87759,128147,215907,1886537
2026-07-20,2026,7,20,port57,Antwerp,Belgium,BEL,8,2,10,3,20,23,43,158257,21143,4675,657,91655,184733,276389,181794,6698,11704,2064,74359,202261,276621,1886538
2026-07-21,2026,7,21,port57,Antwerp,Belgium,BEL,14,0,7,1,30,22,52,248693,0,10659,0,39735,259353,299089,164652,0,930,0,81959,165582,247541,1886539
2026-07-22,2026,7,22,port57,Antwerp,Belgium,BEL,9,2,4,4,37,19,56,134927,0,6393,1223,190527,142544,333071,119022,52692,0,6511,96967,178226,275193,1886540
2026-07-23,2026,7,23,port57,Antwerp,Belgium,BEL,10,1,9,2,28,22,50,147816,0,0,0,59488,147816,207304,269567,0,25345,4481,18162,299394,317556,1886541
2026-07-24,2026,7,24,port57,Antwerp,Belgium,BEL,9,2,7,4,34,22,56,277220,20654,4599,4554,102859,307029,409888,99425,7389,6139,968,57003,113922,170926,1886542
2026-07-25,2026,7,25,port57,Antwerp,Belgium,BEL,11,2,7,1,34,21,55,222471,52619,1892,0,94885,276983,371868,197576,48578,9374,0,166737,255530,422267,1886543
2026-07-26,2026,7,26,port57,Antwerp,Belgium,BEL,13,2,5,1,36,21,57,160809,70061,2208,0,87912,233079,320991,283013,0,2652,0,92205,285665,377870,1886544
2026-07-27,2026,7,27,port57,Antwerp,Belgium,BEL,10,0,9,1,31,20,51,75680,0,2891,0,112762,78571,191333,228263,0,8015,2812,85088,239091,324179,1886545
2026-07-28,2026,7,28,port57,Antwerp,Belgium,BEL,15,0,10,4,37,29,66,28361,0,5677,6052,90729,40091,130821,425133,0,2332,1738,121549,429203,550753,1886546
2026-07-29,2026,7,29,port57,Antwerp,Belgium,BEL,14,1,11,2,28,28,56,354206,11769,3957,371,73549,370304,443854,148344,0,8257,5365,46083,161968,208052,1886547
2026-07-30,2026,7,30,port57,Antwerp,Belgium,BEL,10,2,6,2,35,20,55,302283,35169,2152,602,96778,340207,436985,110220,0,9287,4414,44735,123923,168659,1886548
2026-07-31,2026,7,31,port57,Antwerp,Belgium,BEL,13,1,4,2,23,20,43,343571,30755,590,2413,56206,377330,433537,442005,0,8150,0,56607,450155,506763,1886549
2026-07-01,2026,7,1,port664,Los Angeles-Long Beach,United States,USA,7,1,0,2,3,10,13,617462,4649,0,2592,125945,624703,750649,0,17826,0,0,45383,17826,63210,2300906
2026-07-02,2026,7,2,port664,Los Angeles-Long Beach,United States,USA,5,4,0,0,2,9,11,335587,13386,0,0,30288,348973,379261,0,20063,0,0,0,20063,20063,2300908
2026-07-03,2026,7,3,port664,Los Angeles-Long Beach,United States,USA,6,1,0,0,5,7,12,231807,0,0,0,292125,231807,523932,719328,2423,0,0,2781,721752,724533,2300910
2026-07-04,2026,7,4,port664,Los Angeles-Long Beach,United States,USA,5,0,0,0,2,5,7,711792,0,0,0,4676,711792,716469,26432,0,0,0,0,26432,26432,2300912
2026-07-05,2026,7,5,port664,Los Angeles-Long Beach,United States,USA,1,1,0,0,1,2,3,0,0,0,0,13457,0,13457,0,0,0,0,2781,0,2781,2300914
2026-07-06,2026,7,6,port664,Los Angeles-Long Beach,United States,USA,6,1,1,2,2,10,12,503736,29284,0,12451,35970,545471,581442,26432,0,1495,0,0,27928,27928,2300916
2026-07-07,2026,7,7,port664,Los Angeles-Long Beach,United States,USA,8,2,1,1,2,12,14,570587,0,0,1515,113856,572103,685959,0,149312,0,33,0,149346,149346,2300918
2026-07-08,2026,7,8,port664,Los Angeles-Long Beach,United States,USA,9,6,1,1,2,17,19,511675,0,3416,437,33961,515529,549491,199079,66551,0,0,0,265630,265630,2300920
2026-07-09,2026,7,9,port664,Los Angeles-Long Beach,United States,USA,8,1,0,2,5,11,16,603701,0,0,5364,114956,609066,724023,0,53625,0,0,309,53625,53935,2300922
2026-07-10,2026,7,10,port664,Los Angeles-Long Beach,United States,USA,3,1,0,1,1,5,6,88512,4649,0,6456,42593,99618,142211,26432,17826,0,0,4125,44259,48384,2300924
2026-07-11,2026,7,11,port664,Los Angeles-Long Beach,United States,USA,3,0,0,1,2,4,6,64997,0,0,0,183756,64997,248753,0,0,0,0,40498,0,40498,2300926
2026-07-12,2026,7,12,port664,Los Angeles-Long Beach,United States,USA,6,1,0,0,2,7,9,430532,0,0,0,62101,430532,492634,58588,37575,0,0,0,96163,96163,2300928
2026-07-13,2026,7,13,port664,Los Angeles-Long Beach,United States,USA,6,3,0,1,4,10,14,346252,0,0,5294,199210,351546,550756,26432,22120,0,0,10102,48553,58656,2300930
2026-07-14,2026,7,14,port664,Los Angeles-Long Beach,United States,USA,5,0,1,3,2,9,11,534140,0,1642,0,0,535783,535783,0,0,1722,7822,1196,9544,10740,2300932
2026-07-15,2026,7,15,port664,Los Angeles-Long Beach,United States,USA,8,1,0,0,2,9,11,620905,4649,0,0,14619,625554,640173,26432,17826,0,0,0,44259,44259,2300934
2026-07-16,2026,7,16,port664,Los Angeles-Long Beach,United States,USA,4,0,1,1,1,6,7,329279,0,1831,3474,58140,334585,392726,0,0,0,0,7364,0,7364,2300936
2026-07-17,2026,7,17,port664,Los Angeles-Long Beach,United States,USA,7,0,0,1,3,8,11,387626,0,0,0,103305,387626,490932,261997,0,0,0,0,261997,261997,2300938
2026-07-18,2026,7,18,port664,Los Angeles-Long Beach,United States,USA,5,4,0,1,3,10,13,50557,30672,0,0,191396,81229,272626,127081,53665,0,0,0,180747,180747,2300940
2026-07-19,2026,7,19,port664,Los Angeles-Long Beach,United States,USA,6,1,2,1,3,10,13,547920,0,1642,0,108377,549563,657941,52865,0,1722,0,7364,54587,61951,2300942
2026-07-20,2026,7,20,port664,Los Angeles-Long Beach,United States,USA,3,2,0,0,1,5,6,93515,10495,0,0,34776,104010,138787,0,0,0,0,0,0,0,2300945
2026-07-21,2026,7,21,port664,Los Angeles-Long Beach,United States,USA,7,0,0,0,4,7,11,827899,0,0,0,3738,827899,831637,0,0,0,0,38689,0,38689,2300947
2026-07-22,2026,7,22,port664,Los Angeles-Long Beach,United States,USA,7,1,0,0,1,8,9,355495,4065,0,0,0,359561,359561,432325,0,0,0,0,432325,432325,2300949
2026-07-23,2026,7,23,port664,Los Angeles-Long Beach,United States,USA,5,1,0,1,1,7,8,262727,0,0,0,0,262727,262727,171498,0,0,0,0,171498,171498,2300951
2026-07-24,2026,7,24,port664,Los Angeles-Long Beach,United States,USA,5,1,0,2,2,8,10,202268,4649,0,4344,110176,211262,321439,217563,17826,0,33,0,235423,235423,2300953
2026-07-25,2026,7,25,port664,Los Angeles-Long Beach,United States,USA,4,0,0,2,1,6,7,211565,0,0,0,0,211565,211565,0,0,0,511,44448,511,44959,2300955
2026-07-26,2026,7,26,port664,Los Angeles-Long Beach,United States,USA,2,0,0,1,4,3,7,77656,0,0,0,152920,77656,230576,95893,0,0,0,0,95893,95893,2300957
2026-07-27,2026,7,27,port664,Los Angeles-Long Beach,United States,USA,3,1,1,2,0,7,7,255061,0,0,12712,0,267774,267774,0,0,1893,0,0,1893,1893,2300959
2026-07-28,2026,7,28,port664,Los Angeles-Long Beach,United States,USA,10,2,0,1,2,13,15,716600,68414,0,0,116281,785014,901296,52865,554,0,7166,14728,60586,75314,2300961
2026-07-29,2026,7,29,port664,Los Angeles-Long Beach,United States,USA,4,3,0,1,3,8,11,262741,36336,0,0,180325,299077,479403,0,17826,0,0,0,17826,17826,2300963
2026-07-30,2026,7,30,port664,Los Angeles-Long Beach,United States,USA,5,0,1,3,2,9,11,439807,0,0,0,53521,439807,493328,16156,0,232,0,0,16389,16389,2300965
2026-07-31,2026,7,31,port664,Los Angeles-Long Beach,United States,USA,7,3,0,0,0,10,10,307797,4649,0,0,0,312446,312446,116003,112822,0,0,0,228825,228825,2300967
2026-07-01,2026,7,1,port1201,Singapore,Singapore,SGP,42,2,2,5,59,51,110,486394,0,959,4227,398657,491581,890238,903022,965,1831,2936,232533,908754,1141288,3464441
2026-07-02,2026,7,2,port1201,Singapore,Singapore,SGP,37,1,8,4,67,50,117,306635,1951,3524,510,256310,312621,568931,890341,0,5390,5873,220329,901605,1121934,3464444
2026-07-03,2026,7,3,port1201,Singapore,Singapore,SGP,41,2,7,4,82,54,136,801381,97589,4417,1991,451529,905380,1356910,865896,0,3764,1583,344575,871244,1215819,3464449
2026-07-04,2026,7,4,port1201,Singapore,Singapore,SGP,40,8,2,2,64,52,116,1087387,163273,959,1024,509849,1252644,1762493,576554,8844,835,0,507620,586235,1093855,3464453
2026-07-05,2026,7,5,port1201,Singapore,Singapore,SGP,31,4,6,3,63,44,107,1038387,33314,5150,2258,244922,1079109,1324031,465223,11490,3702,899,314516,481316,795832,3464457
2026-07-06,2026,7,6,port1201,Singapore,Singapore,SGP,48,1,4,4,97,57,154,506531,8353,3334,0,1020731,518218,1538950,778792,3925,2469,2718,379802,787905,1167707,3464461
2026-07-07,2026,7,7,port1201,Singapore,Singapore,SGP,31,1,7,4,84,43,127,704556,59396,959,1201,324843,766114,1090958,586767,0,6870,3440,346724,597078,943802,3464465
2026-07-08,2026,7,8,port1201,Singapore,Singapore,SGP,36,1,5,7,60,49,109,868082,0,9097,3232,445742,880413,1326156,441002,0,2914,6085,158202,450003,608206,3464469
2026-07-09,2026,7,9,port1201,Singapore,Singapore,SGP,36,6,4,4,91,50,141,453536,90733,3103,0,635137,547373,1182510,1150177,28245,1671,12618,520768,1192713,1713481,3464473
2026-07-10,2026,7,10,port1201,Singapore,Singapore,SGP,39,6,5,5,54,55,109,595478,101131,7382,448,366283,704441,1070725,1037916,7478,3343,2821,230402,1051560,1281963,3464477
2026-07-11,2026,7,11,port1201,Singapore,Singapore,SGP,36,0,7,2,73,45,118,376602,0,4417,254,714990,381274,1096264,829492,0,3343,899,274262,833735,1107997,3464481
2026-07-12,2026,7,12,port1201,Singapore,Singapore,SGP,33,4,6,3,68,46,114,436523,80885,5453,0,437891,522862,960753,336325,5971,4599,4845,286822,351742,638565,3464482
2026-07-13,2026,7,13,port1201,Singapore,Singapore,SGP,37,4,4,2,76,47,123,963998,49876,3525,3840,378950,1021241,1400192,766595,7238,2293,0,292569,776126,1068696,3464483
2026-07-14,2026,7,14,port1201,Singapore,Singapore,SGP,43,2,3,5,75,53,128,623161,13254,1945,309,351262,638670,989932,574119,20417,835,4971,433423,600343,1033766,3464484
2026-07-15,2026,7,15,port1201,Singapore,Singapore,SGP,44,1,2,2,86,49,135,934482,13254,1919,510,796343,950167,1746510,578186,2985,1671,2923,374694,585767,960461,3464485
2026-07-16,2026,7,16,port1201,Singapore,Singapore,SGP,35,1,3,3,64,42,106,1028416,13254,3655,0,246514,1045326,1291840,402209,2985,1671,460,295939,407327,703267,3464486
2026-07-17,2026,7,17,port1201,Singapore,Singapore,SGP,31,5,7,3,92,46,138,815672,101302,4362,309,751335,921646,1672982,353704,14761,12343,2274,403771,383084,786855,3464487
2026-07-18,2026,7,18,port1201,Singapore,Singapore,SGP,35,0,6,3,67,44,111,723991,0,5418,4827,455143,734236,1189380,825684,0,4781,1027,311099,831492,1142591,3464488
2026-07-19,2026,7,19,port1201,Singapore,Singapore,SGP,31,0,5,4,56,40,96,545873,0,1094,0,260700,546967,807668,711394,0,2463,2646,360829,716504,1077333,3464489
2026-07-20,2026,7,20,port1201,Singapore,Singapore,SGP,37,1,10,6,82,54,136,683241,13254,14246,54,258861,710798,969659,610314,2985,4750,3544,290294,621596,911890,3464490
2026-07-21,2026,7,21,port1201,Singapore,Singapore,SGP,39,0,0,2,71,41,112,601965,0,0,0,357401,601965,959366,1094416,0,0,595,313725,1095012,1408737,3464491
2026-07-22,2026,7,22,port1201,Singapore,Singapore,SGP,40,4,8,2,72,54,126,592641,82023,7279,0,556363,681943,1238307,525244,0,2412,1028,271578,528685,800264,3464492
2026-07-23,2026,7,23,port1201,Singapore,Singapore,SGP,41,1,6,5,53,53,106,1135314,0,9159,2950,709205,1147424,1856630,1262757,227,852,4239,259707,1268076,1527784,3464493
2026-07-24,2026,7,24,port1201,Singapore,Singapore,SGP,36,2,2,1,80,41,121,617355,9602,1919,254,441412,629131,1070543,612077,0,1671,899,353115,614648,967763,3464494
2026-07-25,2026,7,25,port1201,Singapore,Singapore,SGP,34,2,4,3,72,43,115,411511,99313,959,1027,207981,512812,720793,992769,0,3659,553,295533,996983,1292516,3464495
2026-07-26,2026,7,26,port1201,Singapore,Singapore,SGP,36,5,8,5,67,54,121,876460,65573,10999,4535,303200,957568,1260768,650882,5872,5235,8796,198063,670787,868850,3464496
2026-07-27,2026,7,27,port1201,Singapore,Singapore,SGP,40,3,4,5,87,52,139,505901,32869,4626,511,222616,543909,766525,774476,2985,1884,1107,345557,780453,1126011,3464497
2026-07-28,2026,7,28,port1201,Singapore,Singapore,SGP,40,2,7,6,61,55,116,1114013,16376,5963,254,669972,1136608,1806580,972693,2985,4784,3913,424191,984377,1408569,3464498
2026-07-29,2026,7,29,port1201,Singapore,Singapore,SGP,42,3,5,4,72,54,126,688937,40318,4990,1108,344770,735354,1080124,549014,5888,2507,3532,379724,560943,940667,3464499
2026-07-30,2026,7,30,port1201,Singapore,Singapore,SGP,40,3,5,0,58,48,106,773998,14210,5316,0,285398,793525,1078923,700767,12180,3365,0,329249,716314,1045564,3464500
2026-07-31,2026,7,31,port1201,Singapore,Singapore,SGP,32,3,10,4,69,49,118,689280,72540,7393,0,320768,769213,1089982,687442,2985,8021,3145,274155,701594,975750,3464501
2026-07-01,2026,7,1,port1065,Busan,Korea,KOR,27,2,16,2,5,47,52,162378,8020,11477,168,7445,182045,189491,125821,2691,5717,1208,5394,135438,140833,3605206
2026-07-02,2026,7,2,port1065,Busan,Korea,KOR,33,1,8,2,5,44,49,126292,5303,12352,2182,12511,146131,158643,175477,3675,2562,0,2912,181715,184627,3605207
2026-07-03,2026,7,3,port1065,Busan,Korea,KOR,31,1,9,0,9,41,50,193458,5303,12527,0,11299,211289,222589,227130,3675,2434,0,4905,233240,238145,3605208
2026-07-04,2026,7,4,port1065,Busan,Korea,KOR,33,2,8,0,8,43,51,76001,4877,10580,0,15186,91459,106645,291795,29252,2978,0,4081,324026,328108,3605209
2026-07-05,2026,7,5,port1065,Busan,Korea,KOR,31,3,15,1,10,50,60,270771,5303,19080,1667,19012,296822,315834,252007,3938,6511,0,3242,262457,265699,3605210
2026-07-06,2026,7,6,port1065,Busan,Korea,KOR,27,1,14,1,6,43,49,144491,0,13058,168,12252,157718,169970,163676,31103,5545,362,3127,200687,203815,3605211
2026-07-07,2026,7,7,port1065,Busan,Korea,KOR,37,5,9,2,13,53,66,138611,8375,8590,471,33236,156048,189284,203101,40674,3598,476,5729,247851,253580,3605212
2026-07-08,2026,7,8,port1065,Busan,Korea,KOR,34,2,11,2,3,49,52,253330,30950,10298,0,5537,294579,300116,95437,0,4350,505,1771,100293,102065,3605213
2026-07-09,2026,7,9,port1065,Busan,Korea,KOR,28,0,4,1,12,33,45,161966,0,4934,2384,18478,169285,187764,146470,0,456,0,7510,146926,154437,3605214
2026-07-10,2026,7,10,port1065,Busan,Korea,KOR,36,3,4,2,8,45,53,196004,380,4338,168,13875,200892,214768,248677,4847,638,827,2982,254990,257972,3605215
2026-07-11,2026,7,11,port1065,Busan,Korea,KOR,30,0,8,0,11,38,49,267878,0,6833,0,20041,274711,294753,172359,0,1739,0,15766,174099,189866,3605216
2026-07-12,2026,7,12,port1065,Busan,Korea,KOR,25,3,7,1,4,36,40,123051,51090,9496,146,9957,183783,193741,75168,3675,2738,708,2372,82291,84664,3605217
2026-07-13,2026,7,13,port1065,Busan,Korea,KOR,25,2,6,3,5,36,41,430327,5303,5187,504,7403,441323,448726,56228,3675,5334,1088,1974,66327,68302,3605218
2026-07-14,2026,7,14,port1065,Busan,Korea,KOR,17,2,12,0,2,31,33,194616,5303,7468,0,2554,207388,209942,44457,6060,4756,0,539,55274,55814,3605219
2026-07-15,2026,7,15,port1065,Busan,Korea,KOR,36,0,10,0,4,46,50,126633,0,15884,0,5966,142518,148484,177755,0,3435,0,2463,181190,183654,3606001
2026-07-16,2026,7,16,port1065,Busan,Korea,KOR,36,3,15,2,9,56,65,182851,13391,12050,146,20501,208440,228941,222790,6366,7875,708,2763,237742,240505,3606003
2026-07-17,2026,7,17,port1065,Busan,Korea,KOR,32,0,6,2,6,40,46,262370,0,5756,0,10516,268126,278642,176774,0,2737,1734,2957,181246,184204,3606005
2026-07-18,2026,7,18,port1065,Busan,Korea,KOR,34,3,14,0,12,51,63,173074,15483,19063,0,29920,207621,237541,281701,10042,2529,0,4638,294272,298910,3606008
2026-07-19,2026,7,19,port1065,Busan,Korea,KOR,29,0,6,1,7,36,43,216712,0,5221,168,13070,222101,235172,131726,0,1825,362,4339,133914,138254,3606011
2026-07-20,2026,7,20,port1065,Busan,Korea,KOR,28,1,22,2,8,53,61,182399,0,23497,0,18263,205897,224160,284692,6874,11647,0,13691,303215,316906,3606014
2026-07-21,2026,7,21,port1065,Busan,Korea,KOR,31,2,10,1,7,44,51,284291,380,9488,0,16588,294160,310748,248577,2639,6121,0,3019,257338,260358,3606017
2026-07-22,2026,7,22,port1065,Busan,Korea,KOR,28,1,14,0,12,43,55,106645,19215,10334,0,27943,136195,164138,140097,0,8587,0,6834,148685,155519,3606020
2026-07-23,2026,7,23,port1065,Busan,Korea,KOR,30,3,9,2,12,44,56,129372,5684,12625,0,21042,147681,168724,140197,5430,4965,4935,4211,155528,159739,3606021
2026-07-24,2026,7,24,port1065,Busan,Korea,KOR,31,0,11,1,8,43,51,134150,0,15027,0,10253,149178,159432,127220,0,1369,0,3458,128589,132048,3606022
2026-07-25,2026,7,25,port1065,Busan,Korea,KOR,34,0,7,0,6,41,47,140890,0,9764,0,16134,150654,166789,163925,0,1825,0,2861,165751,168612,3606023
2026-07-26,2026,7,26,port1065,Busan,Korea,KOR,33,4,9,1,9,47,56,179057,19127,7602,168,18296,205954,224251,241722,2691,3656,362,3661,248432,252094,3606024
2026-07-27,2026,7,27,port1065,Busan,Korea,KOR,22,3,13,0,13,38,51,202939,5857,14232,0,24714,223029,247744,199744,5430,5943,0,8767,211117,219885,3606025
2026-07-28,2026,7,28,port1065,Busan,Korea,KOR,24,1,9,2,6,36,42,98921,5303,12385,0,19947,116610,136558,115537,3675,3560,208,2850,122982,125832,3606026
2026-07-29,2026,7,29,port1065,Busan,Korea,KOR,40,2,12,1,6,55,61,146872,5684,12688,0,11944,165245,177189,212110,5430,6194,361,3065,224097,227162,3606027
2026-07-30,2026,7,30,port1065,Busan,Korea,KOR,21,1,15,0,8,37,45,95659,5303,20207,0,15066,121170,136236,167876,3675,4055,0,7203,175607,182810,3606028
2026-07-31,2026,7,31,port1065,Busan,Korea,KOR,36,3,14,1,3,54,57,115577,10606,15114,1520,3016,142817,145834,270761,7350,4794,0,1857,282907,284765,3606029
2026-08-01,2026,8,1,port1188,Shanghai,China,CHN,28,20,11,8,10,67,77,760679,277597,7717,409,138259,1046403,1184662,201112,123444,22274,20112,4932,366944,371876,189920
2026-08-02,2026,8,2,port1188,Shanghai,China,CHN,25,20,11,6,10,62,72,265014,110048,12810,706,77938,388580,466518,293302,55770,14145,3604,39808,366822,406630,189924
2026-08-03,2026,8,3,port1188,Shanghai,China,CHN,35,22,8,6,18,71,89,324421,357130,4779,409,69916,686740,756656,338424,59549,10655,11839,18356,420468,438825,189928
2026-08-04,2026,8,4,port1188,Shanghai,China,CHN,30,21,11,5,20,67,87,287395,199020,10113,818,128494,497347,625842,387784,101917,8121,11923,29273,509746,539019,189932
2026-08-05,2026,8,5,port1188,Shanghai,China,CHN,33,29,8,6,10,76,86,149070,568717,1580,818,39809,720187,759996,435452,155143,6756,16761,16445,614113,630558,189940
2026-08-06,2026,8,6,port1188,Shanghai,China,CHN,32,10,4,4,1,50,51,540025,110190,14843,682,0,665741,665741,231924,56020,2897,14758,0,305600,305600,189944
2026-08-07,2026,8,7,port1188,Shanghai,China,CHN,9,2,0,0,0,11,11,148660,21621,0,0,0,170282,170282,66583,0,0,0,0,66583,66583,189948
2026-08-01,2026,8,1,port744,Jebel Ali,United Arab Emirates,ARE,1,0,3,0,1,4,5,64291,0,2239,0,0,66531,66531,14991,0,20617,0,0,35608,35608,197890
2026-08-02,2026,8,2,port744,Jebel Ali,United Arab Emirates,ARE,5,0,0,0,0,5,5,0,0,0,0,0,0,0,84931,0,0,0,0,84931,84931,197891
2026-08-03,2026,8,3,port744,Jebel Ali,United Arab Emirates,ARE,0,2,1,0,2,3,5,0,21666,0,0,116902,21666,138569,0,32813,3175,0,0,35989,35989,197892
2026-08-04,2026,8,4,port744,Jebel Ali,United Arab Emirates,ARE,2,0,2,0,0,4,4,10159,0,0,0,0,10159,10159,89272,0,8142,0,0,97414,97414,197893
2026-08-05,2026,8,5,port744,Jebel Ali,United Arab Emirates,ARE,1,0,4,0,0,5,5,55489,0,1640,0,0,57130,57130,17881,0,3131,0,0,21013,21013,197894
2026-08-06,2026,8,6,port744,Jebel Ali,United Arab Emirates,ARE,0,0,1,0,1,1,2,0,0,1119,0,0,1119,1119,0,0,1152,0,0,1152,1152,197895
2026-08-07,2026,8,7,port744,Jebel Ali,United Arab Emirates,ARE,2,0,3,0,2,5,7,0,0,2239,0,9896,2239,12136,57095,0,4023,0,61190,61119,122310,197896
2026-08-01,2026,8,1,port1114,Rotterdam,The Netherlands,NLD,16,2,16,8,52,42,94,366422,243167,9096,1244,508858,619930,1128788,73473,3108,8849,4822,94868,90253,185122,377792
2026-08-02,2026,8,2,port1114,Rotterdam,The Netherlands,NLD,16,5,18,7,38,46,84,228302,218386,39065,2281,804049,488036,1292086,60704,3406,10347,7693,114394,82152,196546,377795
2026-08-03,2026,8,3,port1114,Rotterdam,The Netherlands,NLD,16,2,15,7,45,40,85,118195,0,9571,5283,363052,133050,496102,61707,0,10819,3561,61521,76088,137609,377798
2026-08-04,2026,8,4,port1114,Rotterdam,The Netherlands,NLD,18,3,9,8,31,38,69,79225,115210,2274,2437,241207,199147,440355,79934,45868,6006,9717,63373,141527,204900,377801
2026-08-05,2026,8,5,port1114,Rotterdam,The Netherlands,NLD,16,2,13,7,50,38,88,172294,81783,3178,0,797410,257256,1054666,132777,3108,6401,11697,84613,153984,238598,377803
2026-08-06,2026,8,6,port1114,Rotterdam,The Netherlands,NLD,21,1,18,6,48,46,94,167793,48137,12287,1037,382960,229256,612216,138720,3108,14470,2483,51481,158782,210264,377806
2026-08-07,2026,8,7,port1114,Rotterdam,The Netherlands,NLD,18,1,9,7,43,35,78,142813,48137,6602,187,420209,197741,617950,201289,3108,3152,12340,114479,219890,334369,377809
2026-08-01,2026,8,1,port1160,Santos,Brazil,BRA,3,4,2,0,3,9,12,46094,6559,1610,0,8078,54264,62342,13087,180416,40243,0,6745,233747,240493,1627527
2026-08-02,2026,8,2,port1160,Santos,Brazil,BRA,7,9,0,0,3,16,19,25623,44014,0,0,54855,69638,124494,119020,333670,0,0,6245,452690,458936,1627530
2026-08-03,2026,8,3,port1160,Santos,Brazil,BRA,6,2,0,0,3,8,11,4301,6559,0,0,61317,10861,72178,106108,106115,0,0,31657,212224,243881,1627533
2026-08-04,2026,8,4,port1160,Santos,Brazil,BRA,6,4,1,1,3,12,15,50911,13119,12118,0,22046,76149,98196,49129,223460,0,3971,6245,276561,282806,1627536
2026-08-05,2026,8,5,port1160,Santos,Brazil,BRA,5,3,1,0,1,9,10,1032,19853,0,0,0,20885,20885,67663,107108,21903,0,10998,196676,207674,1627539
2026-08-06,2026,8,6,port1160,Santos,Brazil,BRA,4,5,1,0,4,10,14,39531,19679,0,0,27656,59210,86867,28136,184243,19686,0,22260,232066,254327,1627542
2026-08-07,2026,8,7,port1160,Santos,Brazil,BRA,3,10,1,0,4,14,18,101594,60907,1610,0,7131,164112,171244,0,286007,9569,0,25331,295576,320907,1627545
2026-08-01,2026,8,1,port57,Antwerp,Belgium,BEL,12,2,12,0,35,26,61,47711,12514,7710,0,118906,67936,186843,243772,35946,12784,0,81377,292502,373880,1886550
2026-08-02,2026,8,2,port57,Antwerp,Belgium,BEL,9,2,9,1,23,21,44,86546,50663,9191,0,67493,146401,213895,199114,7389,5623,0,26638,212128,238767,1886551
2026-08-03,2026,8,3,port57,Antwerp,Belgium,BEL,11,2,8,1,27,22,49,90446,30341,5716,1309,69669,127813,197482,170280,7389,2050,0,85276,179720,264997,1886552
2026-08-04,2026,8,4,port57,Antwerp,Belgium,BEL,14,0,6,2,33,22,55,263159,0,7547,3917,117829,274623,392452,378595,0,3939,3231,50338,385766,436105,1886553
2026-08-05,2026,8,5,port57,Antwerp,Belgium,BEL,14,1,4,3,31,22,53,208390,14856,1351,4917,138217,229516,367733,367102,7389,6074,0,84985,380567,465552,1886554
2026-08-06,2026,8,6,port57,Antwerp,Belgium,BEL,13,2,8,1,25,24,49,126768,26490,4863,3790,67903,161912,229816,188439,7389,5954,0,80146,201783,281930,1886555
2026-08-07,2026,8,7,port57,Antwerp,Belgium,BEL,7,0,4,3,37,14,51,101566,0,2707,602,137931,104876,242808,42982,0,3241,1624,125779,47848,173628,1886556
2026-08-01,2026,8,1,port664,Los Angeles-Long Beach,United States,USA,6,2,0,0,2,8,10,641513,46149,0,0,39824,687663,727487,26432,1659,0,0,20962,28091,49054,2300969
2026-08-02,2026,8,2,port664,Los Angeles-Long Beach,United States,USA,6,1,0,2,2,9,11,554040,4649,0,0,58140,558689,616830,0,17826,0,0,7888,17826,25715,2300971
2026-08-03,2026,8,3,port664,Los Angeles-Long Beach,United States,USA,4,1,0,1,6,6,12,232645,0,0,0,105946,232645,338591,26432,85207,0,0,34447,111640,146088,2300973
2026-08-04,2026,8,4,port664,Los Angeles-Long Beach,United States,USA,8,1,1,0,2,10,12,535563,0,0,0,71596,535563,607159,42589,530,1360,0,0,44481,44481,2300975
2026-08-05,2026,8,5,port664,Los Angeles-Long Beach,United States,USA,4,3,0,1,2,8,10,124372,16549,0,0,201736,140921,342658,254129,35652,0,0,2781,289781,292563,2300977
2026-08-06,2026,8,6,port664,Los Angeles-Long Beach,United States,USA,8,1,0,1,5,10,15,353345,23053,0,0,187880,376398,564278,847757,0,0,0,27005,847757,874762,2300979
2026-08-07,2026,8,7,port664,Los Angeles-Long Beach,United States,USA,7,2,0,2,2,11,13,365488,0,0,0,170081,365488,535570,95455,66689,0,0,7364,162144,169508,2300981
2026-08-01,2026,8,1,port1201,Singapore,Singapore,SGP,33,4,6,6,81,49,130,885625,152425,4278,815,421648,1043144,1464792,839275,0,2550,4072,357061,845899,1202960,3464502
2026-08-02,2026,8,2,port1201,Singapore,Singapore,SGP,35,2,2,3,57,42,99,459753,48816,959,2041,397030,511571,908601,650508,2985,1300,2951,265815,657745,923560,3464503
2026-08-03,2026,8,3,port1201,Singapore,Singapore,SGP,39,5,6,3,116,53,169,1133263,80275,6471,0,746388,1220010,1966399,833623,12046,2755,668,542537,849093,1391630,3464504
2026-08-04,2026,8,4,port1201,Singapore,Singapore,SGP,37,3,3,4,80,47,127,316871,13706,1245,529,339758,332353,672112,724722,2985,1037,1925,269504,730671,1000175,3464505
2026-08-05,2026,8,5,port1201,Singapore,Singapore,SGP,36,3,8,3,67,50,117,933127,39958,3273,2224,211227,978585,1189812,899316,2985,5646,0,334126,907948,1242075,3464506
2026-08-06,2026,8,6,port1201,Singapore,Singapore,SGP,36,2,9,3,71,50,121,479038,23079,7363,508,485768,509990,995758,890849,7238,7930,2401,322457,908420,1230878,3464507
2026-08-07,2026,8,7,port1201,Singapore,Singapore,SGP,38,2,3,5,60,48,108,650083,26509,959,762,485232,678316,1163548,950712,5971,15868,4893,220309,977446,1197756,3464508
2026-08-01,2026,8,1,port1065,Busan,Korea,KOR,35,1,13,1,10,50,60,183841,5303,13862,146,19435,203153,222588,170066,3675,3664,708,9795,178115,187911,3606030
2026-08-02,2026,8,2,port1065,Busan,Korea,KOR,30,3,10,2,3,45,48,88490,7422,16416,168,5108,112497,117606,238855,5958,2704,362,1078,247880,248959,3606031
2026-08-03,2026,8,3,port1065,Busan,Korea,KOR,23,0,11,2,9,36,45,132712,0,14659,471,20045,147843,167888,175357,0,3078,1333,4638,179769,184407,3606032
2026-08-04,2026,8,4,port1065,Busan,Korea,KOR,30,2,11,0,9,43,52,214821,2669,12467,0,11944,229959,241903,113897,2407,6795,0,7465,123100,130565,3606033
2026-08-05,2026,8,5,port1065,Busan,Korea,KOR,39,1,8,1,10,49,59,194184,4877,8619,0,15760,207681,223442,224768,2691,7807,1026,4487,236293,240781,3606034
2026-08-06,2026,8,6,port1065,Busan,Korea,KOR,29,2,9,1,3,41,44,159414,7165,11309,461,7403,178351,185755,114521,3344,2281,0,1833,120147,121980,3606035
2026-08-07,2026,8,7,port1065,Busan,Korea,KOR,28,5,10,1,8,44,52,131822,21593,12084,146,15495,165646,181142,172004,16456,4306,708,10941,193477,204418,3606036
