from_portid,from_portname,from_country,from_iso3,from_lat,from_lon,to_country,to_iso3,to_lat,to_lon,industry,hs_section,unit,scale,daily_export_value_at_risk,daily_import_value_at_risk,source_row_id
port57,Antwerp,Belgium,BEL,51.27935494,4.317802311,Brazil,BRA,-11.524630416426652,-54.35520660825642,Animal & Animal Products,1,US Dollars,Unit,960054.2811959494,39749.40668817937,1097821
port57,Antwerp,Belgium,BEL,51.27935494,4.317802311,Brazil,BRA,-11.524630416426652,-54.35520660825642,Chemical & Allied Industries,6,US Dollars,Unit,1133755.3362065598,10193799.137263974,1097822
port57,Antwerp,Belgium,BEL,51.27935494,4.317802311,Brazil,BRA,-11.524630416426652,-54.35520660825642,Machinery & Electrical Equipment,16+18,US Dollars,Unit,795581.7307067545,753787.8957992566,1097823
port57,Antwerp,Belgium,BEL,51.27935494,4.317802311,Brazil,BRA,-11.524630416426652,-54.35520660825642,Metals,15,US Dollars,Unit,1955203.4415977122,1342173.4757005055,1097824
port57,Antwerp,Belgium,BEL,51.27935494,4.317802311,Brazil,BRA,-11.524630416426652,-54.35520660825642,Mineral Products,5,US Dollars,Unit,1905148.553430804,269252.57457243366,1097825
port57,Antwerp,Belgium,BEL,51.27935494,4.317802311,Brazil,BRA,-11.524630416426652,-54.35520660825642,Miscellaneous,19+20+21,US Dollars,Unit,120992.51213174408,128918.705556994,1097826
port57,Antwerp,Belgium,BEL,51.27935494,4.317802311,Brazil,BRA,-11.524630416426652,-54.35520660825642,"Plastics, Rubber, Leather",7+8,US Dollars,Unit,186515.64319730687,1790912.7092786636,1097827
port57,Antwerp,Belgium,BEL,51.27935494,4.317802311,Brazil,BRA,-11.524630416426652,-54.35520660825642,Prepared Foodstuffs & Beverages,3+4,US Dollars,Unit,5346395.904154939,639410.707536639,1097828
port57,Antwerp,Belgium,BEL,51.27935494,4.317802311,Brazil,BRA,-11.524630416426652,-54.35520660825642,Stone & Glass,13+14,US Dollars,Unit,443610.3952854465,261496.16044650687,1097829
port57,Antwerp,Belgium,BEL,51.27935494,4.317802311,Brazil,BRA,-11.524630416426652,-54.35520660825642,Textiles & Footwear,11+12,US Dollars,Unit,170595.12345699052,149772.49811153984,1097830
port57,Antwerp,Belgium,BEL,51.27935494,4.317802311,Brazil,BRA,-11.524630416426652,-54.35520660825642,Total,,US Dollars,Unit,20309089.80934409,15941378.452232774,1097831
port57,Antwerp,Belgium,BEL,51.27935494,4.317802311,Brazil,BRA,-11.524630416426652,-54.35520660825642,Vegetable Products,2,US Dollars,Unit,5351354.959013238,168332.5016931646,1097832
port57,Antwerp,Belgium,BEL,51.27935494,4.317802311,Brazil,BRA,-11.524630416426652,-54.35520660825642,Vehicles & Equipment,17,US Dollars,Unit,118404.69373847904,64915.32064717583,1097833
port57,Antwerp,Belgium,BEL,51.27935494,4.317802311,Brazil,BRA,-11.524630416426652,-54.35520660825642,Wood & Wood Products,9+10,US Dollars,Unit,1821477.2352281664,138857.35893774,1097834
port57,Antwerp,Belgium,BEL,51.27935494,4.317802311,Germany,DEU,51.08304539800482,10.426171427430804,Animal & Animal Products,1,US Dollars,Unit,2780762.522365337,2142366.259027622,1098060
port57,Antwerp,Belgium,BEL,51.27935494,4.317802311,Germany,DEU,51.08304539800482,10.426171427430804,Chemical & Allied Industries,6,US Dollars,Unit,73140462.24644198,62694341.86837366,1098062
port57,Antwerp,Belgium,BEL,51.27935494,4.317802311,Germany,DEU,51.08304539800482,10.426171427430804,Machinery & Electrical Equipment,16+18,US Dollars,Unit,104609026.25468485,48473161.80864062,1098063
port57,Antwerp,Belgium,BEL,51.27935494,4.317802311,Germany,DEU,51.08304539800482,10.426171427430804,Metals,15,US Dollars,Unit,32062545.87373935,19731803.544072837,1098064
port57,Antwerp,Belgium,BEL,51.27935494,4.317802311,Germany,DEU,51.08304539800482,10.426171427430804,Mineral Products,5,US Dollars,Unit,5377448.380639168,87994238.36808291,1098065
port57,Antwerp,Belgium,BEL,51.27935494,4.317802311,Germany,DEU,51.08304539800482,10.426171427430804,Miscellaneous,19+20+21,US Dollars,Unit,6129486.372005674,4571982.631651532,1098066
port57,Antwerp,Belgium,BEL,51.27935494,4.317802311,Germany,DEU,51.08304539800482,10.426171427430804,"Plastics, Rubber, Leather",7+8,US Dollars,Unit,33702331.09377219,16304231.30211462,1098067
port57,Antwerp,Belgium,BEL,51.27935494,4.317802311,Germany,DEU,51.08304539800482,10.426171427430804,Prepared Foodstuffs & Beverages,3+4,US Dollars,Unit,6482570.045363452,5113276.071658396,1098068
port57,Antwerp,Belgium,BEL,51.27935494,4.317802311,Germany,DEU,51.08304539800482,10.426171427430804,Stone & Glass,13+14,US Dollars,Unit,6839056.826063221,5607102.102035721,1098069
port57,Antwerp,Belgium,BEL,51.27935494,4.317802311,Germany,DEU,51.08304539800482,10.426171427430804,Textiles & Footwear,11+12,US Dollars,Unit,3816068.7052885047,5392211.2696219105,1098070
port57,Antwerp,Belgium,BEL,51.27935494,4.317802311,Germany,DEU,51.08304539800482,10.426171427430804,Total,,US Dollars,Unit,357959201.63030356,288144082.1469621,1098071
port57,Antwerp,Belgium,BEL,51.27935494,4.317802311,Germany,DEU,51.08304539800482,10.426171427430804,Vegetable Products,2,US Dollars,Unit,2738470.963970561,6792025.610689079,1098072
port57,Antwerp,Belgium,BEL,51.27935494,4.317802311,Germany,DEU,51.08304539800482,10.426171427430804,Vehicles & Equipment,17,US Dollars,Unit,72326370.90794109,20986848.072806627,1098073
port57,Antwerp,Belgium,BEL,51.27935494,4.317802311,Germany,DEU,51.08304539800482,10.426171427430804,Wood & Wood Products,9+10,US Dollars,Unit,7954601.43802816,2340493.238186583,1098074
port57,Antwerp,Belgium,BEL,51.27935494,4.317802311,China,CHN,38.07325481105728,104.69113855849604,Animal & Animal Products,1,US Dollars,Unit,161557.88377127994,1339636.4953081813,1098238
port57,Antwerp,Belgium,BEL,51.27935494,4.317802311,China,CHN,38.07325481105728,104.69113855849604,Chemical & Allied Industries,6,US Dollars,Unit,11451772.30982444,12985527.978032425,1098239
port57,Antwerp,Belgium,BEL,51.27935494,4.317802311,China,CHN,38.07325481105728,104.69113855849604,Machinery & Electrical Equipment,16+18,US Dollars,Unit,16838272.673614174,6886549.1136225,1098240
port57,Antwerp,Belgium,BEL,51.27935494,4.317802311,China,CHN,38.07325481105728,104.69113855849604,Metals,15,US Dollars,Unit,6025551.15785068,5698351.485332066,1098241
port57,Antwerp,Belgium,BEL,51.27935494,4.317802311,China,CHN,38.07325481105728,104.69113855849604,Mineral Products,5,US Dollars,Unit,737665.2198401454,5169272.36900617,1098242
port57,Antwerp,Belgium,BEL,51.27935494,4.317802311,China,CHN,38.07325481105728,104.69113855849604,Miscellaneous,19+20+21,US Dollars,Unit,2479021.224775329,91820.17655737263,1098243
port57,Antwerp,Belgium,BEL,51.27935494,4.317802311,China,CHN,38.07325481105728,104.69113855849604,"Plastics, Rubber, Leather",7+8,US Dollars,Unit,5233297.969385868,5205528.065820125,1098244
port57,Antwerp,Belgium,BEL,51.27935494,4.317802311,China,CHN,38.07325481105728,104.69113855849604,Prepared Foodstuffs & Beverages,3+4,US Dollars,Unit,936844.0297445358,3644088.5649755406,1098245
port57,Antwerp,Belgium,BEL,51.27935494,4.317802311,China,CHN,38.07325481105728,104.69113855849604,Stone & Glass,13+14,US Dollars,Unit,1464602.7569981243,1241528.5752135417,1098246
port57,Antwerp,Belgium,BEL,51.27935494,4.317802311,China,CHN,38.07325481105728,104.69113855849604,Textiles & Footwear,11+12,US Dollars,Unit,1067535.0070792136,434452.149537568,1098247
port57,Antwerp,Belgium,BEL,51.27935494,4.317802311,China,CHN,38.07325481105728,104.69113855849604,Total,,US Dollars,Unit,52322686.386143096,54974990.47914054,1098248
port57,Antwerp,Belgium,BEL,51.27935494,4.317802311,China,CHN,38.07325481105728,104.69113855849604,Vegetable Products,2,US Dollars,Unit,339902.6709386935,686751.1184971894,1098249
port57,Antwerp,Belgium,BEL,51.27935494,4.317802311,China,CHN,38.07325481105728,104.69113855849604,Vehicles & Equipment,17,US Dollars,Unit,4236053.51802103,10288297.36438413,1098250
port57,Antwerp,Belgium,BEL,51.27935494,4.317802311,China,CHN,38.07325481105728,104.69113855849604,Wood & Wood Products,9+10,US Dollars,Unit,1350609.9642995768,1303187.0228537363,1098251
port57,Antwerp,Belgium,BEL,51.27935494,4.317802311,Indonesia,IDN,0.155919799590376,113.96538246847302,Animal & Animal Products,1,US Dollars,Unit,9570.1632537198,295251.01928798197,1098725
port57,Antwerp,Belgium,BEL,51.27935494,4.317802311,Indonesia,IDN,0.155919799590376,113.96538246847302,Chemical & Allied Industries,6,US Dollars,Unit,1440210.3085355137,1320409.8947209767,1098728
port57,Antwerp,Belgium,BEL,51.27935494,4.317802311,Indonesia,IDN,0.155919799590376,113.96538246847302,Machinery & Electrical Equipment,16+18,US Dollars,Unit,58036.94018073172,44896.41402003221,1098731
port57,Antwerp,Belgium,BEL,51.27935494,4.317802311,Indonesia,IDN,0.155919799590376,113.96538246847302,Metals,15,US Dollars,Unit,40160.97078453227,59978.19601779685,1098733
port57,Antwerp,Belgium,BEL,51.27935494,4.317802311,Indonesia,IDN,0.155919799590376,113.96538246847302,Mineral Products,5,US Dollars,Unit,256203.55612735078,41172.92208568011,1098735
port57,Antwerp,Belgium,BEL,51.27935494,4.317802311,Indonesia,IDN,0.155919799590376,113.96538246847302,Miscellaneous,19+20+21,US Dollars,Unit,148499.53955493442,11302.54092840875,1098738
port57,Antwerp,Belgium,BEL,51.27935494,4.317802311,Indonesia,IDN,0.155919799590376,113.96538246847302,"Plastics, Rubber, Leather",7+8,US Dollars,Unit,172809.79706350615,410146.7455517256,1098741
port57,Antwerp,Belgium,BEL,51.27935494,4.317802311,Indonesia,IDN,0.155919799590376,113.96538246847302,Prepared Foodstuffs & Beverages,3+4,US Dollars,Unit,528569.271614205,256413.10636287747,1098744
port57,Antwerp,Belgium,BEL,51.27935494,4.317802311,Indonesia,IDN,0.155919799590376,113.96538246847302,Stone & Glass,13+14,US Dollars,Unit,15408.477785907875,50490.11750700423,1098747
port57,Antwerp,Belgium,BEL,51.27935494,4.317802311,Indonesia,IDN,0.155919799590376,113.96538246847302,Textiles & Footwear,11+12,US Dollars,Unit,467916.6556130672,74244.41937029628,1098750
port57,Antwerp,Belgium,BEL,51.27935494,4.317802311,Indonesia,IDN,0.155919799590376,113.96538246847302,Total,,US Dollars,Unit,3370897.297371248,2839773.743307886,1098753
port57,Antwerp,Belgium,BEL,51.27935494,4.317802311,Indonesia,IDN,0.155919799590376,113.96538246847302,Vegetable Products,2,US Dollars,Unit,75237.785469418,104707.18338483266,1098756
port57,Antwerp,Belgium,BEL,51.27935494,4.317802311,Indonesia,IDN,0.155919799590376,113.96538246847302,Vehicles & Equipment,17,US Dollars,Unit,28251.661327190504,4438.913656860433,1098759
port57,Antwerp,Belgium,BEL,51.27935494,4.317802311,Indonesia,IDN,0.155919799590376,113.96538246847302,Wood & Wood Products,9+10,US Dollars,Unit,130022.17006117056,166322.27041341286,1098762
port57,Antwerp,Belgium,BEL,51.27935494,4.317802311,India,IND,23.58630056774672,81.17300408530181,Animal & Animal Products,1,US Dollars,Unit,166996.49186217954,3997.4160105181877,1098767
port57,Antwerp,Belgium,BEL,51.27935494,4.317802311,India,IND,23.58630056774672,81.17300408530181,Chemical & Allied Industries,6,US Dollars,Unit,4074139.6187807005,2580449.2845293684,1098770
port57,Antwerp,Belgium,BEL,51.27935494,4.317802311,India,IND,23.58630056774672,81.17300408530181,Machinery & Electrical Equipment,16+18,US Dollars,Unit,1955181.9628686688,8015209.669420353,1098773
port57,Antwerp,Belgium,BEL,51.27935494,4.317802311,India,IND,23.58630056774672,81.17300408530181,Metals,15,US Dollars,Unit,1673614.4538620266,1609621.6895941894,1098776
port57,Antwerp,Belgium,BEL,51.27935494,4.317802311,India,IND,23.58630056774672,81.17300408530181,Mineral Products,5,US Dollars,Unit,153847.72940531623,846020.3949086606,1098779
port57,Antwerp,Belgium,BEL,51.27935494,4.317802311,India,IND,23.58630056774672,81.17300408530181,Miscellaneous,19+20+21,US Dollars,Unit,187778.20445498265,51906.10588214729,1098782
port57,Antwerp,Belgium,BEL,51.27935494,4.317802311,India,IND,23.58630056774672,81.17300408530181,"Plastics, Rubber, Leather",7+8,US Dollars,Unit,1021933.9632611586,1315886.3393035245,1098784
port57,Antwerp,Belgium,BEL,51.27935494,4.317802311,India,IND,23.58630056774672,81.17300408530181,Prepared Foodstuffs & Beverages,3+4,US Dollars,Unit,619347.7888174271,22651.398656602483,1098786
port57,Antwerp,Belgium,BEL,51.27935494,4.317802311,India,IND,23.58630056774672,81.17300408530181,Stone & Glass,13+14,US Dollars,Unit,225007.5540374228,30303146.896871764,1098788
port57,Antwerp,Belgium,BEL,51.27935494,4.317802311,India,IND,23.58630056774672,81.17300408530181,Textiles & Footwear,11+12,US Dollars,Unit,1621540.0383094864,114628.080447579,1098790
port57,Antwerp,Belgium,BEL,51.27935494,4.317802311,India,IND,23.58630056774672,81.17300408530181,Total,,US Dollars,Unit,12622441.252884509,45752192.385859996,1098792
port57,Antwerp,Belgium,BEL,51.27935494,4.317802311,India,IND,23.58630056774672,81.17300408530181,Vegetable Products,2,US Dollars,Unit,728485.4129231926,75163.45687073824,1098794
port57,Antwerp,Belgium,BEL,51.27935494,4.317802311,India,IND,23.58630056774672,81.17300408530181,Vehicles & Equipment,17,US Dollars,Unit,157433.1347020295,148669.52042159627,1098796
port57,Antwerp,Belgium,BEL,51.27935494,4.317802311,India,IND,23.58630056774672,81.17300408530181,Wood & Wood Products,9+10,US Dollars,Unit,37134.899599917946,664842.1329429502,1098797
port57,Antwerp,Belgium,BEL,51.27935494,4.317802311,Korea,KOR,36.402386712544114,127.76224551357647,Stone & Glass,13+14,US Dollars,Unit,29411.29963725756,222349.60392580996,1098873
port57,Antwerp,Belgium,BEL,51.27935494,4.317802311,Korea,KOR,36.402386712544114,127.76224551357647,Textiles & Footwear,11+12,US Dollars,Unit,99577.98419630618,27165.47309904641,1098880
port57,Antwerp,Belgium,BEL,51.27935494,4.317802311,Korea,KOR,36.402386712544114,127.76224551357647,Animal & Animal Products,1,US Dollars,Unit,8091.98315578217,236089.2378105155,1098923
port57,Antwerp,Belgium,BEL,51.27935494,4.317802311,Korea,KOR,36.402386712544114,127.76224551357647,Chemical & Allied Industries,6,US Dollars,Unit,1477638.1785793614,1857641.3959692125,1098924
port57,Antwerp,Belgium,BEL,51.27935494,4.317802311,Korea,KOR,36.402386712544114,127.76224551357647,Machinery & Electrical Equipment,16+18,US Dollars,Unit,60903.802510181435,3918347.1001270884,1098925
port57,Antwerp,Belgium,BEL,51.27935494,4.317802311,Korea,KOR,36.402386712544114,127.76224551357647,Metals,15,US Dollars,Unit,1773401.4001848332,463907.4388915755,1098926
port57,Antwerp,Belgium,BEL,51.27935494,4.317802311,Korea,KOR,36.402386712544114,127.76224551357647,Mineral Products,5,US Dollars,Unit,26650.735453558056,5167412.100283035,1098927
port57,Antwerp,Belgium,BEL,51.27935494,4.317802311,Korea,KOR,36.402386712544114,127.76224551357647,Miscellaneous,19+20+21,US Dollars,Unit,1722.036460242645,15848.833924012726,1098928
port57,Antwerp,Belgium,BEL,51.27935494,4.317802311,Korea,KOR,36.402386712544114,127.76224551357647,"Plastics, Rubber, Leather",7+8,US Dollars,Unit,1408179.9863064915,403788.9016686951,1098929
port57,Antwerp,Belgium,BEL,51.27935494,4.317802311,Korea,KOR,36.402386712544114,127.76224551357647,Prepared Foodstuffs & Beverages,3+4,US Dollars,Unit,60951.395961406946,217975.75550414802,1098930
port57,Antwerp,Belgium,BEL,51.27935494,4.317802311,Korea,KOR,36.402386712544114,127.76224551357647,Total,,US Dollars,Unit,5074919.45324166,13717796.194168188,1098938
port57,Antwerp,Belgium,BEL,51.27935494,4.317802311,Korea,KOR,36.402386712544114,127.76224551357647,Vegetable Products,2,US Dollars,Unit,2298.7325988518955,47690.394761108975,1098942
port57,Antwerp,Belgium,BEL,51.27935494,4.317802311,Korea,KOR,36.402386712544114,127.76224551357647,Vehicles & Equipment,17,US Dollars,Unit,90566.47616661228,900205.865141811,1098948
port57,Antwerp,Belgium,BEL,51.27935494,4.317802311,Korea,KOR,36.402386712544114,127.76224551357647,Wood & Wood Products,9+10,US Dollars,Unit,35525.44203077512,239374.0930621279,1098954
port57,Antwerp,Belgium,BEL,51.27935494,4.317802311,Japan,JPN,36.76738832597829,137.46934234351835,Animal & Animal Products,1,US Dollars,Unit,80807.63007056099,283928.90380163974,1099019
port57,Antwerp,Belgium,BEL,51.27935494,4.317802311,Japan,JPN,36.76738832597829,137.46934234351835,Chemical & Allied Industries,6,US Dollars,Unit,787864.8579696976,856362.4634316835,1099024
port57,Antwerp,Belgium,BEL,51.27935494,4.317802311,Japan,JPN,36.76738832597829,137.46934234351835,Machinery & Electrical Equipment,16+18,US Dollars,Unit,1589700.0812027052,11341931.285945095,1099056
port57,Antwerp,Belgium,BEL,51.27935494,4.317802311,Japan,JPN,36.76738832597829,137.46934234351835,Metals,15,US Dollars,Unit,156275.45198967002,665119.2196111386,1099058
port57,Antwerp,Belgium,BEL,51.27935494,4.317802311,Japan,JPN,36.76738832597829,137.46934234351835,Mineral Products,5,US Dollars,Unit,62820.0915038069,860673.4668425921,1099060
port57,Antwerp,Belgium,BEL,51.27935494,4.317802311,Japan,JPN,36.76738832597829,137.46934234351835,Miscellaneous,19+20+21,US Dollars,Unit,9940.183942166153,233869.73380928856,1099064
port57,Antwerp,Belgium,BEL,51.27935494,4.317802311,Japan,JPN,36.76738832597829,137.46934234351835,"Plastics, Rubber, Leather",7+8,US Dollars,Unit,398183.7318874906,144936.42244867585,1099067
port57,Antwerp,Belgium,BEL,51.27935494,4.317802311,Japan,JPN,36.76738832597829,137.46934234351835,Prepared Foodstuffs & Beverages,3+4,US Dollars,Unit,49850.486056048016,650031.5291045624,1099071
port57,Antwerp,Belgium,BEL,51.27935494,4.317802311,Japan,JPN,36.76738832597829,137.46934234351835,Stone & Glass,13+14,US Dollars,Unit,75899.7604504319,46010.77026951905,1099075
port57,Antwerp,Belgium,BEL,51.27935494,4.317802311,Japan,JPN,36.76738832597829,137.46934234351835,Textiles & Footwear,11+12,US Dollars,Unit,30659.500886761194,82464.64601152769,1099145
port57,Antwerp,Belgium,BEL,51.27935494,4.317802311,Japan,JPN,36.76738832597829,137.46934234351835,Total,,US Dollars,Unit,5103024.570464275,22811600.11617816,1099146
port57,Antwerp,Belgium,BEL,51.27935494,4.317802311,Japan,JPN,36.76738832597829,137.46934234351835,Vegetable Products,2,US Dollars,Unit,11579.921484327431,136306.85079403422,1099147
port57,Antwerp,Belgium,BEL,51.27935494,4.317802311,Japan,JPN,36.76738832597829,137.46934234351835,Vehicles & Equipment,17,US Dollars,Unit,1837528.043266125,7213977.452042104,1099148
port57,Antwerp,Belgium,BEL,51.27935494,4.317802311,Japan,JPN,36.76738832597829,137.46934234351835,Wood & Wood Products,9+10,US Dollars,Unit,11914.829754484233,295987.3720662959,1099149
port57,Antwerp,Belgium,BEL,51.27935494,4.317802311,Singapore,SGP,1.352825189000635,103.81025757634052,"Plastics, Rubber, Leather",7+8,US Dollars,Unit,5339.966318595818,40277.41203697727,1099615
port57,Antwerp,Belgium,BEL,51.27935494,4.317802311,Russian Federation,RUS,59.039434214106194,98.6704990698032,Animal & Animal Products,1,US Dollars,Unit,87762.8326797543,365499.7566227891,1099628
port57,Antwerp,Belgium,BEL,51.27935494,4.317802311,Russian Federation,RUS,59.039434214106194,98.6704990698032,Chemical & Allied Industries,6,US Dollars,Unit,3449582.423449583,372882.5056346002,1099629
port57,Antwerp,Belgium,BEL,51.27935494,4.317802311,Russian Federation,RUS,59.039434214106194,98.6704990698032,Machinery & Electrical Equipment,16+18,US Dollars,Unit,113607.27715228513,2082060.6545615818,1099630
port57,Antwerp,Belgium,BEL,51.27935494,4.317802311,Russian Federation,RUS,59.039434214106194,98.6704990698032,Metals,15,US Dollars,Unit,901462.4645164099,252845.13158806844,1099631
port57,Antwerp,Belgium,BEL,51.27935494,4.317802311,Russian Federation,RUS,59.039434214106194,98.6704990698032,Mineral Products,5,US Dollars,Unit,18645319.577273015,36162.238927448496,1099632
port57,Antwerp,Belgium,BEL,51.27935494,4.317802311,Russian Federation,RUS,59.039434214106194,98.6704990698032,Miscellaneous,19+20+21,US Dollars,Unit,13247.356914897182,183765.5098893,1099633
port57,Antwerp,Belgium,BEL,51.27935494,4.317802311,Russian Federation,RUS,59.039434214106194,98.6704990698032,"Plastics, Rubber, Leather",7+8,US Dollars,Unit,138359.88028461396,271422.8853081654,1099634
port57,Antwerp,Belgium,BEL,51.27935494,4.317802311,Russian Federation,RUS,59.039434214106194,98.6704990698032,Prepared Foodstuffs & Beverages,3+4,US Dollars,Unit,294340.1069739117,299353.1585618415,1099635
port57,Antwerp,Belgium,BEL,51.27935494,4.317802311,Russian Federation,RUS,59.039434214106194,98.6704990698032,Stone & Glass,13+14,US Dollars,Unit,557519.313563464,20430.751461262505,1099636
port57,Antwerp,Belgium,BEL,51.27935494,4.317802311,Russian Federation,RUS,59.039434214106194,98.6704990698032,Textiles & Footwear,11+12,US Dollars,Unit,8345.224140560449,193184.80482397843,1099637
port57,Antwerp,Belgium,BEL,51.27935494,4.317802311,Russian Federation,RUS,59.039434214106194,98.6704990698032,Total,,US Dollars,Unit,24795337.494291704,5098073.695299047,1099638
port57,Antwerp,Belgium,BEL,51.27935494,4.317802311,Russian Federation,RUS,59.039434214106194,98.6704990698032,Vegetable Products,2,US Dollars,Unit,366573.3196307122,253286.27383324795,1099639
port57,Antwerp,Belgium,BEL,51.27935494,4.317802311,Russian Federation,RUS,59.039434214106194,98.6704990698032,Vehicles & Equipment,17,US Dollars,Unit,27392.600877320605,331758.1956082503,1099640
port57,Antwerp,Belgium,BEL,51.27935494,4.317802311,Russian Federation,RUS,59.039434214106194,98.6704990698032,Wood & Wood Products,9+10,US Dollars,Unit,191825.11683517462,435421.82847851154,1099641
port57,Antwerp,Belgium,BEL,51.27935494,4.317802311,Saudi Arabia,SAU,24.136038144757897,44.6009581782256,Animal & Animal Products,1,US Dollars,Unit,18.866141774031544,349210.4876316628,1099666
port57,Antwerp,Belgium,BEL,51.27935494,4.317802311,Saudi Arabia,SAU,24.136038144757897,44.6009581782256,Chemical & Allied Industries,6,US Dollars,Unit,1952623.2354427788,124040.8553203285,1099667
port57,Antwerp,Belgium,BEL,51.27935494,4.317802311,Saudi Arabia,SAU,24.136038144757897,44.6009581782256,Machinery & Electrical Equipment,16+18,US Dollars,Unit,297.8320962282822,864263.131669761,1099668
port57,Antwerp,Belgium,BEL,51.27935494,4.317802311,Singapore,SGP,1.352825189000635,103.81025757634052,Prepared Foodstuffs & Beverages,3+4,US Dollars,Unit,28000.112868354256,318058.9321158775,1099669
port57,Antwerp,Belgium,BEL,51.27935494,4.317802311,Saudi Arabia,SAU,24.136038144757897,44.6009581782256,Metals,15,US Dollars,Unit,35900.4225146626,118553.74873664149,1099670
port57,Antwerp,Belgium,BEL,51.27935494,4.317802311,Singapore,SGP,1.352825189000635,103.81025757634052,Stone & Glass,13+14,US Dollars,Unit,39.25723939813701,11073.614471602601,1099673
port57,Antwerp,Belgium,BEL,51.27935494,4.317802311,Saudi Arabia,SAU,24.136038144757897,44.6009581782256,Mineral Products,5,US Dollars,Unit,10920039.741344878,38521.99972760454,1099676
port57,Antwerp,Belgium,BEL,51.27935494,4.317802311,Singapore,SGP,1.352825189000635,103.81025757634052,Textiles & Footwear,11+12,US Dollars,Unit,62.21850571307062,340.44121858463154,1099680
port57,Antwerp,Belgium,BEL,51.27935494,4.317802311,Saudi Arabia,SAU,24.136038144757897,44.6009581782256,Miscellaneous,19+20+21,US Dollars,Unit,7.344907229805414,30432.03699051022,1099683
port57,Antwerp,Belgium,BEL,51.27935494,4.317802311,Singapore,SGP,1.352825189000635,103.81025757634052,Total,,US Dollars,Unit,258377.22372091596,720924.3340771539,1099687
port57,Antwerp,Belgium,BEL,51.27935494,4.317802311,Saudi Arabia,SAU,24.136038144757897,44.6009581782256,"Plastics, Rubber, Leather",7+8,US Dollars,Unit,1512945.2172472654,54300.58872058363,1099736
port57,Antwerp,Belgium,BEL,51.27935494,4.317802311,Saudi Arabia,SAU,24.136038144757897,44.6009581782256,Prepared Foodstuffs & Beverages,3+4,US Dollars,Unit,100937.86955007876,983257.7092735947,1099740
port57,Antwerp,Belgium,BEL,51.27935494,4.317802311,Singapore,SGP,1.352825189000635,103.81025757634052,Vegetable Products,2,US Dollars,Unit,309.514856831982,6233.090436216779,1099742
port57,Antwerp,Belgium,BEL,51.27935494,4.317802311,Saudi Arabia,SAU,24.136038144757897,44.6009581782256,Stone & Glass,13+14,US Dollars,Unit,3734.1367089886544,3125.543450321402,1099746
port57,Antwerp,Belgium,BEL,51.27935494,4.317802311,Singapore,SGP,1.352825189000635,103.81025757634052,Vehicles & Equipment,17,US Dollars,Unit,265.2652345568604,,1099747
port57,Antwerp,Belgium,BEL,51.27935494,4.317802311,Saudi Arabia,SAU,24.136038144757897,44.6009581782256,Textiles & Footwear,11+12,US Dollars,Unit,16266.495134771705,29518.8219360312,1099752
port57,Antwerp,Belgium,BEL,51.27935494,4.317802311,Singapore,SGP,1.352825189000635,103.81025757634052,Wood & Wood Products,9+10,US Dollars,Unit,13880.838058610174,6881.333198881845,1099753
port57,Antwerp,Belgium,BEL,51.27935494,4.317802311,Saudi Arabia,SAU,24.136038144757897,44.6009581782256,Total,,US Dollars,Unit,14544033.528868603,3192250.720113829,1099758
port57,Antwerp,Belgium,BEL,51.27935494,4.317802311,Saudi Arabia,SAU,24.136038144757897,44.6009581782256,Vegetable Products,2,US Dollars,Unit,1203.1351149278416,252146.4566429244,1099759
port57,Antwerp,Belgium,BEL,51.27935494,4.317802311,Saudi Arabia,SAU,24.136038144757897,44.6009581782256,Vehicles & Equipment,17,US Dollars,Unit,42.14862622523215,191129.9188687048,1099760
port57,Antwerp,Belgium,BEL,51.27935494,4.317802311,Saudi Arabia,SAU,24.136038144757897,44.6009581782256,Wood & Wood Products,9+10,US Dollars,Unit,17.08403879384299,153749.4211451602,1099761
port57,Antwerp,Belgium,BEL,51.27935494,4.317802311,Singapore,SGP,1.352825189000635,103.81025757634052,Animal & Animal Products,1,US Dollars,Unit,135.08122435878573,46166.17777263353,1099790
port57,Antwerp,Belgium,BEL,51.27935494,4.317802311,Singapore,SGP,1.352825189000635,103.81025757634052,Chemical & Allied Industries,6,US Dollars,Unit,40028.44491214986,106376.3818288552,1099791
port57,Antwerp,Belgium,BEL,51.27935494,4.317802311,Singapore,SGP,1.352825189000635,103.81025757634052,Machinery & Electrical Equipment,16+18,US Dollars,Unit,169487.25023823068,80.48894210941606,1099792
port57,Antwerp,Belgium,BEL,51.27935494,4.317802311,Singapore,SGP,1.352825189000635,103.81025757634052,Metals,15,US Dollars,Unit,74.56075553407375,,1099793
port57,Antwerp,Belgium,BEL,51.27935494,4.317802311,Singapore,SGP,1.352825189000635,103.81025757634052,Mineral Products,5,US Dollars,Unit,574.4289773731249,182438.86517155735,1099794
port57,Antwerp,Belgium,BEL,51.27935494,4.317802311,Singapore,SGP,1.352825189000635,103.81025757634052,Miscellaneous,19+20+21,US Dollars,Unit,180.28453120911476,2997.59688385786,1099795
port1065,Busan,Korea,KOR,35.08955067,128.9385952,Germany,DEU,51.08304539800482,10.426171427430804,Animal & Animal Products,1,US Dollars,Unit,270568.47335895593,77930.50482522002,90407
port1065,Busan,Korea,KOR,35.08955067,128.9385952,Germany,DEU,51.08304539800482,10.426171427430804,Chemical & Allied Industries,6,US Dollars,Unit,3505990.9738722676,1185547.1999833358,90408
port1065,Busan,Korea,KOR,35.08955067,128.9385952,Germany,DEU,51.08304539800482,10.426171427430804,Machinery & Electrical Equipment,16+18,US Dollars,Unit,12152201.866419364,12616856.605881667,90409
port1065,Busan,Korea,KOR,35.08955067,128.9385952,Germany,DEU,51.08304539800482,10.426171427430804,Metals,15,US Dollars,Unit,827884.4373768626,1283028.0602702554,90410
port1065,Busan,Korea,KOR,35.08955067,128.9385952,Germany,DEU,51.08304539800482,10.426171427430804,Mineral Products,5,US Dollars,Unit,50694.98117559093,27082.855704555353,90411
port1065,Busan,Korea,KOR,35.08955067,128.9385952,Germany,DEU,51.08304539800482,10.426171427430804,Miscellaneous,19+20+21,US Dollars,Unit,82241.83391683352,614252.6708668538,90412
port1065,Busan,Korea,KOR,35.08955067,128.9385952,Germany,DEU,51.08304539800482,10.426171427430804,"Plastics, Rubber, Leather",7+8,US Dollars,Unit,1112286.7216120989,1759131.0441183948,90413
port1065,Busan,Korea,KOR,35.08955067,128.9385952,Germany,DEU,51.08304539800482,10.426171427430804,Prepared Foodstuffs & Beverages,3+4,US Dollars,Unit,982441.6817142692,345241.1585040665,90414
port1065,Busan,Korea,KOR,35.08955067,128.9385952,Germany,DEU,51.08304539800482,10.426171427430804,Stone & Glass,13+14,US Dollars,Unit,305711.6076807229,256870.19085942584,90415
port1065,Busan,Korea,KOR,35.08955067,128.9385952,Germany,DEU,51.08304539800482,10.426171427430804,Textiles & Footwear,11+12,US Dollars,Unit,34443.37591612169,330923.7990518738,90416
port1065,Busan,Korea,KOR,35.08955067,128.9385952,Germany,DEU,51.08304539800482,10.426171427430804,Total,,US Dollars,Unit,25182090.721799627,22709613.983905256,90417
port1065,Busan,Korea,KOR,35.08955067,128.9385952,Germany,DEU,51.08304539800482,10.426171427430804,Vegetable Products,2,US Dollars,Unit,182283.1546661114,100882.21752414375,90418
port1065,Busan,Korea,KOR,35.08955067,128.9385952,Germany,DEU,51.08304539800482,10.426171427430804,Vehicles & Equipment,17,US Dollars,Unit,5437797.436791019,4043951.6948745595,90419
port1065,Busan,Korea,KOR,35.08955067,128.9385952,Germany,DEU,51.08304539800482,10.426171427430804,Wood & Wood Products,9+10,US Dollars,Unit,237544.17729941316,67915.98144090187,90420
port1065,Busan,Korea,KOR,35.08955067,128.9385952,Brazil,BRA,-11.524630416426652,-54.35520660825642,Animal & Animal Products,1,US Dollars,Unit,7846384.302138728,7574.6641054361635,90660
port1065,Busan,Korea,KOR,35.08955067,128.9385952,Brazil,BRA,-11.524630416426652,-54.35520660825642,Chemical & Allied Industries,6,US Dollars,Unit,118869.71671352176,4088274.668844101,90665
port1065,Busan,Korea,KOR,35.08955067,128.9385952,Brazil,BRA,-11.524630416426652,-54.35520660825642,Machinery & Electrical Equipment,16+18,US Dollars,Unit,140018.85486756847,39852484.20525781,90671
port1065,Busan,Korea,KOR,35.08955067,128.9385952,Brazil,BRA,-11.524630416426652,-54.35520660825642,Metals,15,US Dollars,Unit,833358.8749124527,2242576.2608802738,90677
port1065,Busan,Korea,KOR,35.08955067,128.9385952,Brazil,BRA,-11.524630416426652,-54.35520660825642,Mineral Products,5,US Dollars,Unit,7911305.963358684,355462.59280162456,90678
port1065,Busan,Korea,KOR,35.08955067,128.9385952,Brazil,BRA,-11.524630416426652,-54.35520660825642,Miscellaneous,19+20+21,US Dollars,Unit,531.9330925763904,1349505.8000439266,90679
port1065,Busan,Korea,KOR,35.08955067,128.9385952,Brazil,BRA,-11.524630416426652,-54.35520660825642,"Plastics, Rubber, Leather",7+8,US Dollars,Unit,232896.79299177314,1464784.6393854427,90680
port1065,Busan,Korea,KOR,35.08955067,128.9385952,Brazil,BRA,-11.524630416426652,-54.35520660825642,Prepared Foodstuffs & Beverages,3+4,US Dollars,Unit,4289942.570500394,14445.051564930387,90681
port1065,Busan,Korea,KOR,35.08955067,128.9385952,Brazil,BRA,-11.524630416426652,-54.35520660825642,Stone & Glass,13+14,US Dollars,Unit,5524.56602059983,67150.52751547295,90682
port1065,Busan,Korea,KOR,35.08955067,128.9385952,Brazil,BRA,-11.524630416426652,-54.35520660825642,Textiles & Footwear,11+12,US Dollars,Unit,1408108.1601361027,327469.53204661544,90683
port1065,Busan,Korea,KOR,35.08955067,128.9385952,Brazil,BRA,-11.524630416426652,-54.35520660825642,Total,,US Dollars,Unit,49433695.01662542,51714912.27947281,90684
port1065,Busan,Korea,KOR,35.08955067,128.9385952,Brazil,BRA,-11.524630416426652,-54.35520660825642,Vegetable Products,2,US Dollars,Unit,24209640.971590824,25695.852345789077,90685
port1065,Busan,Korea,KOR,35.08955067,128.9385952,Brazil,BRA,-11.524630416426652,-54.35520660825642,Vehicles & Equipment,17,US Dollars,Unit,2749.7771367466903,1587542.1928625514,90686
port1065,Busan,Korea,KOR,35.08955067,128.9385952,Brazil,BRA,-11.524630416426652,-54.35520660825642,Wood & Wood Products,9+10,US Dollars,Unit,2434362.533165451,331946.29181883496,90687
port1065,Busan,Korea,KOR,35.08955067,128.9385952,China,CHN,38.07325481105728,104.69113855849604,Animal & Animal Products,1,US Dollars,Unit,2817518.0491434266,9867528.56714592,90728
port1065,Busan,Korea,KOR,35.08955067,128.9385952,China,CHN,38.07325481105728,104.69113855849604,Chemical & Allied Industries,6,US Dollars,Unit,52087391.54092199,13273500.730343157,90731
port1065,Busan,Korea,KOR,35.08955067,128.9385952,China,CHN,38.07325481105728,104.69113855849604,Machinery & Electrical Equipment,16+18,US Dollars,Unit,232853160.5270531,47246593.33691356,90735
port1065,Busan,Korea,KOR,35.08955067,128.9385952,China,CHN,38.07325481105728,104.69113855849604,Metals,15,US Dollars,Unit,52230193.87587191,12369228.820436135,90739
port1065,Busan,Korea,KOR,35.08955067,128.9385952,China,CHN,38.07325481105728,104.69113855849604,Mineral Products,5,US Dollars,Unit,3189308.555557982,172576040.78525904,90756
port1065,Busan,Korea,KOR,35.08955067,128.9385952,China,CHN,38.07325481105728,104.69113855849604,Miscellaneous,19+20+21,US Dollars,Unit,57006179.37846953,412224.60407010757,90758
port1065,Busan,Korea,KOR,35.08955067,128.9385952,China,CHN,38.07325481105728,104.69113855849604,"Plastics, Rubber, Leather",7+8,US Dollars,Unit,46154080.521625854,7204923.391809616,90759
port1065,Busan,Korea,KOR,35.08955067,128.9385952,China,CHN,38.07325481105728,104.69113855849604,Prepared Foodstuffs & Beverages,3+4,US Dollars,Unit,3939902.73196424,3317991.3950844584,90761
port1065,Busan,Korea,KOR,35.08955067,128.9385952,China,CHN,38.07325481105728,104.69113855849604,Stone & Glass,13+14,US Dollars,Unit,11668397.990669077,1364103.678208317,90763
port1065,Busan,Korea,KOR,35.08955067,128.9385952,China,CHN,38.07325481105728,104.69113855849604,Textiles & Footwear,11+12,US Dollars,Unit,38039795.78939307,1729056.2944898608,90764
port1065,Busan,Korea,KOR,35.08955067,128.9385952,China,CHN,38.07325481105728,104.69113855849604,Total,,US Dollars,Unit,524551088.7715687,300817440.8249005,90766
port1065,Busan,Korea,KOR,35.08955067,128.9385952,China,CHN,38.07325481105728,104.69113855849604,Vegetable Products,2,US Dollars,Unit,2475384.3463144386,21242119.075326234,90768
port1065,Busan,Korea,KOR,35.08955067,128.9385952,China,CHN,38.07325481105728,104.69113855849604,Vehicles & Equipment,17,US Dollars,Unit,11676836.665820982,4233920.494606835,90770
port1065,Busan,Korea,KOR,35.08955067,128.9385952,China,CHN,38.07325481105728,104.69113855849604,Wood & Wood Products,9+10,US Dollars,Unit,10412938.798763162,5980209.651207252,90772
port1065,Busan,Korea,KOR,35.08955067,128.9385952,Indonesia,IDN,0.155919799590376,113.96538246847302,Animal & Animal Products,1,US Dollars,Unit,617975.5547688318,100881.64172875207,90849
port1065,Busan,Korea,KOR,35.08955067,128.9385952,Indonesia,IDN,0.155919799590376,113.96538246847302,Chemical & Allied Industries,6,US Dollars,Unit,2336027.5242304853,2129158.787577614,90850
port1065,Busan,Korea,KOR,35.08955067,128.9385952,Indonesia,IDN,0.155919799590376,113.96538246847302,Machinery & Electrical Equipment,16+18,US Dollars,Unit,4391103.562570141,6733757.849150405,90851
port1065,Busan,Korea,KOR,35.08955067,128.9385952,Indonesia,IDN,0.155919799590376,113.96538246847302,Metals,15,US Dollars,Unit,3248845.697621756,10199610.531571193,90852
port1065,Busan,Korea,KOR,35.08955067,128.9385952,Indonesia,IDN,0.155919799590376,113.96538246847302,Mineral Products,5,US Dollars,Unit,11151608.574217359,547145.640514743,90853
port1065,Busan,Korea,KOR,35.08955067,128.9385952,Indonesia,IDN,0.155919799590376,113.96538246847302,Miscellaneous,19+20+21,US Dollars,Unit,694933.7978693508,239142.84826133386,90854
port1065,Busan,Korea,KOR,35.08955067,128.9385952,Indonesia,IDN,0.155919799590376,113.96538246847302,"Plastics, Rubber, Leather",7+8,US Dollars,Unit,3883872.583089094,1963088.4176192041,90855
port1065,Busan,Korea,KOR,35.08955067,128.9385952,Indonesia,IDN,0.155919799590376,113.96538246847302,Prepared Foodstuffs & Beverages,3+4,US Dollars,Unit,2710934.9480560613,295542.4183637555,90856
port1065,Busan,Korea,KOR,35.08955067,128.9385952,Indonesia,IDN,0.155919799590376,113.96538246847302,Stone & Glass,13+14,US Dollars,Unit,129006.30149947762,172531.72520442534,90857
port1065,Busan,Korea,KOR,35.08955067,128.9385952,Indonesia,IDN,0.155919799590376,113.96538246847302,Textiles & Footwear,11+12,US Dollars,Unit,6624925.872662808,872278.6385602854,90858
port1065,Busan,Korea,KOR,35.08955067,128.9385952,Indonesia,IDN,0.155919799590376,113.96538246847302,Total,,US Dollars,Unit,40366291.31584378,25010169.011624295,90859
port1065,Busan,Korea,KOR,35.08955067,128.9385952,Indonesia,IDN,0.155919799590376,113.96538246847302,Vegetable Products,2,US Dollars,Unit,764928.1139200383,572841.3597284901,90860
port1065,Busan,Korea,KOR,35.08955067,128.9385952,Indonesia,IDN,0.155919799590376,113.96538246847302,Vehicles & Equipment,17,US Dollars,Unit,254889.20961246343,722580.887794172,90861
port1065,Busan,Korea,KOR,35.08955067,128.9385952,Indonesia,IDN,0.155919799590376,113.96538246847302,Wood & Wood Products,9+10,US Dollars,Unit,3557239.57572592,461608.26554992143,90862
port1065,Busan,Korea,KOR,35.08955067,128.9385952,India,IND,23.58630056774672,81.17300408530181,Animal & Animal Products,1,US Dollars,Unit,1111238.1964980382,316.55812128173085,90863
port1065,Busan,Korea,KOR,35.08955067,128.9385952,India,IND,23.58630056774672,81.17300408530181,Chemical & Allied Industries,6,US Dollars,Unit,1055956.2418731777,4399704.020757688,90864
port1065,Busan,Korea,KOR,35.08955067,128.9385952,India,IND,23.58630056774672,81.17300408530181,Machinery & Electrical Equipment,16+18,US Dollars,Unit,8573735.781703746,5034306.9815836055,90865
port1065,Busan,Korea,KOR,35.08955067,128.9385952,India,IND,23.58630056774672,81.17300408530181,Metals,15,US Dollars,Unit,10227110.849175328,7670083.25496637,90866
port1065,Busan,Korea,KOR,35.08955067,128.9385952,India,IND,23.58630056774672,81.17300408530181,Mineral Products,5,US Dollars,Unit,1328658.6543318674,4321272.5397937205,90867
port1065,Busan,Korea,KOR,35.08955067,128.9385952,India,IND,23.58630056774672,81.17300408530181,Miscellaneous,19+20+21,US Dollars,Unit,334523.8908522413,124625.65631788052,90868
port1065,Busan,Korea,KOR,35.08955067,128.9385952,India,IND,23.58630056774672,81.17300408530181,"Plastics, Rubber, Leather",7+8,US Dollars,Unit,221652.77436874277,4636881.125539899,90869
port1065,Busan,Korea,KOR,35.08955067,128.9385952,India,IND,23.58630056774672,81.17300408530181,Prepared Foodstuffs & Beverages,3+4,US Dollars,Unit,514605.617471517,50803.01812242811,90870
port1065,Busan,Korea,KOR,35.08955067,128.9385952,India,IND,23.58630056774672,81.17300408530181,Stone & Glass,13+14,US Dollars,Unit,731697.4289622122,339357.4011600418,90871
port1065,Busan,Korea,KOR,35.08955067,128.9385952,India,IND,23.58630056774672,81.17300408530181,Textiles & Footwear,11+12,US Dollars,Unit,1575675.4858229612,228709.97925920947,90872
port1065,Busan,Korea,KOR,35.08955067,128.9385952,India,IND,23.58630056774672,81.17300408530181,Total,,US Dollars,Unit,29794273.20125589,28258889.57946025,90873
port1065,Busan,Korea,KOR,35.08955067,128.9385952,India,IND,23.58630056774672,81.17300408530181,Vegetable Products,2,US Dollars,Unit,1480834.562335244,18990.262443256677,90874
port1065,Busan,Korea,KOR,35.08955067,128.9385952,Korea,KOR,36.402386712544114,127.76224551357647,Vegetable Products,2,US Dollars,Unit,1176623.5725846086,17082422.15789634,91212
port1065,Busan,Korea,KOR,35.08955067,128.9385952,India,IND,23.58630056774672,81.17300408530181,Vehicles & Equipment,17,US Dollars,Unit,2568044.8673528796,984372.9967575584,91265
port1065,Busan,Korea,KOR,35.08955067,128.9385952,Korea,KOR,36.402386712544114,127.76224551357647,Vehicles & Equipment,17,US Dollars,Unit,123766064.25071467,28704690.116593767,91268
port1065,Busan,Korea,KOR,35.08955067,128.9385952,India,IND,23.58630056774672,81.17300408530181,Wood & Wood Products,9+10,US Dollars,Unit,70538.85050793254,449465.7846373082,91271
port1065,Busan,Korea,KOR,35.08955067,128.9385952,Korea,KOR,36.402386712544114,127.76224551357647,Wood & Wood Products,9+10,US Dollars,Unit,6154858.236560591,13694467.11551364,91281
port1065,Busan,Korea,KOR,35.08955067,128.9385952,Japan,JPN,36.76738832597829,137.46934234351835,Animal & Animal Products,1,US Dollars,Unit,1107535.3843882976,6802724.012856314,91367
port1065,Busan,Korea,KOR,35.08955067,128.9385952,Japan,JPN,36.76738832597829,137.46934234351835,Chemical & Allied Industries,6,US Dollars,Unit,19390614.883902222,17368081.282188885,91371
port1065,Busan,Korea,KOR,35.08955067,128.9385952,Japan,JPN,36.76738832597829,137.46934234351835,Machinery & Electrical Equipment,16+18,US Dollars,Unit,133717255.61653675,67179567.61027798,91376
port1065,Busan,Korea,KOR,35.08955067,128.9385952,Japan,JPN,36.76738832597829,137.46934234351835,Metals,15,US Dollars,Unit,36367708.56506267,20350777.278270103,91381
port1065,Busan,Korea,KOR,35.08955067,128.9385952,Japan,JPN,36.76738832597829,137.46934234351835,Mineral Products,5,US Dollars,Unit,1322392.2787491912,54523662.70399337,91386
port1065,Busan,Korea,KOR,35.08955067,128.9385952,Japan,JPN,36.76738832597829,137.46934234351835,Miscellaneous,19+20+21,US Dollars,Unit,2385330.3026447925,2359911.789455762,91391
port1065,Busan,Korea,KOR,35.08955067,128.9385952,Japan,JPN,36.76738832597829,137.46934234351835,"Plastics, Rubber, Leather",7+8,US Dollars,Unit,8969284.80536009,5811170.879707156,91396
port1065,Busan,Korea,KOR,35.08955067,128.9385952,Korea,KOR,36.402386712544114,127.76224551357647,Animal & Animal Products,1,US Dollars,Unit,1780515.3574267991,17773258.679780528,91487
port1065,Busan,Korea,KOR,35.08955067,128.9385952,Korea,KOR,36.402386712544114,127.76224551357647,Chemical & Allied Industries,6,US Dollars,Unit,64503214.35975216,51635063.89638312,91492
port1065,Busan,Korea,KOR,35.08955067,128.9385952,Korea,KOR,36.402386712544114,127.76224551357647,Machinery & Electrical Equipment,16+18,US Dollars,Unit,256081800.57606423,213352729.4882527,91497
port1065,Busan,Korea,KOR,35.08955067,128.9385952,Korea,KOR,36.402386712544114,127.76224551357647,Metals,15,US Dollars,Unit,90460164.08172858,55253179.229064524,91502
port1065,Busan,Korea,KOR,35.08955067,128.9385952,Korea,KOR,36.402386712544114,127.76224551357647,Mineral Products,5,US Dollars,Unit,5267503.848519064,228781883.90846935,91506
port1065,Busan,Korea,KOR,35.08955067,128.9385952,Korea,KOR,36.402386712544114,127.76224551357647,Miscellaneous,19+20+21,US Dollars,Unit,4875102.283243811,14231237.010527665,91508
port1065,Busan,Korea,KOR,35.08955067,128.9385952,Korea,KOR,36.402386712544114,127.76224551357647,"Plastics, Rubber, Leather",7+8,US Dollars,Unit,59596102.1155511,20726132.107312046,91513
port1065,Busan,Korea,KOR,35.08955067,128.9385952,Korea,KOR,36.402386712544114,127.76224551357647,Prepared Foodstuffs & Beverages,3+4,US Dollars,Unit,6925870.008758697,18598782.129705455,91518
port1065,Busan,Korea,KOR,35.08955067,128.9385952,Korea,KOR,36.402386712544114,127.76224551357647,Stone & Glass,13+14,US Dollars,Unit,7435358.011863143,6349732.229654098,91523
port1065,Busan,Korea,KOR,35.08955067,128.9385952,Korea,KOR,36.402386712544114,127.76224551357647,Textiles & Footwear,11+12,US Dollars,Unit,11701999.522248866,31549864.088933777,91528
port1065,Busan,Korea,KOR,35.08955067,128.9385952,Korea,KOR,36.402386712544114,127.76224551357647,Total,,US Dollars,Unit,639725176.2250162,717733442.1580869,91533
port1065,Busan,Korea,KOR,35.08955067,128.9385952,Japan,JPN,36.76738832597829,137.46934234351835,Prepared Foodstuffs & Beverages,3+4,US Dollars,Unit,1540982.1429161355,7525317.358408828,91539
port1065,Busan,Korea,KOR,35.08955067,128.9385952,Japan,JPN,36.76738832597829,137.46934234351835,Stone & Glass,13+14,US Dollars,Unit,2980018.416377462,2716744.0878889337,91544
port1065,Busan,Korea,KOR,35.08955067,128.9385952,Japan,JPN,36.76738832597829,137.46934234351835,Textiles & Footwear,11+12,US Dollars,Unit,2525231.8393379455,3091867.5204652767,91549
port1065,Busan,Korea,KOR,35.08955067,128.9385952,Japan,JPN,36.76738832597829,137.46934234351835,Total,,US Dollars,Unit,222621126.4244238,206519086.24099693,91553
port1065,Busan,Korea,KOR,35.08955067,128.9385952,Japan,JPN,36.76738832597829,137.46934234351835,Vegetable Products,2,US Dollars,Unit,189104.59734402213,7468418.5983564025,91556
port1065,Busan,Korea,KOR,35.08955067,128.9385952,Japan,JPN,36.76738832597829,137.46934234351835,Vehicles & Equipment,17,US Dollars,Unit,9042175.29523656,2633921.7027009907,91559
port1065,Busan,Korea,KOR,35.08955067,128.9385952,Japan,JPN,36.76738832597829,137.46934234351835,Wood & Wood Products,9+10,US Dollars,Unit,3083492.296567651,8686921.41642694,91562
port1065,Busan,Korea,KOR,35.08955067,128.9385952,Russian Federation,RUS,59.039434214106194,98.6704990698032,Mineral Products,5,US Dollars,Unit,102289144.64578049,536935.515304083,92005
port1065,Busan,Korea,KOR,35.08955067,128.9385952,Russian Federation,RUS,59.039434214106194,98.6704990698032,Miscellaneous,19+20+21,US Dollars,Unit,43221.64617344849,160337.9552119156,92011
port1065,Busan,Korea,KOR,35.08955067,128.9385952,Russian Federation,RUS,59.039434214106194,98.6704990698032,"Plastics, Rubber, Leather",7+8,US Dollars,Unit,313788.235957992,535769.3265812226,92019
port1065,Busan,Korea,KOR,35.08955067,128.9385952,Russian Federation,RUS,59.039434214106194,98.6704990698032,Prepared Foodstuffs & Beverages,3+4,US Dollars,Unit,192676.66921156715,754669.7668991402,92027
port1065,Busan,Korea,KOR,35.08955067,128.9385952,Singapore,SGP,1.352825189000635,103.81025757634052,Animal & Animal Products,1,US Dollars,Unit,14916.154162237966,28185.05196875345,92047
port1065,Busan,Korea,KOR,35.08955067,128.9385952,Singapore,SGP,1.352825189000635,103.81025757634052,Chemical & Allied Industries,6,US Dollars,Unit,1470569.753021871,984952.0667103307,92048
port1065,Busan,Korea,KOR,35.08955067,128.9385952,Singapore,SGP,1.352825189000635,103.81025757634052,Machinery & Electrical Equipment,16+18,US Dollars,Unit,3446321.6521624867,27625449.691531327,92049
port1065,Busan,Korea,KOR,35.08955067,128.9385952,Singapore,SGP,1.352825189000635,103.81025757634052,Metals,15,US Dollars,Unit,252005.8029425276,677607.5732594237,92050
port1065,Busan,Korea,KOR,35.08955067,128.9385952,Singapore,SGP,1.352825189000635,103.81025757634052,Mineral Products,5,US Dollars,Unit,116056.9280576856,419587.82286060584,92051
port1065,Busan,Korea,KOR,35.08955067,128.9385952,Singapore,SGP,1.352825189000635,103.81025757634052,Miscellaneous,19+20+21,US Dollars,Unit,13717.512536915872,26370.5349295336,92052
port1065,Busan,Korea,KOR,35.08955067,128.9385952,Singapore,SGP,1.352825189000635,103.81025757634052,"Plastics, Rubber, Leather",7+8,US Dollars,Unit,291959.6776847941,270285.9346467918,92053
port1065,Busan,Korea,KOR,35.08955067,128.9385952,Singapore,SGP,1.352825189000635,103.81025757634052,Prepared Foodstuffs & Beverages,3+4,US Dollars,Unit,290115.2624974082,292061.3299946514,92054
port1065,Busan,Korea,KOR,35.08955067,128.9385952,Singapore,SGP,1.352825189000635,103.81025757634052,Stone & Glass,13+14,US Dollars,Unit,8795.651522377042,721529.5496844007,92055
port1065,Busan,Korea,KOR,35.08955067,128.9385952,Singapore,SGP,1.352825189000635,103.81025757634052,Textiles & Footwear,11+12,US Dollars,Unit,8339.700361760775,52640.27655831488,92056
port1065,Busan,Korea,KOR,35.08955067,128.9385952,Singapore,SGP,1.352825189000635,103.81025757634052,Total,,US Dollars,Unit,5990556.357825407,31238551.52508401,92057
port1065,Busan,Korea,KOR,35.08955067,128.9385952,Singapore,SGP,1.352825189000635,103.81025757634052,Vegetable Products,2,US Dollars,Unit,21000.691086235314,21415.735809276935,92058
port1065,Busan,Korea,KOR,35.08955067,128.9385952,Singapore,SGP,1.352825189000635,103.81025757634052,Vehicles & Equipment,17,US Dollars,Unit,24941.218508469083,73125.79220122242,92059
port1065,Busan,Korea,KOR,35.08955067,128.9385952,Singapore,SGP,1.352825189000635,103.81025757634052,Wood & Wood Products,9+10,US Dollars,Unit,31816.353280638246,45340.16492937554,92060
port1065,Busan,Korea,KOR,35.08955067,128.9385952,Russian Federation,RUS,59.039434214106194,98.6704990698032,Stone & Glass,13+14,US Dollars,Unit,474512.1824609671,21068.333273017204,92082
port1065,Busan,Korea,KOR,35.08955067,128.9385952,Russian Federation,RUS,59.039434214106194,98.6704990698032,Textiles & Footwear,11+12,US Dollars,Unit,17200.453942313932,607722.1595882324,92088
port1065,Busan,Korea,KOR,35.08955067,128.9385952,Russian Federation,RUS,59.039434214106194,98.6704990698032,Total,,US Dollars,Unit,116381398.05647472,12578923.19257694,92099
port1065,Busan,Korea,KOR,35.08955067,128.9385952,Russian Federation,RUS,59.039434214106194,98.6704990698032,Vegetable Products,2,US Dollars,Unit,177546.66250365746,2350991.7208909816,92106
port1065,Busan,Korea,KOR,35.08955067,128.9385952,Russian Federation,RUS,59.039434214106194,98.6704990698032,Vehicles & Equipment,17,US Dollars,Unit,103303.33861469351,1992885.6369162158,92155
port1065,Busan,Korea,KOR,35.08955067,128.9385952,Russian Federation,RUS,59.039434214106194,98.6704990698032,Wood & Wood Products,9+10,US Dollars,Unit,1382832.027319457,430937.98821424856,92163
port1065,Busan,Korea,KOR,35.08955067,128.9385952,Saudi Arabia,SAU,24.136038144757897,44.6009581782256,Animal & Animal Products,1,US Dollars,Unit,1403.6916231023115,1923.2196778698124,92276
port1065,Busan,Korea,KOR,35.08955067,128.9385952,Saudi Arabia,SAU,24.136038144757897,44.6009581782256,Chemical & Allied Industries,6,US Dollars,Unit,79051.17543738989,243917.23863532158,92282
port1065,Busan,Korea,KOR,35.08955067,128.9385952,Saudi Arabia,SAU,24.136038144757897,44.6009581782256,Machinery & Electrical Equipment,16+18,US Dollars,Unit,8991.309438747307,1260385.7375392101,92288
port1065,Busan,Korea,KOR,35.08955067,128.9385952,Saudi Arabia,SAU,24.136038144757897,44.6009581782256,Metals,15,US Dollars,Unit,33830.20664735211,862333.2214900817,92293
port1065,Busan,Korea,KOR,35.08955067,128.9385952,Saudi Arabia,SAU,24.136038144757897,44.6009581782256,Mineral Products,5,US Dollars,Unit,68964855.05312687,40942.06166049825,92298
port1065,Busan,Korea,KOR,35.08955067,128.9385952,Saudi Arabia,SAU,24.136038144757897,44.6009581782256,Miscellaneous,19+20+21,US Dollars,Unit,2.1187523766458467,288250.82361804036,92303
port1065,Busan,Korea,KOR,35.08955067,128.9385952,Saudi Arabia,SAU,24.136038144757897,44.6009581782256,"Plastics, Rubber, Leather",7+8,US Dollars,Unit,20940.416300847486,270193.02816464385,92307
port1065,Busan,Korea,KOR,35.08955067,128.9385952,Saudi Arabia,SAU,24.136038144757897,44.6009581782256,Prepared Foodstuffs & Beverages,3+4,US Dollars,Unit,12.33163682651907,68190.76824392169,92316
port1065,Busan,Korea,KOR,35.08955067,128.9385952,Saudi Arabia,SAU,24.136038144757897,44.6009581782256,Stone & Glass,13+14,US Dollars,Unit,295.24211676930906,7395.910286868329,92321
port1065,Busan,Korea,KOR,35.08955067,128.9385952,Saudi Arabia,SAU,24.136038144757897,44.6009581782256,Textiles & Footwear,11+12,US Dollars,Unit,914.7276789931502,231275.27915045983,92326
port1065,Busan,Korea,KOR,35.08955067,128.9385952,Saudi Arabia,SAU,24.136038144757897,44.6009581782256,Total,,US Dollars,Unit,69111672.55880263,6567927.627486142,92331
port1065,Busan,Korea,KOR,35.08955067,128.9385952,Saudi Arabia,SAU,24.136038144757897,44.6009581782256,Vegetable Products,2,US Dollars,Unit,76.107517862128,16141.178654135805,92336
port1065,Busan,Korea,KOR,35.08955067,128.9385952,Saudi Arabia,SAU,24.136038144757897,44.6009581782256,Vehicles & Equipment,17,US Dollars,Unit,1140.8603724059158,3207519.6966017704,92341
port1065,Busan,Korea,KOR,35.08955067,128.9385952,Saudi Arabia,SAU,24.136038144757897,44.6009581782256,Wood & Wood Products,9+10,US Dollars,Unit,159.31815309215648,69459.46376332112,92347
port1065,Busan,Korea,KOR,35.08955067,128.9385952,Russian Federation,RUS,59.039434214106194,98.6704990698032,Animal & Animal Products,1,US Dollars,Unit,1597729.1010798085,522682.9970844248,92383
port1065,Busan,Korea,KOR,35.08955067,128.9385952,Russian Federation,RUS,59.039434214106194,98.6704990698032,Chemical & Allied Industries,6,US Dollars,Unit,3966469.6836484517,685833.9511027688,92387
port1065,Busan,Korea,KOR,35.08955067,128.9385952,Russian Federation,RUS,59.039434214106194,98.6704990698032,Machinery & Electrical Equipment,16+18,US Dollars,Unit,319653.2392411152,3156212.124244938,92390
port1065,Busan,Korea,KOR,35.08955067,128.9385952,Russian Federation,RUS,59.039434214106194,98.6704990698032,Metals,15,US Dollars,Unit,5503320.170540767,822875.7172657506,92393
port1065,Busan,Korea,KOR,35.08955067,128.9385952,Taiwan Province of China,TWN,23.725268,120.936523,Animal & Animal Products,1,US Dollars,Unit,360811.2002690165,39548.15722265555,92615
port1065,Busan,Korea,KOR,35.08955067,128.9385952,Taiwan Province of China,TWN,23.725268,120.936523,Chemical & Allied Industries,6,US Dollars,Unit,2591772.8387619546,4779402.159410999,92620
port1065,Busan,Korea,KOR,35.08955067,128.9385952,Taiwan Province of China,TWN,23.725268,120.936523,Machinery & Electrical Equipment,16+18,US Dollars,Unit,21468652.37124243,19283088.132508494,92626
port1065,Busan,Korea,KOR,35.08955067,128.9385952,Taiwan Province of China,TWN,23.725268,120.936523,Metals,15,US Dollars,Unit,13800923.246788736,3508365.407819085,92631
port1065,Busan,Korea,KOR,35.08955067,128.9385952,Taiwan Province of China,TWN,23.725268,120.936523,Mineral Products,5,US Dollars,Unit,106542.33709203782,12762930.437114144,92637
port1065,Busan,Korea,KOR,35.08955067,128.9385952,Taiwan Province of China,TWN,23.725268,120.936523,Miscellaneous,19+20+21,US Dollars,Unit,520185.1002144953,114097.94045976893,92643
port1065,Busan,Korea,KOR,35.08955067,128.9385952,Taiwan Province of China,TWN,23.725268,120.936523,"Plastics, Rubber, Leather",7+8,US Dollars,Unit,2859686.0067265905,886213.0604977125,92648
port1065,Busan,Korea,KOR,35.08955067,128.9385952,Taiwan Province of China,TWN,23.725268,120.936523,Prepared Foodstuffs & Beverages,3+4,US Dollars,Unit,976866.036274985,8381.997488617899,92655
port1065,Busan,Korea,KOR,35.08955067,128.9385952,Taiwan Province of China,TWN,23.725268,120.936523,Stone & Glass,13+14,US Dollars,Unit,541842.3908158896,400477.72296008654,92661
port1065,Busan,Korea,KOR,35.08955067,128.9385952,Taiwan Province of China,TWN,23.725268,120.936523,Textiles & Footwear,11+12,US Dollars,Unit,500894.16692098137,214663.71529829592,92667
port1065,Busan,Korea,KOR,35.08955067,128.9385952,Taiwan Province of China,TWN,23.725268,120.936523,Total,,US Dollars,Unit,44627073.476279646,44463191.16890576,92673
port1065,Busan,Korea,KOR,35.08955067,128.9385952,Taiwan Province of China,TWN,23.725268,120.936523,Vegetable Products,2,US Dollars,Unit,111326.76805484833,156355.45685624125,92685
port1065,Busan,Korea,KOR,35.08955067,128.9385952,Taiwan Province of China,TWN,23.725268,120.936523,Vehicles & Equipment,17,US Dollars,Unit,298923.65963355894,1858209.0924586887,92691
port1065,Busan,Korea,KOR,35.08955067,128.9385952,Taiwan Province of China,TWN,23.725268,120.936523,Wood & Wood Products,9+10,US Dollars,Unit,488647.35348412575,451457.8888109651,92697
port1065,Busan,Korea,KOR,35.08955067,128.9385952,United States,USA,38.8208089190304,-96.3316166082964,Animal & Animal Products,1,US Dollars,Unit,9432792.310904069,4239827.352110105,92712
port1065,Busan,Korea,KOR,35.08955067,128.9385952,United States,USA,38.8208089190304,-96.3316166082964,Chemical & Allied Industries,6,US Dollars,Unit,27902408.44196277,63465100.04190958,92713
port1065,Busan,Korea,KOR,35.08955067,128.9385952,United States,USA,38.8208089190304,-96.3316166082964,Machinery & Electrical Equipment,16+18,US Dollars,Unit,36019403.2252432,156334537.82597592,92714
port1065,Busan,Korea,KOR,35.08955067,128.9385952,United States,USA,38.8208089190304,-96.3316166082964,Metals,15,US Dollars,Unit,3067005.089463722,56256161.58812176,92715
port1065,Busan,Korea,KOR,35.08955067,128.9385952,United States,USA,38.8208089190304,-96.3316166082964,Mineral Products,5,US Dollars,Unit,103111626.71807897,8369059.7972114775,92716
port1065,Busan,Korea,KOR,35.08955067,128.9385952,United States,USA,38.8208089190304,-96.3316166082964,Miscellaneous,19+20+21,US Dollars,Unit,777458.224278863,40322668.456231475,92717
port1065,Busan,Korea,KOR,35.08955067,128.9385952,United States,USA,38.8208089190304,-96.3316166082964,"Plastics, Rubber, Leather",7+8,US Dollars,Unit,7340347.399825975,56504969.158712134,92718
port1065,Busan,Korea,KOR,35.08955067,128.9385952,United States,USA,38.8208089190304,-96.3316166082964,Prepared Foodstuffs & Beverages,3+4,US Dollars,Unit,6559904.8832642855,7998583.633821746,92719
port1065,Busan,Korea,KOR,35.08955067,128.9385952,United States,USA,38.8208089190304,-96.3316166082964,Stone & Glass,13+14,US Dollars,Unit,1734784.9817883498,11795302.586748773,92720
port1065,Busan,Korea,KOR,35.08955067,128.9385952,United States,USA,38.8208089190304,-96.3316166082964,Textiles & Footwear,11+12,US Dollars,Unit,2121313.076252517,14215307.93240817,92721
port1065,Busan,Korea,KOR,35.08955067,128.9385952,United States,USA,38.8208089190304,-96.3316166082964,Total,,US Dollars,Unit,228989540.37091643,498058665.136314,92722
port1065,Busan,Korea,KOR,35.08955067,128.9385952,United States,USA,38.8208089190304,-96.3316166082964,Vegetable Products,2,US Dollars,Unit,12292775.867439333,3548005.5004886007,92723
port1065,Busan,Korea,KOR,35.08955067,128.9385952,United States,USA,38.8208089190304,-96.3316166082964,Vehicles & Equipment,17,US Dollars,Unit,12649730.669330144,65700657.021121696,92724
port1065,Busan,Korea,KOR,35.08955067,128.9385952,United States,USA,38.8208089190304,-96.3316166082964,Wood & Wood Products,9+10,US Dollars,Unit,5979989.483084192,9308484.241452593,92725
port1114,Rotterdam,The Netherlands,NLD,51.92228121,4.215144967,Germany,DEU,51.08304539800482,10.426171427430804,Animal & Animal Products,1,US Dollars,Unit,2115092.9335667556,3099805.900483608,154904
port1114,Rotterdam,The Netherlands,NLD,51.92228121,4.215144967,Germany,DEU,51.08304539800482,10.426171427430804,Chemical & Allied Industries,6,US Dollars,Unit,72141044.51172295,17542866.586631663,154907
port1114,Rotterdam,The Netherlands,NLD,51.92228121,4.215144967,Germany,DEU,51.08304539800482,10.426171427430804,Machinery & Electrical Equipment,16+18,US Dollars,Unit,111183140.71680424,78052879.51572494,154945
port1114,Rotterdam,The Netherlands,NLD,51.92228121,4.215144967,Germany,DEU,51.08304539800482,10.426171427430804,Metals,15,US Dollars,Unit,29403810.935834162,33131304.660873313,154948
port1114,Rotterdam,The Netherlands,NLD,51.92228121,4.215144967,Germany,DEU,51.08304539800482,10.426171427430804,Mineral Products,5,US Dollars,Unit,1791053.651774674,81980303.47926803,154952
port1114,Rotterdam,The Netherlands,NLD,51.92228121,4.215144967,Germany,DEU,51.08304539800482,10.426171427430804,Miscellaneous,19+20+21,US Dollars,Unit,5842139.94323007,9050553.901507253,154956
port1114,Rotterdam,The Netherlands,NLD,51.92228121,4.215144967,Germany,DEU,51.08304539800482,10.426171427430804,"Plastics, Rubber, Leather",7+8,US Dollars,Unit,20043946.874433722,11222648.42423259,154960
port1114,Rotterdam,The Netherlands,NLD,51.92228121,4.215144967,Germany,DEU,51.08304539800482,10.426171427430804,Prepared Foodstuffs & Beverages,3+4,US Dollars,Unit,4318537.86879673,5372147.341869799,154964
port1114,Rotterdam,The Netherlands,NLD,51.92228121,4.215144967,Germany,DEU,51.08304539800482,10.426171427430804,Stone & Glass,13+14,US Dollars,Unit,5677294.900252288,5436833.653979619,154968
port1114,Rotterdam,The Netherlands,NLD,51.92228121,4.215144967,Germany,DEU,51.08304539800482,10.426171427430804,Textiles & Footwear,11+12,US Dollars,Unit,2749743.9110544226,15506878.067870038,154972
port1114,Rotterdam,The Netherlands,NLD,51.92228121,4.215144967,Germany,DEU,51.08304539800482,10.426171427430804,Total,,US Dollars,Unit,308805705.5253371,301838990.6694096,154978
port1114,Rotterdam,The Netherlands,NLD,51.92228121,4.215144967,Germany,DEU,51.08304539800482,10.426171427430804,Vegetable Products,2,US Dollars,Unit,2843560.632744501,14199688.4912051,154983
port1114,Rotterdam,The Netherlands,NLD,51.92228121,4.215144967,Germany,DEU,51.08304539800482,10.426171427430804,Vehicles & Equipment,17,US Dollars,Unit,42162459.01010526,23588977.650615394,154989
port1114,Rotterdam,The Netherlands,NLD,51.92228121,4.215144967,Germany,DEU,51.08304539800482,10.426171427430804,Wood & Wood Products,9+10,US Dollars,Unit,8533879.635017348,3654102.99514826,154995
port1114,Rotterdam,The Netherlands,NLD,51.92228121,4.215144967,Brazil,BRA,-11.524630416426652,-54.35520660825642,Animal & Animal Products,1,US Dollars,Unit,351686.4740604526,38627.66036800121,155074
port1114,Rotterdam,The Netherlands,NLD,51.92228121,4.215144967,Brazil,BRA,-11.524630416426652,-54.35520660825642,Chemical & Allied Industries,6,US Dollars,Unit,3157560.5493533616,7082248.561635276,155080
port1114,Rotterdam,The Netherlands,NLD,51.92228121,4.215144967,Brazil,BRA,-11.524630416426652,-54.35520660825642,Machinery & Electrical Equipment,16+18,US Dollars,Unit,1844694.7949858098,1952195.3826226676,155086
port1114,Rotterdam,The Netherlands,NLD,51.92228121,4.215144967,Brazil,BRA,-11.524630416426652,-54.35520660825642,Metals,15,US Dollars,Unit,3018965.7455285015,1795550.0537150544,155091
port1114,Rotterdam,The Netherlands,NLD,51.92228121,4.215144967,Brazil,BRA,-11.524630416426652,-54.35520660825642,Mineral Products,5,US Dollars,Unit,6658900.10266004,182874.48492631086,155101
port1114,Rotterdam,The Netherlands,NLD,51.92228121,4.215144967,Brazil,BRA,-11.524630416426652,-54.35520660825642,Miscellaneous,19+20+21,US Dollars,Unit,130114.67128135262,120822.10691199248,155106
port1114,Rotterdam,The Netherlands,NLD,51.92228121,4.215144967,Brazil,BRA,-11.524630416426652,-54.35520660825642,"Plastics, Rubber, Leather",7+8,US Dollars,Unit,432792.11848202435,1287139.5138683307,155111
port1114,Rotterdam,The Netherlands,NLD,51.92228121,4.215144967,Brazil,BRA,-11.524630416426652,-54.35520660825642,Prepared Foodstuffs & Beverages,3+4,US Dollars,Unit,3047030.07699077,186845.95987204884,155115
port1114,Rotterdam,The Netherlands,NLD,51.92228121,4.215144967,Brazil,BRA,-11.524630416426652,-54.35520660825642,Stone & Glass,13+14,US Dollars,Unit,676210.7603769806,372289.55214566295,155118
port1114,Rotterdam,The Netherlands,NLD,51.92228121,4.215144967,Brazil,BRA,-11.524630416426652,-54.35520660825642,Textiles & Footwear,11+12,US Dollars,Unit,1082080.0768907843,175166.944336879,155121
port1114,Rotterdam,The Netherlands,NLD,51.92228121,4.215144967,Brazil,BRA,-11.524630416426652,-54.35520660825642,Total,,US Dollars,Unit,29615697.085691612,14225422.165926564,155124
port1114,Rotterdam,The Netherlands,NLD,51.92228121,4.215144967,China,CHN,38.07325481105728,104.69113855849604,Animal & Animal Products,1,US Dollars,Unit,472285.9300581666,2261535.8585634343,155126
port1114,Rotterdam,The Netherlands,NLD,51.92228121,4.215144967,Brazil,BRA,-11.524630416426652,-54.35520660825642,Vegetable Products,2,US Dollars,Unit,6643842.378497856,94724.82046226246,155128
port1114,Rotterdam,The Netherlands,NLD,51.92228121,4.215144967,China,CHN,38.07325481105728,104.69113855849604,Chemical & Allied Industries,6,US Dollars,Unit,4557857.609285451,1531616.2592872437,155130
port1114,Rotterdam,The Netherlands,NLD,51.92228121,4.215144967,Brazil,BRA,-11.524630416426652,-54.35520660825642,Vehicles & Equipment,17,US Dollars,Unit,707304.9477359202,899757.869071848,155132
port1114,Rotterdam,The Netherlands,NLD,51.92228121,4.215144967,China,CHN,38.07325481105728,104.69113855849604,Machinery & Electrical Equipment,16+18,US Dollars,Unit,42380255.26846243,25463265.850197893,155134
port1114,Rotterdam,The Netherlands,NLD,51.92228121,4.215144967,Brazil,BRA,-11.524630416426652,-54.35520660825642,Wood & Wood Products,9+10,US Dollars,Unit,1864514.3888477606,37179.25599023024,155136
port1114,Rotterdam,The Netherlands,NLD,51.92228121,4.215144967,China,CHN,38.07325481105728,104.69113855849604,Metals,15,US Dollars,Unit,5445395.86097399,2807014.652449678,155138
port1114,Rotterdam,The Netherlands,NLD,51.92228121,4.215144967,China,CHN,38.07325481105728,104.69113855849604,Mineral Products,5,US Dollars,Unit,266895.5854294114,6142825.85890141,155142
port1114,Rotterdam,The Netherlands,NLD,51.92228121,4.215144967,China,CHN,38.07325481105728,104.69113855849604,Miscellaneous,19+20+21,US Dollars,Unit,9951310.116894813,80846.68285147309,155146
port1114,Rotterdam,The Netherlands,NLD,51.92228121,4.215144967,China,CHN,38.07325481105728,104.69113855849604,"Plastics, Rubber, Leather",7+8,US Dollars,Unit,3015366.910805418,774531.5993695341,155182
port1114,Rotterdam,The Netherlands,NLD,51.92228121,4.215144967,China,CHN,38.07325481105728,104.69113855849604,Prepared Foodstuffs & Beverages,3+4,US Dollars,Unit,978923.1186341366,3638670.6681640493,155183
port1114,Rotterdam,The Netherlands,NLD,51.92228121,4.215144967,China,CHN,38.07325481105728,104.69113855849604,Stone & Glass,13+14,US Dollars,Unit,613957.2744510358,152113.82680136673,155184
port1114,Rotterdam,The Netherlands,NLD,51.92228121,4.215144967,China,CHN,38.07325481105728,104.69113855849604,Textiles & Footwear,11+12,US Dollars,Unit,3344689.0851857886,177822.4273933427,155185
port1114,Rotterdam,The Netherlands,NLD,51.92228121,4.215144967,China,CHN,38.07325481105728,104.69113855849604,Total,,US Dollars,Unit,82426698.20074978,51192671.26937973,155186
port1114,Rotterdam,The Netherlands,NLD,51.92228121,4.215144967,China,CHN,38.07325481105728,104.69113855849604,Vegetable Products,2,US Dollars,Unit,730769.1341101873,547620.6907680192,155187
port1114,Rotterdam,The Netherlands,NLD,51.92228121,4.215144967,China,CHN,38.07325481105728,104.69113855849604,Vehicles & Equipment,17,US Dollars,Unit,7595182.410116949,5887349.711452858,155188
port1114,Rotterdam,The Netherlands,NLD,51.92228121,4.215144967,China,CHN,38.07325481105728,104.69113855849604,Wood & Wood Products,9+10,US Dollars,Unit,3073809.8963420084,1727457.1831794076,155189
port1114,Rotterdam,The Netherlands,NLD,51.92228121,4.215144967,Indonesia,IDN,0.155919799590376,113.96538246847302,Animal & Animal Products,1,US Dollars,Unit,22253.1783214815,79746.35021897391,155454
port1114,Rotterdam,The Netherlands,NLD,51.92228121,4.215144967,Indonesia,IDN,0.155919799590376,113.96538246847302,Chemical & Allied Industries,6,US Dollars,Unit,1769939.801839907,35908.46630697471,155458
port1114,Rotterdam,The Netherlands,NLD,51.92228121,4.215144967,Indonesia,IDN,0.155919799590376,113.96538246847302,Machinery & Electrical Equipment,16+18,US Dollars,Unit,976238.9625605259,56998.594860083416,155464
port1114,Rotterdam,The Netherlands,NLD,51.92228121,4.215144967,Indonesia,IDN,0.155919799590376,113.96538246847302,Metals,15,US Dollars,Unit,1424027.9875522666,131375.59185415242,155469
port1114,Rotterdam,The Netherlands,NLD,51.92228121,4.215144967,Indonesia,IDN,0.155919799590376,113.96538246847302,Mineral Products,5,US Dollars,Unit,228504.71636100073,636.4977086914595,155474
port1114,Rotterdam,The Netherlands,NLD,51.92228121,4.215144967,Indonesia,IDN,0.155919799590376,113.96538246847302,Miscellaneous,19+20+21,US Dollars,Unit,183317.46047404522,4450.116340409452,155479
port1114,Rotterdam,The Netherlands,NLD,51.92228121,4.215144967,Indonesia,IDN,0.155919799590376,113.96538246847302,"Plastics, Rubber, Leather",7+8,US Dollars,Unit,513064.9688705244,3918.477678420982,155483
port1114,Rotterdam,The Netherlands,NLD,51.92228121,4.215144967,Indonesia,IDN,0.155919799590376,113.96538246847302,Prepared Foodstuffs & Beverages,3+4,US Dollars,Unit,1313895.8584003092,77440.63546543015,155488
port1114,Rotterdam,The Netherlands,NLD,51.92228121,4.215144967,Indonesia,IDN,0.155919799590376,113.96538246847302,Stone & Glass,13+14,US Dollars,Unit,21734.187065988208,151497.040421746,155493
port1114,Rotterdam,The Netherlands,NLD,51.92228121,4.215144967,Indonesia,IDN,0.155919799590376,113.96538246847302,Textiles & Footwear,11+12,US Dollars,Unit,198282.80145880804,6368.763477136413,155498
port1114,Rotterdam,The Netherlands,NLD,51.92228121,4.215144967,Indonesia,IDN,0.155919799590376,113.96538246847302,Total,,US Dollars,Unit,7869785.32141392,860646.9529077067,155503
port1114,Rotterdam,The Netherlands,NLD,51.92228121,4.215144967,Indonesia,IDN,0.155919799590376,113.96538246847302,Vegetable Products,2,US Dollars,Unit,263821.6165192512,48423.62597247393,155508
port1114,Rotterdam,The Netherlands,NLD,51.92228121,4.215144967,Indonesia,IDN,0.155919799590376,113.96538246847302,Vehicles & Equipment,17,US Dollars,Unit,72941.45455403122,15400.413882534544,155512
port1114,Rotterdam,The Netherlands,NLD,51.92228121,4.215144967,Indonesia,IDN,0.155919799590376,113.96538246847302,Wood & Wood Products,9+10,US Dollars,Unit,881762.3274357821,248482.37872067938,155515
port1114,Rotterdam,The Netherlands,NLD,51.92228121,4.215144967,India,IND,23.58630056774672,81.17300408530181,Animal & Animal Products,1,US Dollars,Unit,621832.2313670272,13296.371304316339,155520
port1114,Rotterdam,The Netherlands,NLD,51.92228121,4.215144967,India,IND,23.58630056774672,81.17300408530181,Chemical & Allied Industries,6,US Dollars,Unit,549311.7380214015,4265859.538476826,155525
port1114,Rotterdam,The Netherlands,NLD,51.92228121,4.215144967,India,IND,23.58630056774672,81.17300408530181,Machinery & Electrical Equipment,16+18,US Dollars,Unit,4023849.956402823,4347405.912860427,155530
port1114,Rotterdam,The Netherlands,NLD,51.92228121,4.215144967,India,IND,23.58630056774672,81.17300408530181,Metals,15,US Dollars,Unit,6218195.665819208,2951815.656825628,155535
port1114,Rotterdam,The Netherlands,NLD,51.92228121,4.215144967,India,IND,23.58630056774672,81.17300408530181,Mineral Products,5,US Dollars,Unit,129456.84469491769,1020936.4505830222,155540
port1114,Rotterdam,The Netherlands,NLD,51.92228121,4.215144967,India,IND,23.58630056774672,81.17300408530181,Miscellaneous,19+20+21,US Dollars,Unit,505208.15915833105,103316.41592569416,155544
port1114,Rotterdam,The Netherlands,NLD,51.92228121,4.215144967,India,IND,23.58630056774672,81.17300408530181,"Plastics, Rubber, Leather",7+8,US Dollars,Unit,1572924.549300005,1980791.7231299977,155546
port1114,Rotterdam,The Netherlands,NLD,51.92228121,4.215144967,India,IND,23.58630056774672,81.17300408530181,Prepared Foodstuffs & Beverages,3+4,US Dollars,Unit,1436063.9903531258,1194135.689651334,155548
port1114,Rotterdam,The Netherlands,NLD,51.92228121,4.215144967,India,IND,23.58630056774672,81.17300408530181,Stone & Glass,13+14,US Dollars,Unit,120371.1360092626,1124831.213335699,155551
port1114,Rotterdam,The Netherlands,NLD,51.92228121,4.215144967,India,IND,23.58630056774672,81.17300408530181,Textiles & Footwear,11+12,US Dollars,Unit,8841009.032893868,204137.80122726128,155554
port1114,Rotterdam,The Netherlands,NLD,51.92228121,4.215144967,India,IND,23.58630056774672,81.17300408530181,Total,,US Dollars,Unit,26808875.63956338,18132801.094301704,155557
port1114,Rotterdam,The Netherlands,NLD,51.92228121,4.215144967,India,IND,23.58630056774672,81.17300408530181,Vegetable Products,2,US Dollars,Unit,1386917.2043407424,91305.98873617146,155560
port1114,Rotterdam,The Netherlands,NLD,51.92228121,4.215144967,India,IND,23.58630056774672,81.17300408530181,Vehicles & Equipment,17,US Dollars,Unit,1227940.6332855327,515520.51240094093,155565
port1114,Rotterdam,The Netherlands,NLD,51.92228121,4.215144967,India,IND,23.58630056774672,81.17300408530181,Wood & Wood Products,9+10,US Dollars,Unit,175794.49791713548,319447.8198443874,155570
port1114,Rotterdam,The Netherlands,NLD,51.92228121,4.215144967,Korea,KOR,36.402386712544114,127.76224551357647,Textiles & Footwear,11+12,US Dollars,Unit,28598.36728321217,5541.05469213472,155631
port1114,Rotterdam,The Netherlands,NLD,51.92228121,4.215144967,Korea,KOR,36.402386712544114,127.76224551357647,Total,,US Dollars,Unit,1124255.2238033656,8337774.902521523,155664
port1114,Rotterdam,The Netherlands,NLD,51.92228121,4.215144967,Korea,KOR,36.402386712544114,127.76224551357647,Vegetable Products,2,US Dollars,Unit,14409.423844867513,22231.200468756357,155671
port1114,Rotterdam,The Netherlands,NLD,51.92228121,4.215144967,Korea,KOR,36.402386712544114,127.76224551357647,Vehicles & Equipment,17,US Dollars,Unit,54019.85759187781,224822.73842376829,155676
port1114,Rotterdam,The Netherlands,NLD,51.92228121,4.215144967,Korea,KOR,36.402386712544114,127.76224551357647,Wood & Wood Products,9+10,US Dollars,Unit,3533.2931987262054,24222.86975872804,155731
port1114,Rotterdam,The Netherlands,NLD,51.92228121,4.215144967,Japan,JPN,36.76738832597829,137.46934234351835,Animal & Animal Products,1,US Dollars,Unit,160718.11418466747,1279269.6333872536,155812
port1114,Rotterdam,The Netherlands,NLD,51.92228121,4.215144967,Japan,JPN,36.76738832597829,137.46934234351835,Chemical & Allied Industries,6,US Dollars,Unit,383673.43895168294,1407395.460521242,155817
port1114,Rotterdam,The Netherlands,NLD,51.92228121,4.215144967,Japan,JPN,36.76738832597829,137.46934234351835,Machinery & Electrical Equipment,16+18,US Dollars,Unit,13266189.982386827,1441038.1017970825,155822
port1114,Rotterdam,The Netherlands,NLD,51.92228121,4.215144967,Japan,JPN,36.76738832597829,137.46934234351835,Metals,15,US Dollars,Unit,1455475.3315766312,1324482.8633605156,155827
port1114,Rotterdam,The Netherlands,NLD,51.92228121,4.215144967,Japan,JPN,36.76738832597829,137.46934234351835,Mineral Products,5,US Dollars,Unit,34536.0511624007,2913052.773139549,155832
port1114,Rotterdam,The Netherlands,NLD,51.92228121,4.215144967,Japan,JPN,36.76738832597829,137.46934234351835,Miscellaneous,19+20+21,US Dollars,Unit,83749.7413806129,232611.27484537032,155837
port1114,Rotterdam,The Netherlands,NLD,51.92228121,4.215144967,Japan,JPN,36.76738832597829,137.46934234351835,"Plastics, Rubber, Leather",7+8,US Dollars,Unit,221966.71701116234,265060.872336339,155841
port1114,Rotterdam,The Netherlands,NLD,51.92228121,4.215144967,Japan,JPN,36.76738832597829,137.46934234351835,Prepared Foodstuffs & Beverages,3+4,US Dollars,Unit,371187.6827634608,443045.50871365133,155843
port1114,Rotterdam,The Netherlands,NLD,51.92228121,4.215144967,Japan,JPN,36.76738832597829,137.46934234351835,Stone & Glass,13+14,US Dollars,Unit,46038.70668362636,169015.50989606357,155848
port1114,Rotterdam,The Netherlands,NLD,51.92228121,4.215144967,Japan,JPN,36.76738832597829,137.46934234351835,Textiles & Footwear,11+12,US Dollars,Unit,107116.88640320665,177235.30328053897,155853
port1114,Rotterdam,The Netherlands,NLD,51.92228121,4.215144967,Japan,JPN,36.76738832597829,137.46934234351835,Total,,US Dollars,Unit,20679310.3167869,10782312.408230683,155859
port1114,Rotterdam,The Netherlands,NLD,51.92228121,4.215144967,Japan,JPN,36.76738832597829,137.46934234351835,Vegetable Products,2,US Dollars,Unit,47102.306486085974,279852.43704446795,155864
port1114,Rotterdam,The Netherlands,NLD,51.92228121,4.215144967,Japan,JPN,36.76738832597829,137.46934234351835,Vehicles & Equipment,17,US Dollars,Unit,4234864.443493372,72898.34766246189,155879
port1114,Rotterdam,The Netherlands,NLD,51.92228121,4.215144967,Japan,JPN,36.76738832597829,137.46934234351835,Wood & Wood Products,9+10,US Dollars,Unit,266690.9143031634,777354.3222461457,155884
port1114,Rotterdam,The Netherlands,NLD,51.92228121,4.215144967,Korea,KOR,36.402386712544114,127.76224551357647,Animal & Animal Products,1,US Dollars,Unit,18253.43307394444,177811.29235053933,155963
port1114,Rotterdam,The Netherlands,NLD,51.92228121,4.215144967,Korea,KOR,36.402386712544114,127.76224551357647,Chemical & Allied Industries,6,US Dollars,Unit,488170.5629229303,228445.9697562924,155967
port1114,Rotterdam,The Netherlands,NLD,51.92228121,4.215144967,Korea,KOR,36.402386712544114,127.76224551357647,Machinery & Electrical Equipment,16+18,US Dollars,Unit,34297.57923268135,6965738.764315858,155971
port1114,Rotterdam,The Netherlands,NLD,51.92228121,4.215144967,Korea,KOR,36.402386712544114,127.76224551357647,Metals,15,US Dollars,Unit,30095.370529543485,219374.11910804015,155975
port1114,Rotterdam,The Netherlands,NLD,51.92228121,4.215144967,Korea,KOR,36.402386712544114,127.76224551357647,Mineral Products,5,US Dollars,Unit,20368.453071723343,171746.32464640177,155979
port1114,Rotterdam,The Netherlands,NLD,51.92228121,4.215144967,Korea,KOR,36.402386712544114,127.76224551357647,Miscellaneous,19+20+21,US Dollars,Unit,1967.7580324829241,5404.525854375197,155983
port1114,Rotterdam,The Netherlands,NLD,51.92228121,4.215144967,Korea,KOR,36.402386712544114,127.76224551357647,"Plastics, Rubber, Leather",7+8,US Dollars,Unit,279959.4451213947,46982.541039972384,155987
port1114,Rotterdam,The Netherlands,NLD,51.92228121,4.215144967,Korea,KOR,36.402386712544114,127.76224551357647,Prepared Foodstuffs & Beverages,3+4,US Dollars,Unit,141537.76441622843,144129.19903356544,155990
port1114,Rotterdam,The Netherlands,NLD,51.92228121,4.215144967,Korea,KOR,36.402386712544114,127.76224551357647,Stone & Glass,13+14,US Dollars,Unit,9043.915483752746,101324.3030730894,155992
port1114,Rotterdam,The Netherlands,NLD,51.92228121,4.215144967,Russian Federation,RUS,59.039434214106194,98.6704990698032,Total,,US Dollars,Unit,35655378.35507796,11818070.345713014,156414
port1114,Rotterdam,The Netherlands,NLD,51.92228121,4.215144967,Russian Federation,RUS,59.039434214106194,98.6704990698032,Vegetable Products,2,US Dollars,Unit,231842.4012010951,627730.3485914561,156418
port1114,Rotterdam,The Netherlands,NLD,51.92228121,4.215144967,Russian Federation,RUS,59.039434214106194,98.6704990698032,Vehicles & Equipment,17,US Dollars,Unit,16021.74188762432,2583083.4080516747,156419
port1114,Rotterdam,The Netherlands,NLD,51.92228121,4.215144967,Russian Federation,RUS,59.039434214106194,98.6704990698032,Wood & Wood Products,9+10,US Dollars,Unit,277157.8013380814,191591.79673033892,156420
port1114,Rotterdam,The Netherlands,NLD,51.92228121,4.215144967,Saudi Arabia,SAU,24.136038144757897,44.6009581782256,Animal & Animal Products,1,US Dollars,Unit,19.651696935464294,261242.9401274587,156434
port1114,Rotterdam,The Netherlands,NLD,51.92228121,4.215144967,Saudi Arabia,SAU,24.136038144757897,44.6009581782256,Chemical & Allied Industries,6,US Dollars,Unit,492703.1337568959,1803122.0984353987,156435
port1114,Rotterdam,The Netherlands,NLD,51.92228121,4.215144967,Saudi Arabia,SAU,24.136038144757897,44.6009581782256,Machinery & Electrical Equipment,16+18,US Dollars,Unit,72813.67181294806,1942825.2091329615,156436
port1114,Rotterdam,The Netherlands,NLD,51.92228121,4.215144967,Saudi Arabia,SAU,24.136038144757897,44.6009581782256,Metals,15,US Dollars,Unit,232697.42497225862,539398.1228727967,156437
port1114,Rotterdam,The Netherlands,NLD,51.92228121,4.215144967,Saudi Arabia,SAU,24.136038144757897,44.6009581782256,Mineral Products,5,US Dollars,Unit,1993358.8395107253,201614.5521294569,156438
port1114,Rotterdam,The Netherlands,NLD,51.92228121,4.215144967,Saudi Arabia,SAU,24.136038144757897,44.6009581782256,Miscellaneous,19+20+21,US Dollars,Unit,92.43601531892469,253184.84696351024,156439
port1114,Rotterdam,The Netherlands,NLD,51.92228121,4.215144967,Saudi Arabia,SAU,24.136038144757897,44.6009581782256,"Plastics, Rubber, Leather",7+8,US Dollars,Unit,256610.58319341013,484343.84884898196,156440
port1114,Rotterdam,The Netherlands,NLD,51.92228121,4.215144967,Saudi Arabia,SAU,24.136038144757897,44.6009581782256,Prepared Foodstuffs & Beverages,3+4,US Dollars,Unit,93160.95011709366,259296.70287568154,156441
port1114,Rotterdam,The Netherlands,NLD,51.92228121,4.215144967,Saudi Arabia,SAU,24.136038144757897,44.6009581782256,Stone & Glass,13+14,US Dollars,Unit,909.9965199557776,30603.989107472124,156442
port1114,Rotterdam,The Netherlands,NLD,51.92228121,4.215144967,Saudi Arabia,SAU,24.136038144757897,44.6009581782256,Textiles & Footwear,11+12,US Dollars,Unit,48880.07819480218,43158.27484377171,156443
port1114,Rotterdam,The Netherlands,NLD,51.92228121,4.215144967,Saudi Arabia,SAU,24.136038144757897,44.6009581782256,Total,,US Dollars,Unit,3199076.941292625,8164695.261342304,156444
port1114,Rotterdam,The Netherlands,NLD,51.92228121,4.215144967,Saudi Arabia,SAU,24.136038144757897,44.6009581782256,Vegetable Products,2,US Dollars,Unit,5855.651975048583,375906.04113735235,156445
port1114,Rotterdam,The Netherlands,NLD,51.92228121,4.215144967,Saudi Arabia,SAU,24.136038144757897,44.6009581782256,Vehicles & Equipment,17,US Dollars,Unit,671.0696615686633,1870445.6512731418,156446
port1114,Rotterdam,The Netherlands,NLD,51.92228121,4.215144967,Saudi Arabia,SAU,24.136038144757897,44.6009581782256,Wood & Wood Products,9+10,US Dollars,Unit,1303.4538656631744,99552.98359431984,156447
port1114,Rotterdam,The Netherlands,NLD,51.92228121,4.215144967,Russian Federation,RUS,59.039434214106194,98.6704990698032,Animal & Animal Products,1,US Dollars,Unit,42232.66035872604,110083.09964944895,156575
port1114,Rotterdam,The Netherlands,NLD,51.92228121,4.215144967,Russian Federation,RUS,59.039434214106194,98.6704990698032,Chemical & Allied Industries,6,US Dollars,Unit,1129003.949163067,355674.502954312,156576
port1114,Rotterdam,The Netherlands,NLD,51.92228121,4.215144967,Russian Federation,RUS,59.039434214106194,98.6704990698032,Machinery & Electrical Equipment,16+18,US Dollars,Unit,146905.59115149302,6154688.631567928,156577
port1114,Rotterdam,The Netherlands,NLD,51.92228121,4.215144967,Russian Federation,RUS,59.039434214106194,98.6704990698032,Metals,15,US Dollars,Unit,4565228.1850191895,375147.54671987955,156578
port1114,Rotterdam,The Netherlands,NLD,51.92228121,4.215144967,Russian Federation,RUS,59.039434214106194,98.6704990698032,Mineral Products,5,US Dollars,Unit,28811824.05180956,180907.21939521097,156579
port1114,Rotterdam,The Netherlands,NLD,51.92228121,4.215144967,Russian Federation,RUS,59.039434214106194,98.6704990698032,Miscellaneous,19+20+21,US Dollars,Unit,15174.607395232231,374069.9457741174,156580
port1114,Rotterdam,The Netherlands,NLD,51.92228121,4.215144967,Russian Federation,RUS,59.039434214106194,98.6704990698032,"Plastics, Rubber, Leather",7+8,US Dollars,Unit,86858.28903945873,275387.20129980077,156581
port1114,Rotterdam,The Netherlands,NLD,51.92228121,4.215144967,Russian Federation,RUS,59.039434214106194,98.6704990698032,Prepared Foodstuffs & Beverages,3+4,US Dollars,Unit,43063.64545052544,162159.41075302247,156582
port1114,Rotterdam,The Netherlands,NLD,51.92228121,4.215144967,Russian Federation,RUS,59.039434214106194,98.6704990698032,Stone & Glass,13+14,US Dollars,Unit,271425.5212472766,28598.24352739973,156583
port1114,Rotterdam,The Netherlands,NLD,51.92228121,4.215144967,Russian Federation,RUS,59.039434214106194,98.6704990698032,Textiles & Footwear,11+12,US Dollars,Unit,18639.91001662606,398948.9906984253,156584
port1114,Rotterdam,The Netherlands,NLD,51.92228121,4.215144967,Singapore,SGP,1.352825189000635,103.81025757634052,Animal & Animal Products,1,US Dollars,Unit,306.49996784667854,49465.82784160343,156593
port1114,Rotterdam,The Netherlands,NLD,51.92228121,4.215144967,Singapore,SGP,1.352825189000635,103.81025757634052,Chemical & Allied Industries,6,US Dollars,Unit,1272431.0857521468,78726.66612135153,156602
port1114,Rotterdam,The Netherlands,NLD,51.92228121,4.215144967,Singapore,SGP,1.352825189000635,103.81025757634052,Machinery & Electrical Equipment,16+18,US Dollars,Unit,2409363.843029934,4102594.125720399,156608
port1114,Rotterdam,The Netherlands,NLD,51.92228121,4.215144967,Singapore,SGP,1.352825189000635,103.81025757634052,Metals,15,US Dollars,Unit,472000.4957658657,1576716.7772196985,156613
port1114,Rotterdam,The Netherlands,NLD,51.92228121,4.215144967,Singapore,SGP,1.352825189000635,103.81025757634052,Mineral Products,5,US Dollars,Unit,12985.884240914864,31579.596652556324,156617
port1114,Rotterdam,The Netherlands,NLD,51.92228121,4.215144967,Singapore,SGP,1.352825189000635,103.81025757634052,Miscellaneous,19+20+21,US Dollars,Unit,5296.890999497138,50794.83353489177,156623
port1114,Rotterdam,The Netherlands,NLD,51.92228121,4.215144967,Singapore,SGP,1.352825189000635,103.81025757634052,"Plastics, Rubber, Leather",7+8,US Dollars,Unit,176861.4091679942,7574.97437367225,156629
port1114,Rotterdam,The Netherlands,NLD,51.92228121,4.215144967,Singapore,SGP,1.352825189000635,103.81025757634052,Prepared Foodstuffs & Beverages,3+4,US Dollars,Unit,148605.72775649553,84680.92694241463,156635
port1114,Rotterdam,The Netherlands,NLD,51.92228121,4.215144967,Singapore,SGP,1.352825189000635,103.81025757634052,Stone & Glass,13+14,US Dollars,Unit,4381.990536632923,10627992.752458762,156640
port1114,Rotterdam,The Netherlands,NLD,51.92228121,4.215144967,Singapore,SGP,1.352825189000635,103.81025757634052,Textiles & Footwear,11+12,US Dollars,Unit,3125.7593007693113,4220.156407921734,156646
port1114,Rotterdam,The Netherlands,NLD,51.92228121,4.215144967,Singapore,SGP,1.352825189000635,103.81025757634052,Total,,US Dollars,Unit,4539981.993706128,16860308.77255303,156652
port1114,Rotterdam,The Netherlands,NLD,51.92228121,4.215144967,Singapore,SGP,1.352825189000635,103.81025757634052,Vegetable Products,2,US Dollars,Unit,9303.307903218845,28947.79305066978,156658
port1114,Rotterdam,The Netherlands,NLD,51.92228121,4.215144967,Singapore,SGP,1.352825189000635,103.81025757634052,Vehicles & Equipment,17,US Dollars,Unit,13330.60308446454,167841.75879106598,156664
port1114,Rotterdam,The Netherlands,NLD,51.92228121,4.215144967,Singapore,SGP,1.352825189000635,103.81025757634052,Wood & Wood Products,9+10,US Dollars,Unit,11988.49620034758,49172.58343802576,156669
port1114,Rotterdam,The Netherlands,NLD,51.92228121,4.215144967,United States,USA,38.8208089190304,-96.3316166082964,Wood & Wood Products,9+10,US Dollars,Unit,2147496.5394823975,1998789.9004027022,156801
port1114,Rotterdam,The Netherlands,NLD,51.92228121,4.215144967,Taiwan Province of China,TWN,23.725268,120.936523,Animal & Animal Products,1,US Dollars,Unit,13744.465948053288,185591.11171924835,156913
port1114,Rotterdam,The Netherlands,NLD,51.92228121,4.215144967,Taiwan Province of China,TWN,23.725268,120.936523,Chemical & Allied Industries,6,US Dollars,Unit,2209250.6553161778,823563.5341701556,156914
port1114,Rotterdam,The Netherlands,NLD,51.92228121,4.215144967,Taiwan Province of China,TWN,23.725268,120.936523,Machinery & Electrical Equipment,16+18,US Dollars,Unit,23214304.159994166,89663.42837153883,156915
port1114,Rotterdam,The Netherlands,NLD,51.92228121,4.215144967,Taiwan Province of China,TWN,23.725268,120.936523,Metals,15,US Dollars,Unit,8020397.123818907,175118.85920152915,156916
port1114,Rotterdam,The Netherlands,NLD,51.92228121,4.215144967,Taiwan Province of China,TWN,23.725268,120.936523,Mineral Products,5,US Dollars,Unit,17582.495061297705,18927.1109187563,156917
port1114,Rotterdam,The Netherlands,NLD,51.92228121,4.215144967,Taiwan Province of China,TWN,23.725268,120.936523,Miscellaneous,19+20+21,US Dollars,Unit,1245094.3065006419,24080.792123001844,156918
port1114,Rotterdam,The Netherlands,NLD,51.92228121,4.215144967,Taiwan Province of China,TWN,23.725268,120.936523,"Plastics, Rubber, Leather",7+8,US Dollars,Unit,3245303.779957419,126739.2856336747,156919
port1114,Rotterdam,The Netherlands,NLD,51.92228121,4.215144967,Taiwan Province of China,TWN,23.725268,120.936523,Prepared Foodstuffs & Beverages,3+4,US Dollars,Unit,310090.8709379108,73352.48628391982,156920
port1114,Rotterdam,The Netherlands,NLD,51.92228121,4.215144967,Taiwan Province of China,TWN,23.725268,120.936523,Stone & Glass,13+14,US Dollars,Unit,294627.5620020115,30174.198444058304,156921
port1114,Rotterdam,The Netherlands,NLD,51.92228121,4.215144967,Taiwan Province of China,TWN,23.725268,120.936523,Textiles & Footwear,11+12,US Dollars,Unit,385786.87323589163,4279.39989936793,156922
port1114,Rotterdam,The Netherlands,NLD,51.92228121,4.215144967,Taiwan Province of China,TWN,23.725268,120.936523,Total,,US Dollars,Unit,46147147.65197639,2023530.8105932837,156923
port1114,Rotterdam,The Netherlands,NLD,51.92228121,4.215144967,Taiwan Province of China,TWN,23.725268,120.936523,Vegetable Products,2,US Dollars,Unit,50465.74305493213,43762.967811239796,156924
port1114,Rotterdam,The Netherlands,NLD,51.92228121,4.215144967,Taiwan Province of China,TWN,23.725268,120.936523,Vehicles & Equipment,17,US Dollars,Unit,7026923.012385132,402782.02562433766,156925
port1114,Rotterdam,The Netherlands,NLD,51.92228121,4.215144967,Taiwan Province of China,TWN,23.725268,120.936523,Wood & Wood Products,9+10,US Dollars,Unit,113576.60376384875,25495.6103924554,156926
port1114,Rotterdam,The Netherlands,NLD,51.92228121,4.215144967,United States,USA,38.8208089190304,-96.3316166082964,Animal & Animal Products,1,US Dollars,Unit,531702.5604242285,1116416.4190526425,157151
port1114,Rotterdam,The Netherlands,NLD,51.92228121,4.215144967,United States,USA,38.8208089190304,-96.3316166082964,Chemical & Allied Industries,6,US Dollars,Unit,12088407.45776433,80949286.21236257,157152
port1114,Rotterdam,The Netherlands,NLD,51.92228121,4.215144967,United States,USA,38.8208089190304,-96.3316166082964,Machinery & Electrical Equipment,16+18,US Dollars,Unit,32911627.18158851,35303438.64684559,157153
port1114,Rotterdam,The Netherlands,NLD,51.92228121,4.215144967,United States,USA,38.8208089190304,-96.3316166082964,Metals,15,US Dollars,Unit,3749771.9764919737,12354939.93800613,157154
port1114,Rotterdam,The Netherlands,NLD,51.92228121,4.215144967,United States,USA,38.8208089190304,-96.3316166082964,Mineral Products,5,US Dollars,Unit,14555980.205584604,1578193.4941553767,157155
port1114,Rotterdam,The Netherlands,NLD,51.92228121,4.215144967,United States,USA,38.8208089190304,-96.3316166082964,Miscellaneous,19+20+21,US Dollars,Unit,879268.7594336648,2416931.6199138295,157156
port1114,Rotterdam,The Netherlands,NLD,51.92228121,4.215144967,United States,USA,38.8208089190304,-96.3316166082964,"Plastics, Rubber, Leather",7+8,US Dollars,Unit,3163246.039535217,16142569.813790888,157157
port1114,Rotterdam,The Netherlands,NLD,51.92228121,4.215144967,United States,USA,38.8208089190304,-96.3316166082964,Prepared Foodstuffs & Beverages,3+4,US Dollars,Unit,1285653.3704008479,2450999.7794414526,157158
port1114,Rotterdam,The Netherlands,NLD,51.92228121,4.215144967,United States,USA,38.8208089190304,-96.3316166082964,Stone & Glass,13+14,US Dollars,Unit,783982.7075488222,5535674.244365482,157159
port1114,Rotterdam,The Netherlands,NLD,51.92228121,4.215144967,United States,USA,38.8208089190304,-96.3316166082964,Textiles & Footwear,11+12,US Dollars,Unit,278210.1682755687,1324710.6616111158,157160
port1114,Rotterdam,The Netherlands,NLD,51.92228121,4.215144967,United States,USA,38.8208089190304,-96.3316166082964,Total,,US Dollars,Unit,80634367.90233329,168035696.97182468,157161
port1114,Rotterdam,The Netherlands,NLD,51.92228121,4.215144967,United States,USA,38.8208089190304,-96.3316166082964,Vegetable Products,2,US Dollars,Unit,6272050.685733866,783673.978891345,157162
port1114,Rotterdam,The Netherlands,NLD,51.92228121,4.215144967,United States,USA,38.8208089190304,-96.3316166082964,Vehicles & Equipment,17,US Dollars,Unit,1986970.2500692662,6080072.262985508,157163
port57,Antwerp,Belgium,BEL,51.27935494,4.317802311,United States,USA,38.8208089190304,-96.3316166082964,Animal & Animal Products,1,US Dollars,Unit,550645.8746842238,1019331.2099113261,1100116
port57,Antwerp,Belgium,BEL,51.27935494,4.317802311,United States,USA,38.8208089190304,-96.3316166082964,Chemical & Allied Industries,6,US Dollars,Unit,53694726.05514513,26658534.281791907,1100117
port57,Antwerp,Belgium,BEL,51.27935494,4.317802311,United States,USA,38.8208089190304,-96.3316166082964,Machinery & Electrical Equipment,16+18,US Dollars,Unit,24134843.4821305,47912781.08415728,1100118
port57,Antwerp,Belgium,BEL,51.27935494,4.317802311,United States,USA,38.8208089190304,-96.3316166082964,Metals,15,US Dollars,Unit,4447766.901915037,12036145.797031404,1100119
port57,Antwerp,Belgium,BEL,51.27935494,4.317802311,United States,USA,38.8208089190304,-96.3316166082964,Mineral Products,5,US Dollars,Unit,67430529.67329976,4697341.536252847,1100120
port57,Antwerp,Belgium,BEL,51.27935494,4.317802311,United States,USA,38.8208089190304,-96.3316166082964,Miscellaneous,19+20+21,US Dollars,Unit,979985.3429825926,2110038.2205456547,1100121
port57,Antwerp,Belgium,BEL,51.27935494,4.317802311,United States,USA,38.8208089190304,-96.3316166082964,"Plastics, Rubber, Leather",7+8,US Dollars,Unit,12622402.359869115,3980971.2756698197,1100122
port57,Antwerp,Belgium,BEL,51.27935494,4.317802311,United States,USA,38.8208089190304,-96.3316166082964,Prepared Foodstuffs & Beverages,3+4,US Dollars,Unit,1634090.4143336234,5227806.545417832,1100123
port57,Antwerp,Belgium,BEL,51.27935494,4.317802311,United States,USA,38.8208089190304,-96.3316166082964,Stone & Glass,13+14,US Dollars,Unit,2747369.415812801,3121294.4874050063,1100124
port57,Antwerp,Belgium,BEL,51.27935494,4.317802311,United States,USA,38.8208089190304,-96.3316166082964,Textiles & Footwear,11+12,US Dollars,Unit,1365244.2456760202,637639.5232874318,1100125
port57,Antwerp,Belgium,BEL,51.27935494,4.317802311,United States,USA,38.8208089190304,-96.3316166082964,Total,,US Dollars,Unit,180001368.12095806,133484008.62245657,1100126
port57,Antwerp,Belgium,BEL,51.27935494,4.317802311,United States,USA,38.8208089190304,-96.3316166082964,Vegetable Products,2,US Dollars,Unit,1986261.3737272227,1677137.811038795,1100130
port57,Antwerp,Belgium,BEL,51.27935494,4.317802311,United States,USA,38.8208089190304,-96.3316166082964,Vehicles & Equipment,17,US Dollars,Unit,7196791.484076113,21652885.290646937,1100133
port57,Antwerp,Belgium,BEL,51.27935494,4.317802311,United States,USA,38.8208089190304,-96.3316166082964,Wood & Wood Products,9+10,US Dollars,Unit,1210711.4973059355,2752101.5593003253,1100137
port57,Antwerp,Belgium,BEL,51.27935494,4.317802311,Taiwan Province of China,TWN,23.725268,120.936523,Animal & Animal Products,1,US Dollars,Unit,405.1679528901561,116201.84819827173,1100158
port57,Antwerp,Belgium,BEL,51.27935494,4.317802311,Taiwan Province of China,TWN,23.725268,120.936523,Chemical & Allied Industries,6,US Dollars,Unit,766.8226977390499,3542593.093004647,1100163
port57,Antwerp,Belgium,BEL,51.27935494,4.317802311,Taiwan Province of China,TWN,23.725268,120.936523,Machinery & Electrical Equipment,16+18,US Dollars,Unit,268427.2088549969,2185685.86649529,1100168
port57,Antwerp,Belgium,BEL,51.27935494,4.317802311,Taiwan Province of China,TWN,23.725268,120.936523,Metals,15,US Dollars,Unit,1830.0094872056268,779695.4768638328,1100173
port57,Antwerp,Belgium,BEL,51.27935494,4.317802311,Taiwan Province of China,TWN,23.725268,120.936523,Mineral Products,5,US Dollars,Unit,138.4476350510039,9125.02717768765,1100178
port57,Antwerp,Belgium,BEL,51.27935494,4.317802311,Taiwan Province of China,TWN,23.725268,120.936523,Miscellaneous,19+20+21,US Dollars,Unit,37363.02094581722,19989.989821029365,1100183
port57,Antwerp,Belgium,BEL,51.27935494,4.317802311,Taiwan Province of China,TWN,23.725268,120.936523,"Plastics, Rubber, Leather",7+8,US Dollars,Unit,26524.470818958755,443730.9858658362,1100223
port57,Antwerp,Belgium,BEL,51.27935494,4.317802311,Taiwan Province of China,TWN,23.725268,120.936523,Prepared Foodstuffs & Beverages,3+4,US Dollars,Unit,23708.416193109257,416372.0666569575,1100234
port57,Antwerp,Belgium,BEL,51.27935494,4.317802311,Taiwan Province of China,TWN,23.725268,120.936523,Stone & Glass,13+14,US Dollars,Unit,8917.856363977637,87873.28968418605,1100239
port57,Antwerp,Belgium,BEL,51.27935494,4.317802311,Taiwan Province of China,TWN,23.725268,120.936523,Textiles & Footwear,11+12,US Dollars,Unit,24011.35269312307,12797.184099703729,1100244
port57,Antwerp,Belgium,BEL,51.27935494,4.317802311,Taiwan Province of China,TWN,23.725268,120.936523,Total,,US Dollars,Unit,580120.9936210585,8822502.067131065,1100249
port57,Antwerp,Belgium,BEL,51.27935494,4.317802311,Taiwan Province of China,TWN,23.725268,120.936523,Vegetable Products,2,US Dollars,Unit,905.3544985137343,135260.03011111612,1100254
port57,Antwerp,Belgium,BEL,51.27935494,4.317802311,Taiwan Province of China,TWN,23.725268,120.936523,Vehicles & Equipment,17,US Dollars,Unit,187122.7214412175,1019435.4343613123,1100287
port57,Antwerp,Belgium,BEL,51.27935494,4.317802311,Taiwan Province of China,TWN,23.725268,120.936523,Wood & Wood Products,9+10,US Dollars,Unit,0.14403845860914896,53741.774791193915,1100291
port744,Jebel Ali,United Arab Emirates,ARE,24.99941947,55.07781687,Brazil,BRA,-11.524630416426652,-54.35520660825642,Animal & Animal Products,1,US Dollars,Unit,2996682.1161816563,5397.47097984716,1306937
port744,Jebel Ali,United Arab Emirates,ARE,24.99941947,55.07781687,Brazil,BRA,-11.524630416426652,-54.35520660825642,Chemical & Allied Industries,6,US Dollars,Unit,90223.51683084531,1590301.1537510734,1306938
port744,Jebel Ali,United Arab Emirates,ARE,24.99941947,55.07781687,Brazil,BRA,-11.524630416426652,-54.35520660825642,Machinery & Electrical Equipment,16+18,US Dollars,Unit,303153.33905367285,288800.4681495887,1306939
port744,Jebel Ali,United Arab Emirates,ARE,24.99941947,55.07781687,Brazil,BRA,-11.524630416426652,-54.35520660825642,Metals,15,US Dollars,Unit,347598.1094008264,161737.33307435896,1306940
port744,Jebel Ali,United Arab Emirates,ARE,24.99941947,55.07781687,Brazil,BRA,-11.524630416426652,-54.35520660825642,Mineral Products,5,US Dollars,Unit,3614755.044345325,305265.98792107025,1306941
port744,Jebel Ali,United Arab Emirates,ARE,24.99941947,55.07781687,Brazil,BRA,-11.524630416426652,-54.35520660825642,Miscellaneous,19+20+21,US Dollars,Unit,91342.282898004,13239.311802206103,1306942
port744,Jebel Ali,United Arab Emirates,ARE,24.99941947,55.07781687,Brazil,BRA,-11.524630416426652,-54.35520660825642,"Plastics, Rubber, Leather",7+8,US Dollars,Unit,48593.09154899555,56205.42759241301,1306943
port744,Jebel Ali,United Arab Emirates,ARE,24.99941947,55.07781687,Brazil,BRA,-11.524630416426652,-54.35520660825642,Prepared Foodstuffs & Beverages,3+4,US Dollars,Unit,2488567.596175094,728.0548309873665,1306944
port744,Jebel Ali,United Arab Emirates,ARE,24.99941947,55.07781687,Brazil,BRA,-11.524630416426652,-54.35520660825642,Stone & Glass,13+14,US Dollars,Unit,261776.6315081981,8881.905817469102,1306945
port744,Jebel Ali,United Arab Emirates,ARE,24.99941947,55.07781687,Brazil,BRA,-11.524630416426652,-54.35520660825642,Textiles & Footwear,11+12,US Dollars,Unit,294700.0858838296,7933.116214828614,1306946
port744,Jebel Ali,United Arab Emirates,ARE,24.99941947,55.07781687,Brazil,BRA,-11.524630416426652,-54.35520660825642,Total,,US Dollars,Unit,14467552.34337577,2497212.7205420034,1306947
port744,Jebel Ali,United Arab Emirates,ARE,24.99941947,55.07781687,Brazil,BRA,-11.524630416426652,-54.35520660825642,Vegetable Products,2,US Dollars,Unit,3650569.5783305382,9898.292893909398,1306948
port744,Jebel Ali,United Arab Emirates,ARE,24.99941947,55.07781687,Brazil,BRA,-11.524630416426652,-54.35520660825642,Vehicles & Equipment,17,US Dollars,Unit,15063.732287955723,48426.80871907477,1306949
port744,Jebel Ali,United Arab Emirates,ARE,24.99941947,55.07781687,Brazil,BRA,-11.524630416426652,-54.35520660825642,Wood & Wood Products,9+10,US Dollars,Unit,264527.218930828,397.3887951768936,1306950
port744,Jebel Ali,United Arab Emirates,ARE,24.99941947,55.07781687,China,CHN,38.07325481105728,104.69113855849604,Animal & Animal Products,1,US Dollars,Unit,59575.739158000695,1122027.0618012776,1307381
port744,Jebel Ali,United Arab Emirates,ARE,24.99941947,55.07781687,China,CHN,38.07325481105728,104.69113855849604,Chemical & Allied Industries,6,US Dollars,Unit,5095985.547992269,7796754.546412268,1307423
port744,Jebel Ali,United Arab Emirates,ARE,24.99941947,55.07781687,China,CHN,38.07325481105728,104.69113855849604,Machinery & Electrical Equipment,16+18,US Dollars,Unit,29217956.230164133,939292.2790813833,1307424
port744,Jebel Ali,United Arab Emirates,ARE,24.99941947,55.07781687,China,CHN,38.07325481105728,104.69113855849604,Metals,15,US Dollars,Unit,22562221.564280156,2083902.9798917156,1307425
port744,Jebel Ali,United Arab Emirates,ARE,24.99941947,55.07781687,China,CHN,38.07325481105728,104.69113855849604,Mineral Products,5,US Dollars,Unit,1186155.1151737657,73516730.83931887,1307426
port744,Jebel Ali,United Arab Emirates,ARE,24.99941947,55.07781687,China,CHN,38.07325481105728,104.69113855849604,Miscellaneous,19+20+21,US Dollars,Unit,12651234.694255868,67016.67133389816,1307427
port744,Jebel Ali,United Arab Emirates,ARE,24.99941947,55.07781687,China,CHN,38.07325481105728,104.69113855849604,"Plastics, Rubber, Leather",7+8,US Dollars,Unit,7115964.754480751,9031572.015648775,1307428
port744,Jebel Ali,United Arab Emirates,ARE,24.99941947,55.07781687,China,CHN,38.07325481105728,104.69113855849604,Prepared Foodstuffs & Beverages,3+4,US Dollars,Unit,881859.8464344967,629534.5101101915,1307429
port744,Jebel Ali,United Arab Emirates,ARE,24.99941947,55.07781687,China,CHN,38.07325481105728,104.69113855849604,Stone & Glass,13+14,US Dollars,Unit,2211304.758934832,20500.472827733392,1307430
port744,Jebel Ali,United Arab Emirates,ARE,24.99941947,55.07781687,China,CHN,38.07325481105728,104.69113855849604,Textiles & Footwear,11+12,US Dollars,Unit,12081294.512159048,203977.3523748281,1307431
port744,Jebel Ali,United Arab Emirates,ARE,24.99941947,55.07781687,China,CHN,38.07325481105728,104.69113855849604,Total,,US Dollars,Unit,106996666.73853365,97347280.87507609,1307432
port744,Jebel Ali,United Arab Emirates,ARE,24.99941947,55.07781687,China,CHN,38.07325481105728,104.69113855849604,Vegetable Products,2,US Dollars,Unit,714195.091583764,71746.16655555116,1307433
port744,Jebel Ali,United Arab Emirates,ARE,24.99941947,55.07781687,China,CHN,38.07325481105728,104.69113855849604,Vehicles & Equipment,17,US Dollars,Unit,9480335.450748075,1799825.2168899255,1307434
port744,Jebel Ali,United Arab Emirates,ARE,24.99941947,55.07781687,China,CHN,38.07325481105728,104.69113855849604,Wood & Wood Products,9+10,US Dollars,Unit,3738583.4331685025,64400.762829665095,1307435
port744,Jebel Ali,United Arab Emirates,ARE,24.99941947,55.07781687,Germany,DEU,51.08304539800482,10.426171427430804,Animal & Animal Products,1,US Dollars,Unit,109856.11034859352,663.0522460674327,1307529
port744,Jebel Ali,United Arab Emirates,ARE,24.99941947,55.07781687,Germany,DEU,51.08304539800482,10.426171427430804,Chemical & Allied Industries,6,US Dollars,Unit,2362632.1293394854,18094.166580201032,1307530
port744,Jebel Ali,United Arab Emirates,ARE,24.99941947,55.07781687,Germany,DEU,51.08304539800482,10.426171427430804,Machinery & Electrical Equipment,16+18,US Dollars,Unit,3703024.162343807,114511.92482714607,1307531
port744,Jebel Ali,United Arab Emirates,ARE,24.99941947,55.07781687,Germany,DEU,51.08304539800482,10.426171427430804,Metals,15,US Dollars,Unit,1540412.8152881563,14770.48339354552,1307532
port744,Jebel Ali,United Arab Emirates,ARE,24.99941947,55.07781687,Germany,DEU,51.08304539800482,10.426171427430804,Mineral Products,5,US Dollars,Unit,66393.4133780305,1955240.008395546,1307533
port744,Jebel Ali,United Arab Emirates,ARE,24.99941947,55.07781687,Germany,DEU,51.08304539800482,10.426171427430804,Miscellaneous,19+20+21,US Dollars,Unit,294150.1065830091,5361.53041674956,1307534
port744,Jebel Ali,United Arab Emirates,ARE,24.99941947,55.07781687,Germany,DEU,51.08304539800482,10.426171427430804,"Plastics, Rubber, Leather",7+8,US Dollars,Unit,824177.6122079181,33932.58519452564,1307535
port744,Jebel Ali,United Arab Emirates,ARE,24.99941947,55.07781687,Germany,DEU,51.08304539800482,10.426171427430804,Prepared Foodstuffs & Beverages,3+4,US Dollars,Unit,214823.45061394377,2875.231425018872,1307536
port744,Jebel Ali,United Arab Emirates,ARE,24.99941947,55.07781687,Germany,DEU,51.08304539800482,10.426171427430804,Stone & Glass,13+14,US Dollars,Unit,174245.87995126494,2632.856658033592,1307537
port744,Jebel Ali,United Arab Emirates,ARE,24.99941947,55.07781687,Germany,DEU,51.08304539800482,10.426171427430804,Textiles & Footwear,11+12,US Dollars,Unit,207438.09481011503,17834.77163807858,1307538
port744,Jebel Ali,United Arab Emirates,ARE,24.99941947,55.07781687,Germany,DEU,51.08304539800482,10.426171427430804,Total,,US Dollars,Unit,13152329.644647947,2202539.740842716,1307539
port744,Jebel Ali,United Arab Emirates,ARE,24.99941947,55.07781687,Germany,DEU,51.08304539800482,10.426171427430804,Vegetable Products,2,US Dollars,Unit,281202.8272131513,11697.809622476354,1307540
port744,Jebel Ali,United Arab Emirates,ARE,24.99941947,55.07781687,Germany,DEU,51.08304539800482,10.426171427430804,Vehicles & Equipment,17,US Dollars,Unit,3127903.126912978,24120.81438687901,1307541
port744,Jebel Ali,United Arab Emirates,ARE,24.99941947,55.07781687,Germany,DEU,51.08304539800482,10.426171427430804,Wood & Wood Products,9+10,US Dollars,Unit,246069.9156574931,804.5060584480516,1307542
port744,Jebel Ali,United Arab Emirates,ARE,24.99941947,55.07781687,Indonesia,IDN,0.155919799590376,113.96538246847302,Metals,15,US Dollars,Unit,491312.66208882415,635499.1312853469,1307616
port744,Jebel Ali,United Arab Emirates,ARE,24.99941947,55.07781687,Indonesia,IDN,0.155919799590376,113.96538246847302,Animal & Animal Products,1,US Dollars,Unit,1353.3023155087662,269.14617287790435,1307654
port744,Jebel Ali,United Arab Emirates,ARE,24.99941947,55.07781687,Indonesia,IDN,0.155919799590376,113.96538246847302,Chemical & Allied Industries,6,US Dollars,Unit,296841.9872160564,55370.17793927777,1307655
port744,Jebel Ali,United Arab Emirates,ARE,24.99941947,55.07781687,Indonesia,IDN,0.155919799590376,113.96538246847302,Machinery & Electrical Equipment,16+18,US Dollars,Unit,288282.036031831,44469.59587699186,1307656
port744,Jebel Ali,United Arab Emirates,ARE,24.99941947,55.07781687,Indonesia,IDN,0.155919799590376,113.96538246847302,Mineral Products,5,US Dollars,Unit,35856.22485438653,850459.3211370604,1307661
port744,Jebel Ali,United Arab Emirates,ARE,24.99941947,55.07781687,Indonesia,IDN,0.155919799590376,113.96538246847302,Miscellaneous,19+20+21,US Dollars,Unit,40226.749102252645,2075.620257038868,1307667
port744,Jebel Ali,United Arab Emirates,ARE,24.99941947,55.07781687,Indonesia,IDN,0.155919799590376,113.96538246847302,"Plastics, Rubber, Leather",7+8,US Dollars,Unit,99862.02437973529,28105.31890542259,1307673
port744,Jebel Ali,United Arab Emirates,ARE,24.99941947,55.07781687,Indonesia,IDN,0.155919799590376,113.96538246847302,Prepared Foodstuffs & Beverages,3+4,US Dollars,Unit,150530.6425092341,15946.748617111542,1307679
port744,Jebel Ali,United Arab Emirates,ARE,24.99941947,55.07781687,Indonesia,IDN,0.155919799590376,113.96538246847302,Stone & Glass,13+14,US Dollars,Unit,40434.33062819239,25342.447423640675,1307730
port744,Jebel Ali,United Arab Emirates,ARE,24.99941947,55.07781687,Indonesia,IDN,0.155919799590376,113.96538246847302,Textiles & Footwear,11+12,US Dollars,Unit,305047.5163975805,370.8111460355752,1307733
port744,Jebel Ali,United Arab Emirates,ARE,24.99941947,55.07781687,Indonesia,IDN,0.155919799590376,113.96538246847302,Total,,US Dollars,Unit,3930524.721627174,1782931.2813073997,1307737
port744,Jebel Ali,United Arab Emirates,ARE,24.99941947,55.07781687,Indonesia,IDN,0.155919799590376,113.96538246847302,Vegetable Products,2,US Dollars,Unit,97044.3668903048,18086.11638931876,1307741
port744,Jebel Ali,United Arab Emirates,ARE,24.99941947,55.07781687,Indonesia,IDN,0.155919799590376,113.96538246847302,Vehicles & Equipment,17,US Dollars,Unit,1635336.0826266939,104098.83901408309,1307746
port744,Jebel Ali,United Arab Emirates,ARE,24.99941947,55.07781687,Indonesia,IDN,0.155919799590376,113.96538246847302,Wood & Wood Products,9+10,US Dollars,Unit,448396.7965865731,2838.0071431939123,1307747
port744,Jebel Ali,United Arab Emirates,ARE,24.99941947,55.07781687,India,IND,23.58630056774672,81.17300408530181,Animal & Animal Products,1,US Dollars,Unit,990815.2014841218,3680.6566649497354,1307748
port744,Jebel Ali,United Arab Emirates,ARE,24.99941947,55.07781687,India,IND,23.58630056774672,81.17300408530181,Chemical & Allied Industries,6,US Dollars,Unit,2902615.2088611154,4041499.0518995104,1307749
port744,Jebel Ali,United Arab Emirates,ARE,24.99941947,55.07781687,India,IND,23.58630056774672,81.17300408530181,Machinery & Electrical Equipment,16+18,US Dollars,Unit,2494553.016791441,738574.6131943123,1307750
port744,Jebel Ali,United Arab Emirates,ARE,24.99941947,55.07781687,India,IND,23.58630056774672,81.17300408530181,Metals,15,US Dollars,Unit,5650064.927218389,2999612.3179392745,1307751
port744,Jebel Ali,United Arab Emirates,ARE,24.99941947,55.07781687,India,IND,23.58630056774672,81.17300408530181,Mineral Products,5,US Dollars,Unit,878762.5857539282,16445584.995949175,1307752
port744,Jebel Ali,United Arab Emirates,ARE,24.99941947,55.07781687,India,IND,23.58630056774672,81.17300408530181,Miscellaneous,19+20+21,US Dollars,Unit,202154.418041129,51713.40078672199,1307753
port744,Jebel Ali,United Arab Emirates,ARE,24.99941947,55.07781687,India,IND,23.58630056774672,81.17300408530181,"Plastics, Rubber, Leather",7+8,US Dollars,Unit,774269.3415432553,1011129.2132589963,1307754
port744,Jebel Ali,United Arab Emirates,ARE,24.99941947,55.07781687,India,IND,23.58630056774672,81.17300408530181,Prepared Foodstuffs & Beverages,3+4,US Dollars,Unit,2469422.6709247823,6367369.476992504,1307755
port744,Jebel Ali,United Arab Emirates,ARE,24.99941947,55.07781687,India,IND,23.58630056774672,81.17300408530181,Stone & Glass,13+14,US Dollars,Unit,569156.1202997745,504234.6846356982,1307756
port744,Jebel Ali,United Arab Emirates,ARE,24.99941947,55.07781687,India,IND,23.58630056774672,81.17300408530181,Textiles & Footwear,11+12,US Dollars,Unit,1280959.9614066784,80764.91382281887,1307757
port744,Jebel Ali,United Arab Emirates,ARE,24.99941947,55.07781687,India,IND,23.58630056774672,81.17300408530181,Total,,US Dollars,Unit,25357686.962434467,32939751.7024709,1307758
port744,Jebel Ali,United Arab Emirates,ARE,24.99941947,55.07781687,India,IND,23.58630056774672,81.17300408530181,Vegetable Products,2,US Dollars,Unit,5187474.573975488,268286.58454387967,1307759
port744,Jebel Ali,United Arab Emirates,ARE,24.99941947,55.07781687,India,IND,23.58630056774672,81.17300408530181,Vehicles & Equipment,17,US Dollars,Unit,1230035.9490543704,52381.27563330466,1307760
port744,Jebel Ali,United Arab Emirates,ARE,24.99941947,55.07781687,India,IND,23.58630056774672,81.17300408530181,Wood & Wood Products,9+10,US Dollars,Unit,727402.9870799918,374920.5171497576,1307761
port744,Jebel Ali,United Arab Emirates,ARE,24.99941947,55.07781687,Japan,JPN,36.76738832597829,137.46934234351835,Animal & Animal Products,1,US Dollars,Unit,23147.566216560263,16748.70927896297,1307922
port744,Jebel Ali,United Arab Emirates,ARE,24.99941947,55.07781687,Japan,JPN,36.76738832597829,137.46934234351835,Chemical & Allied Industries,6,US Dollars,Unit,169685.03471179545,98965.97589417265,1307925
port744,Jebel Ali,United Arab Emirates,ARE,24.99941947,55.07781687,Japan,JPN,36.76738832597829,137.46934234351835,Machinery & Electrical Equipment,16+18,US Dollars,Unit,1932134.4828112521,318088.4950447542,1307931
port744,Jebel Ali,United Arab Emirates,ARE,24.99941947,55.07781687,Japan,JPN,36.76738832597829,137.46934234351835,Metals,15,US Dollars,Unit,962027.3787945213,1258123.2969991984,1307934
port744,Jebel Ali,United Arab Emirates,ARE,24.99941947,55.07781687,Japan,JPN,36.76738832597829,137.46934234351835,Mineral Products,5,US Dollars,Unit,4624.938641899807,12338854.129563695,1307937
port744,Jebel Ali,United Arab Emirates,ARE,24.99941947,55.07781687,Japan,JPN,36.76738832597829,137.46934234351835,Miscellaneous,19+20+21,US Dollars,Unit,42547.00658357994,4666.88912477305,1307939
port744,Jebel Ali,United Arab Emirates,ARE,24.99941947,55.07781687,Japan,JPN,36.76738832597829,137.46934234351835,"Plastics, Rubber, Leather",7+8,US Dollars,Unit,536384.1968030126,96347.64252699663,1307941
port744,Jebel Ali,United Arab Emirates,ARE,24.99941947,55.07781687,Japan,JPN,36.76738832597829,137.46934234351835,Prepared Foodstuffs & Beverages,3+4,US Dollars,Unit,61539.90100836422,32310.537513394476,1307943
port744,Jebel Ali,United Arab Emirates,ARE,24.99941947,55.07781687,Japan,JPN,36.76738832597829,137.46934234351835,Stone & Glass,13+14,US Dollars,Unit,91490.08075605237,6218.227985687843,1307945
port744,Jebel Ali,United Arab Emirates,ARE,24.99941947,55.07781687,Japan,JPN,36.76738832597829,137.46934234351835,Textiles & Footwear,11+12,US Dollars,Unit,181517.05808138673,62046.75499144326,1307946
port744,Jebel Ali,United Arab Emirates,ARE,24.99941947,55.07781687,Japan,JPN,36.76738832597829,137.46934234351835,Total,,US Dollars,Unit,19419370.604878556,15229889.700584767,1307947
port744,Jebel Ali,United Arab Emirates,ARE,24.99941947,55.07781687,Japan,JPN,36.76738832597829,137.46934234351835,Vegetable Products,2,US Dollars,Unit,7143.916963465977,4578.508125338156,1307948
port744,Jebel Ali,United Arab Emirates,ARE,24.99941947,55.07781687,Japan,JPN,36.76738832597829,137.46934234351835,Vehicles & Equipment,17,US Dollars,Unit,15341870.98598109,989087.0358880404,1307949
port744,Jebel Ali,United Arab Emirates,ARE,24.99941947,55.07781687,Japan,JPN,36.76738832597829,137.46934234351835,Wood & Wood Products,9+10,US Dollars,Unit,65258.05752557462,3853.4976483103296,1307950
port744,Jebel Ali,United Arab Emirates,ARE,24.99941947,55.07781687,Korea,KOR,36.402386712544114,127.76224551357647,Animal & Animal Products,1,US Dollars,Unit,790.1082384002091,2903.228015304966,1308034
port744,Jebel Ali,United Arab Emirates,ARE,24.99941947,55.07781687,Korea,KOR,36.402386712544114,127.76224551357647,Chemical & Allied Industries,6,US Dollars,Unit,568067.8266482763,38596.65759721309,1308035
port744,Jebel Ali,United Arab Emirates,ARE,24.99941947,55.07781687,Korea,KOR,36.402386712544114,127.76224551357647,Machinery & Electrical Equipment,16+18,US Dollars,Unit,2864142.5224927566,112824.73151073168,1308036
port744,Jebel Ali,United Arab Emirates,ARE,24.99941947,55.07781687,Korea,KOR,36.402386712544114,127.76224551357647,Metals,15,US Dollars,Unit,1973869.532612014,344151.1736962332,1308037
port744,Jebel Ali,United Arab Emirates,ARE,24.99941947,55.07781687,Korea,KOR,36.402386712544114,127.76224551357647,Mineral Products,5,US Dollars,Unit,169943.82271780737,47786746.79857103,1308038
port744,Jebel Ali,United Arab Emirates,ARE,24.99941947,55.07781687,Korea,KOR,36.402386712544114,127.76224551357647,Miscellaneous,19+20+21,US Dollars,Unit,559946.2807675663,1624.0487739006855,1308039
port744,Jebel Ali,United Arab Emirates,ARE,24.99941947,55.07781687,Korea,KOR,36.402386712544114,127.76224551357647,"Plastics, Rubber, Leather",7+8,US Dollars,Unit,766326.4601475896,437.75811120116884,1308040
port744,Jebel Ali,United Arab Emirates,ARE,24.99941947,55.07781687,Korea,KOR,36.402386712544114,127.76224551357647,Prepared Foodstuffs & Beverages,3+4,US Dollars,Unit,21287.958619551846,11071.658003568076,1308041
port744,Jebel Ali,United Arab Emirates,ARE,24.99941947,55.07781687,Korea,KOR,36.402386712544114,127.76224551357647,Stone & Glass,13+14,US Dollars,Unit,33816.66484697108,6268.375441132804,1308042
port744,Jebel Ali,United Arab Emirates,ARE,24.99941947,55.07781687,Korea,KOR,36.402386712544114,127.76224551357647,Textiles & Footwear,11+12,US Dollars,Unit,280453.61652613175,4494.335864633682,1308043
port744,Jebel Ali,United Arab Emirates,ARE,24.99941947,55.07781687,Korea,KOR,36.402386712544114,127.76224551357647,Total,,US Dollars,Unit,9907542.648046833,48332206.432798654,1308044
port744,Jebel Ali,United Arab Emirates,ARE,24.99941947,55.07781687,Korea,KOR,36.402386712544114,127.76224551357647,Vegetable Products,2,US Dollars,Unit,2955.5034943607475,3169.3249440475142,1308045
port744,Jebel Ali,United Arab Emirates,ARE,24.99941947,55.07781687,Korea,KOR,36.402386712544114,127.76224551357647,Vehicles & Equipment,17,US Dollars,Unit,2509363.605569688,15773.914406484486,1308046
port744,Jebel Ali,United Arab Emirates,ARE,24.99941947,55.07781687,Korea,KOR,36.402386712544114,127.76224551357647,Wood & Wood Products,9+10,US Dollars,Unit,156578.74536571864,4144.42786317221,1308047
port744,Jebel Ali,United Arab Emirates,ARE,24.99941947,55.07781687,Saudi Arabia,SAU,24.136038144757897,44.6009581782256,Textiles & Footwear,11+12,US Dollars,Unit,350604.04478984285,10054039.7839129,1308460
port744,Jebel Ali,United Arab Emirates,ARE,24.99941947,55.07781687,Saudi Arabia,SAU,24.136038144757897,44.6009581782256,Total,,US Dollars,Unit,95865198.9824406,75703426.39767231,1308512
port744,Jebel Ali,United Arab Emirates,ARE,24.99941947,55.07781687,Saudi Arabia,SAU,24.136038144757897,44.6009581782256,Vegetable Products,2,US Dollars,Unit,151543.81761042343,3732006.581677071,1308583
port744,Jebel Ali,United Arab Emirates,ARE,24.99941947,55.07781687,Russian Federation,RUS,59.039434214106194,98.6704990698032,Animal & Animal Products,1,US Dollars,Unit,5446.830327256249,2160.4220199627275,1308629
port744,Jebel Ali,United Arab Emirates,ARE,24.99941947,55.07781687,Russian Federation,RUS,59.039434214106194,98.6704990698032,Chemical & Allied Industries,6,US Dollars,Unit,35991.981799037865,35901.97123786009,1308632
port744,Jebel Ali,United Arab Emirates,ARE,24.99941947,55.07781687,Saudi Arabia,SAU,24.136038144757897,44.6009581782256,Vehicles & Equipment,17,US Dollars,Unit,64321.34535262841,7845708.803562065,1308635
port744,Jebel Ali,United Arab Emirates,ARE,24.99941947,55.07781687,Russian Federation,RUS,59.039434214106194,98.6704990698032,Machinery & Electrical Equipment,16+18,US Dollars,Unit,31434.87271625285,237286.119681805,1308639
port744,Jebel Ali,United Arab Emirates,ARE,24.99941947,55.07781687,Russian Federation,RUS,59.039434214106194,98.6704990698032,Metals,15,US Dollars,Unit,568260.0839318758,31340.0773527755,1308642
port744,Jebel Ali,United Arab Emirates,ARE,24.99941947,55.07781687,Russian Federation,RUS,59.039434214106194,98.6704990698032,Mineral Products,5,US Dollars,Unit,48425.405621722384,34.049451953804656,1308645
port744,Jebel Ali,United Arab Emirates,ARE,24.99941947,55.07781687,Russian Federation,RUS,59.039434214106194,98.6704990698032,Miscellaneous,19+20+21,US Dollars,Unit,3184.030244695721,38278.16696313642,1308648
port744,Jebel Ali,United Arab Emirates,ARE,24.99941947,55.07781687,Russian Federation,RUS,59.039434214106194,98.6704990698032,"Plastics, Rubber, Leather",7+8,US Dollars,Unit,5773.688702795579,35646.29475890173,1308651
port744,Jebel Ali,United Arab Emirates,ARE,24.99941947,55.07781687,Russian Federation,RUS,59.039434214106194,98.6704990698032,Prepared Foodstuffs & Beverages,3+4,US Dollars,Unit,49540.3843862202,90290.23401419386,1308654
port744,Jebel Ali,United Arab Emirates,ARE,24.99941947,55.07781687,Saudi Arabia,SAU,24.136038144757897,44.6009581782256,Wood & Wood Products,9+10,US Dollars,Unit,227246.6233136286,2050950.7780092591,1308657
port744,Jebel Ali,United Arab Emirates,ARE,24.99941947,55.07781687,Russian Federation,RUS,59.039434214106194,98.6704990698032,Stone & Glass,13+14,US Dollars,Unit,1782997.596411152,4139.301825937951,1308658
port744,Jebel Ali,United Arab Emirates,ARE,24.99941947,55.07781687,Russian Federation,RUS,59.039434214106194,98.6704990698032,Textiles & Footwear,11+12,US Dollars,Unit,4950.174282582039,14688.617125391835,1308662
port744,Jebel Ali,United Arab Emirates,ARE,24.99941947,55.07781687,Russian Federation,RUS,59.039434214106194,98.6704990698032,Total,,US Dollars,Unit,2893685.8116390333,806074.5885132566,1308665
port744,Jebel Ali,United Arab Emirates,ARE,24.99941947,55.07781687,Russian Federation,RUS,59.039434214106194,98.6704990698032,Vegetable Products,2,US Dollars,Unit,272985.11411939096,171135.82301432328,1308669
port744,Jebel Ali,United Arab Emirates,ARE,24.99941947,55.07781687,Russian Federation,RUS,59.039434214106194,98.6704990698032,Vehicles & Equipment,17,US Dollars,Unit,44108.076768190665,138926.85305332323,1308672
port744,Jebel Ali,United Arab Emirates,ARE,24.99941947,55.07781687,Russian Federation,RUS,59.039434214106194,98.6704990698032,Wood & Wood Products,9+10,US Dollars,Unit,40587.57232786084,6246.658013691223,1308675
port744,Jebel Ali,United Arab Emirates,ARE,24.99941947,55.07781687,Saudi Arabia,SAU,24.136038144757897,44.6009581782256,Animal & Animal Products,1,US Dollars,Unit,433171.96591786214,710046.8914044478,1308704
port744,Jebel Ali,United Arab Emirates,ARE,24.99941947,55.07781687,Saudi Arabia,SAU,24.136038144757897,44.6009581782256,Chemical & Allied Industries,6,US Dollars,Unit,9564494.601057684,1823305.1398418078,1308706
port744,Jebel Ali,United Arab Emirates,ARE,24.99941947,55.07781687,Saudi Arabia,SAU,24.136038144757897,44.6009581782256,Machinery & Electrical Equipment,16+18,US Dollars,Unit,928571.353213107,19602694.167863183,1308708
port744,Jebel Ali,United Arab Emirates,ARE,24.99941947,55.07781687,Saudi Arabia,SAU,24.136038144757897,44.6009581782256,Metals,15,US Dollars,Unit,1622987.629211658,15939303.37710222,1308711
port744,Jebel Ali,United Arab Emirates,ARE,24.99941947,55.07781687,Saudi Arabia,SAU,24.136038144757897,44.6009581782256,Mineral Products,5,US Dollars,Unit,74089695.4891991,280041.431252033,1308714
port744,Jebel Ali,United Arab Emirates,ARE,24.99941947,55.07781687,Saudi Arabia,SAU,24.136038144757897,44.6009581782256,Miscellaneous,19+20+21,US Dollars,Unit,151206.99233444218,7842896.006987724,1308717
port744,Jebel Ali,United Arab Emirates,ARE,24.99941947,55.07781687,Saudi Arabia,SAU,24.136038144757897,44.6009581782256,"Plastics, Rubber, Leather",7+8,US Dollars,Unit,7596671.997407375,2434294.0838534436,1308720
port744,Jebel Ali,United Arab Emirates,ARE,24.99941947,55.07781687,Saudi Arabia,SAU,24.136038144757897,44.6009581782256,Prepared Foodstuffs & Beverages,3+4,US Dollars,Unit,538602.0689396693,2715640.943209635,1308723
port744,Jebel Ali,United Arab Emirates,ARE,24.99941947,55.07781687,Saudi Arabia,SAU,24.136038144757897,44.6009581782256,Stone & Glass,13+14,US Dollars,Unit,146081.05409318293,672498.408996527,1308725
port744,Jebel Ali,United Arab Emirates,ARE,24.99941947,55.07781687,Singapore,SGP,1.352825189000635,103.81025757634052,Animal & Animal Products,1,US Dollars,Unit,27434.11792465175,1252.435442378109,1308784
port744,Jebel Ali,United Arab Emirates,ARE,24.99941947,55.07781687,Singapore,SGP,1.352825189000635,103.81025757634052,Chemical & Allied Industries,6,US Dollars,Unit,795735.2740245286,55093.55921885392,1308785
port744,Jebel Ali,United Arab Emirates,ARE,24.99941947,55.07781687,Singapore,SGP,1.352825189000635,103.81025757634052,Machinery & Electrical Equipment,16+18,US Dollars,Unit,1299960.4428520927,434840.87991345854,1308786
port744,Jebel Ali,United Arab Emirates,ARE,24.99941947,55.07781687,Singapore,SGP,1.352825189000635,103.81025757634052,Metals,15,US Dollars,Unit,289103.9738390653,31661.60481045163,1308787
port744,Jebel Ali,United Arab Emirates,ARE,24.99941947,55.07781687,Singapore,SGP,1.352825189000635,103.81025757634052,Mineral Products,5,US Dollars,Unit,14397.258734601075,1752.5845486151836,1308788
port744,Jebel Ali,United Arab Emirates,ARE,24.99941947,55.07781687,Singapore,SGP,1.352825189000635,103.81025757634052,Miscellaneous,19+20+21,US Dollars,Unit,6148.387016381567,2461.423960865897,1308789
port744,Jebel Ali,United Arab Emirates,ARE,24.99941947,55.07781687,Singapore,SGP,1.352825189000635,103.81025757634052,"Plastics, Rubber, Leather",7+8,US Dollars,Unit,201961.04578741547,2056.157648347459,1308790
port744,Jebel Ali,United Arab Emirates,ARE,24.99941947,55.07781687,Singapore,SGP,1.352825189000635,103.81025757634052,Prepared Foodstuffs & Beverages,3+4,US Dollars,Unit,196125.93706350448,184843.3516969102,1308791
port744,Jebel Ali,United Arab Emirates,ARE,24.99941947,55.07781687,Singapore,SGP,1.352825189000635,103.81025757634052,Stone & Glass,13+14,US Dollars,Unit,32202.90218588762,19732.564611110905,1308792
port744,Jebel Ali,United Arab Emirates,ARE,24.99941947,55.07781687,Singapore,SGP,1.352825189000635,103.81025757634052,Textiles & Footwear,11+12,US Dollars,Unit,24822.60165918938,1283.6790136957736,1308793
port744,Jebel Ali,United Arab Emirates,ARE,24.99941947,55.07781687,Singapore,SGP,1.352825189000635,103.81025757634052,Total,,US Dollars,Unit,2931284.9341854015,841721.9851938519,1308794
port744,Jebel Ali,United Arab Emirates,ARE,24.99941947,55.07781687,Singapore,SGP,1.352825189000635,103.81025757634052,Vegetable Products,2,US Dollars,Unit,12719.520128640714,20029.539584114234,1308795
port744,Jebel Ali,United Arab Emirates,ARE,24.99941947,55.07781687,Singapore,SGP,1.352825189000635,103.81025757634052,Vehicles & Equipment,17,US Dollars,Unit,26855.94073379471,85291.87240914103,1308796
port744,Jebel Ali,United Arab Emirates,ARE,24.99941947,55.07781687,Singapore,SGP,1.352825189000635,103.81025757634052,Wood & Wood Products,9+10,US Dollars,Unit,3817.532235648203,1422.3323359090564,1308797
port744,Jebel Ali,United Arab Emirates,ARE,24.99941947,55.07781687,Taiwan Province of China,TWN,23.725268,120.936523,Animal & Animal Products,1,US Dollars,Unit,6997.547439316911,16389.590216260138,1308963
port744,Jebel Ali,United Arab Emirates,ARE,24.99941947,55.07781687,Taiwan Province of China,TWN,23.725268,120.936523,Chemical & Allied Industries,6,US Dollars,Unit,745072.2158182613,168454.2789787924,1308968
port744,Jebel Ali,United Arab Emirates,ARE,24.99941947,55.07781687,Taiwan Province of China,TWN,23.725268,120.936523,Machinery & Electrical Equipment,16+18,US Dollars,Unit,1623429.1015166845,138494.91836121565,1308973
port744,Jebel Ali,United Arab Emirates,ARE,24.99941947,55.07781687,Taiwan Province of China,TWN,23.725268,120.936523,Metals,15,US Dollars,Unit,592382.4307588033,473759.8406500048,1308978
port744,Jebel Ali,United Arab Emirates,ARE,24.99941947,55.07781687,Taiwan Province of China,TWN,23.725268,120.936523,Mineral Products,5,US Dollars,Unit,73104.88180584896,298573.6692091892,1308982
port744,Jebel Ali,United Arab Emirates,ARE,24.99941947,55.07781687,Taiwan Province of China,TWN,23.725268,120.936523,Miscellaneous,19+20+21,US Dollars,Unit,85456.503684393,518.631077986948,1308987
port744,Jebel Ali,United Arab Emirates,ARE,24.99941947,55.07781687,Taiwan Province of China,TWN,23.725268,120.936523,"Plastics, Rubber, Leather",7+8,US Dollars,Unit,458343.84115759394,80954.88754306732,1308992
port744,Jebel Ali,United Arab Emirates,ARE,24.99941947,55.07781687,Taiwan Province of China,TWN,23.725268,120.936523,Prepared Foodstuffs & Beverages,3+4,US Dollars,Unit,4368.097921991876,21420.910795896685,1308997
port744,Jebel Ali,United Arab Emirates,ARE,24.99941947,55.07781687,Taiwan Province of China,TWN,23.725268,120.936523,Stone & Glass,13+14,US Dollars,Unit,29125.51863489704,2127.847513179933,1309002
port744,Jebel Ali,United Arab Emirates,ARE,24.99941947,55.07781687,Taiwan Province of China,TWN,23.725268,120.936523,Textiles & Footwear,11+12,US Dollars,Unit,150712.3377837921,2916.0824396121793,1309007
port744,Jebel Ali,United Arab Emirates,ARE,24.99941947,55.07781687,Taiwan Province of China,TWN,23.725268,120.936523,Total,,US Dollars,Unit,4824157.081693167,1224381.0197350224,1309011
port744,Jebel Ali,United Arab Emirates,ARE,24.99941947,55.07781687,Taiwan Province of China,TWN,23.725268,120.936523,Vegetable Products,2,US Dollars,Unit,2861.9333256593995,5809.597276842047,1309015
port744,Jebel Ali,United Arab Emirates,ARE,24.99941947,55.07781687,Taiwan Province of China,TWN,23.725268,120.936523,Vehicles & Equipment,17,US Dollars,Unit,1019411.8791012099,14542.93741504966,1309020
port744,Jebel Ali,United Arab Emirates,ARE,24.99941947,55.07781687,Taiwan Province of China,TWN,23.725268,120.936523,Wood & Wood Products,9+10,US Dollars,Unit,32890.792744714796,417.8282579256403,1309025
port744,Jebel Ali,United Arab Emirates,ARE,24.99941947,55.07781687,United States,USA,38.8208089190304,-96.3316166082964,Animal & Animal Products,1,US Dollars,Unit,600530.7794257444,8861.629350147026,1309109
port744,Jebel Ali,United Arab Emirates,ARE,24.99941947,55.07781687,United States,USA,38.8208089190304,-96.3316166082964,Chemical & Allied Industries,6,US Dollars,Unit,4691984.644433932,426645.18366642954,1309115
port744,Jebel Ali,United Arab Emirates,ARE,24.99941947,55.07781687,United States,USA,38.8208089190304,-96.3316166082964,Machinery & Electrical Equipment,16+18,US Dollars,Unit,11427373.38781199,175797.65668201845,1309121
port744,Jebel Ali,United Arab Emirates,ARE,24.99941947,55.07781687,United States,USA,38.8208089190304,-96.3316166082964,Metals,15,US Dollars,Unit,1482595.9135125517,4568284.38396452,1309126
port744,Jebel Ali,United Arab Emirates,ARE,24.99941947,55.07781687,United States,USA,38.8208089190304,-96.3316166082964,Mineral Products,5,US Dollars,Unit,1630408.0774504936,960888.3371835006,1309130
port744,Jebel Ali,United Arab Emirates,ARE,24.99941947,55.07781687,United States,USA,38.8208089190304,-96.3316166082964,Miscellaneous,19+20+21,US Dollars,Unit,1069796.0431648758,128412.25087233956,1309133
port744,Jebel Ali,United Arab Emirates,ARE,24.99941947,55.07781687,United States,USA,38.8208089190304,-96.3316166082964,"Plastics, Rubber, Leather",7+8,US Dollars,Unit,1637838.596951418,152483.72724461945,1309136
port744,Jebel Ali,United Arab Emirates,ARE,24.99941947,55.07781687,United States,USA,38.8208089190304,-96.3316166082964,Prepared Foodstuffs & Beverages,3+4,US Dollars,Unit,1113413.269671172,4100.393346905945,1309138
port744,Jebel Ali,United Arab Emirates,ARE,24.99941947,55.07781687,United States,USA,38.8208089190304,-96.3316166082964,Stone & Glass,13+14,US Dollars,Unit,594162.9697299305,222420.8453048952,1309140
port744,Jebel Ali,United Arab Emirates,ARE,24.99941947,55.07781687,United States,USA,38.8208089190304,-96.3316166082964,Textiles & Footwear,11+12,US Dollars,Unit,639517.4911518663,626004.4001351424,1309142
port744,Jebel Ali,United Arab Emirates,ARE,24.99941947,55.07781687,United States,USA,38.8208089190304,-96.3316166082964,Total,,US Dollars,Unit,37968780.47510996,7517846.35028181,1309144
port744,Jebel Ali,United Arab Emirates,ARE,24.99941947,55.07781687,United States,USA,38.8208089190304,-96.3316166082964,Vegetable Products,2,US Dollars,Unit,3226736.155453332,30336.574948267695,1309146
port744,Jebel Ali,United Arab Emirates,ARE,24.99941947,55.07781687,United States,USA,38.8208089190304,-96.3316166082964,Vehicles & Equipment,17,US Dollars,Unit,9304096.575588575,2396.7528759889296,1309148
port744,Jebel Ali,United Arab Emirates,ARE,24.99941947,55.07781687,United States,USA,38.8208089190304,-96.3316166082964,Wood & Wood Products,9+10,US Dollars,Unit,550326.5707640748,211214.2147070363,1309150
port1160,Santos,Brazil,BRA,-23.91706787,-46.33656353,China,CHN,38.07325481105728,104.69113855849604,Mineral Products,5,US Dollars,Unit,661879.8077601563,17995842.435293544,204866
port1160,Santos,Brazil,BRA,-23.91706787,-46.33656353,China,CHN,38.07325481105728,104.69113855849604,Miscellaneous,19+20+21,US Dollars,Unit,3028325.2961897766,1436.5698637785904,204891
port1160,Santos,Brazil,BRA,-23.91706787,-46.33656353,China,CHN,38.07325481105728,104.69113855849604,"Plastics, Rubber, Leather",7+8,US Dollars,Unit,3619377.0495236116,76845.85852974853,204898
port1160,Santos,Brazil,BRA,-23.91706787,-46.33656353,China,CHN,38.07325481105728,104.69113855849604,Prepared Foodstuffs & Beverages,3+4,US Dollars,Unit,1960.0998584466327,1330941.7089670778,204905
port1160,Santos,Brazil,BRA,-23.91706787,-46.33656353,China,CHN,38.07325481105728,104.69113855849604,Stone & Glass,13+14,US Dollars,Unit,710399.3629741393,14554.260385454536,204906
port1160,Santos,Brazil,BRA,-23.91706787,-46.33656353,China,CHN,38.07325481105728,104.69113855849604,Textiles & Footwear,11+12,US Dollars,Unit,6540257.825726891,881675.2363689769,204907
port1160,Santos,Brazil,BRA,-23.91706787,-46.33656353,China,CHN,38.07325481105728,104.69113855849604,Total,,US Dollars,Unit,55245792.51285961,54464342.84501066,204908
port1160,Santos,Brazil,BRA,-23.91706787,-46.33656353,China,CHN,38.07325481105728,104.69113855849604,Vegetable Products,2,US Dollars,Unit,6637.30868173531,27453090.308553994,204909
port1160,Santos,Brazil,BRA,-23.91706787,-46.33656353,China,CHN,38.07325481105728,104.69113855849604,Vehicles & Equipment,17,US Dollars,Unit,1112726.9188813772,705.7650257001218,204910
port1160,Santos,Brazil,BRA,-23.91706787,-46.33656353,China,CHN,38.07325481105728,104.69113855849604,Wood & Wood Products,9+10,US Dollars,Unit,35730.75474048392,2385472.6599869723,204911
port1160,Santos,Brazil,BRA,-23.91706787,-46.33656353,Brazil,BRA,-11.524630416426652,-54.35520660825642,Animal & Animal Products,1,US Dollars,Unit,21264357.968528856,330046.5032168087,205101
port1160,Santos,Brazil,BRA,-23.91706787,-46.33656353,Brazil,BRA,-11.524630416426652,-54.35520660825642,Chemical & Allied Industries,6,US Dollars,Unit,5217374.410708712,47380441.48698942,205102
port1160,Santos,Brazil,BRA,-23.91706787,-46.33656353,Brazil,BRA,-11.524630416426652,-54.35520660825642,Machinery & Electrical Equipment,16+18,US Dollars,Unit,8337787.066972573,24031114.122019622,205103
port1160,Santos,Brazil,BRA,-23.91706787,-46.33656353,Brazil,BRA,-11.524630416426652,-54.35520660825642,Metals,15,US Dollars,Unit,3866492.9587364956,4747996.961248133,205104
port1160,Santos,Brazil,BRA,-23.91706787,-46.33656353,Brazil,BRA,-11.524630416426652,-54.35520660825642,Mineral Products,5,US Dollars,Unit,27818543.659406528,9145554.002737986,205105
port1160,Santos,Brazil,BRA,-23.91706787,-46.33656353,Brazil,BRA,-11.524630416426652,-54.35520660825642,Miscellaneous,19+20+21,US Dollars,Unit,356147.2330677044,2483314.846651379,205106
port1160,Santos,Brazil,BRA,-23.91706787,-46.33656353,Brazil,BRA,-11.524630416426652,-54.35520660825642,"Plastics, Rubber, Leather",7+8,US Dollars,Unit,2329451.534046852,11202673.355561063,205107
port1160,Santos,Brazil,BRA,-23.91706787,-46.33656353,Brazil,BRA,-11.524630416426652,-54.35520660825642,Prepared Foodstuffs & Beverages,3+4,US Dollars,Unit,35011326.69484416,2349052.938067933,205108
port1160,Santos,Brazil,BRA,-23.91706787,-46.33656353,Brazil,BRA,-11.524630416426652,-54.35520660825642,Stone & Glass,13+14,US Dollars,Unit,1046854.5612006186,1357817.4516198575,205109
port1160,Santos,Brazil,BRA,-23.91706787,-46.33656353,Brazil,BRA,-11.524630416426652,-54.35520660825642,Textiles & Footwear,11+12,US Dollars,Unit,3655866.2127880794,7487034.739129163,205110
port1160,Santos,Brazil,BRA,-23.91706787,-46.33656353,Brazil,BRA,-11.524630416426652,-54.35520660825642,Total,,US Dollars,Unit,195688045.1606607,113473662.48253262,205111
port1160,Santos,Brazil,BRA,-23.91706787,-46.33656353,Brazil,BRA,-11.524630416426652,-54.35520660825642,Vegetable Products,2,US Dollars,Unit,76170795.45879415,1333084.4778570042,205112
port1160,Santos,Brazil,BRA,-23.91706787,-46.33656353,Brazil,BRA,-11.524630416426652,-54.35520660825642,Vehicles & Equipment,17,US Dollars,Unit,1535979.1691026904,1497718.8436026962,205113
port1160,Santos,Brazil,BRA,-23.91706787,-46.33656353,Brazil,BRA,-11.524630416426652,-54.35520660825642,Wood & Wood Products,9+10,US Dollars,Unit,9077068.232463313,127812.75383155495,205114
port1160,Santos,Brazil,BRA,-23.91706787,-46.33656353,China,CHN,38.07325481105728,104.69113855849604,Animal & Animal Products,1,US Dollars,Unit,636.5066368360182,2964844.6725041564,205151
port1160,Santos,Brazil,BRA,-23.91706787,-46.33656353,China,CHN,38.07325481105728,104.69113855849604,Chemical & Allied Industries,6,US Dollars,Unit,13889181.764554739,440413.1440553065,205152
port1160,Santos,Brazil,BRA,-23.91706787,-46.33656353,China,CHN,38.07325481105728,104.69113855849604,Machinery & Electrical Equipment,16+18,US Dollars,Unit,19619497.242341783,914664.3394475146,205153
port1160,Santos,Brazil,BRA,-23.91706787,-46.33656353,China,CHN,38.07325481105728,104.69113855849604,Metals,15,US Dollars,Unit,6019182.57498964,3855.886028438577,205154
port1160,Santos,Brazil,BRA,-23.91706787,-46.33656353,Germany,DEU,51.08304539800482,10.426171427430804,Animal & Animal Products,1,US Dollars,Unit,45604.34270799652,199867.22473343703,205493
port1160,Santos,Brazil,BRA,-23.91706787,-46.33656353,Germany,DEU,51.08304539800482,10.426171427430804,Chemical & Allied Industries,6,US Dollars,Unit,3779219.804805672,8735.530501198808,205495
port1160,Santos,Brazil,BRA,-23.91706787,-46.33656353,Germany,DEU,51.08304539800482,10.426171427430804,Machinery & Electrical Equipment,16+18,US Dollars,Unit,1878283.6543028422,463762.1912230023,205497
port1160,Santos,Brazil,BRA,-23.91706787,-46.33656353,Germany,DEU,51.08304539800482,10.426171427430804,Metals,15,US Dollars,Unit,6073.136749286189,968.0065148390752,205499
port1160,Santos,Brazil,BRA,-23.91706787,-46.33656353,Germany,DEU,51.08304539800482,10.426171427430804,Mineral Products,5,US Dollars,Unit,11926.934305042636,21721.43562243735,205501
port1160,Santos,Brazil,BRA,-23.91706787,-46.33656353,Germany,DEU,51.08304539800482,10.426171427430804,Miscellaneous,19+20+21,US Dollars,Unit,58191.93853725569,2532.8303698186114,205503
port1160,Santos,Brazil,BRA,-23.91706787,-46.33656353,Germany,DEU,51.08304539800482,10.426171427430804,"Plastics, Rubber, Leather",7+8,US Dollars,Unit,654197.3165683192,2152.1882326519585,205505
port1160,Santos,Brazil,BRA,-23.91706787,-46.33656353,Germany,DEU,51.08304539800482,10.426171427430804,Prepared Foodstuffs & Beverages,3+4,US Dollars,Unit,249938.6176877154,913001.5945222861,205507
port1160,Santos,Brazil,BRA,-23.91706787,-46.33656353,Germany,DEU,51.08304539800482,10.426171427430804,Stone & Glass,13+14,US Dollars,Unit,64141.78294122502,78.20792222327756,205509
port1160,Santos,Brazil,BRA,-23.91706787,-46.33656353,Germany,DEU,51.08304539800482,10.426171427430804,Textiles & Footwear,11+12,US Dollars,Unit,37179.99153587413,51545.19488822553,205513
port1160,Santos,Brazil,BRA,-23.91706787,-46.33656353,Germany,DEU,51.08304539800482,10.426171427430804,Total,,US Dollars,Unit,6999125.268374886,4597525.9735531155,205516
port1160,Santos,Brazil,BRA,-23.91706787,-46.33656353,Germany,DEU,51.08304539800482,10.426171427430804,Vegetable Products,2,US Dollars,Unit,104981.29369881237,2603753.9628036274,205518
port1160,Santos,Brazil,BRA,-23.91706787,-46.33656353,Germany,DEU,51.08304539800482,10.426171427430804,Vehicles & Equipment,17,US Dollars,Unit,23979.02279231616,11157.300059594647,205520
port1160,Santos,Brazil,BRA,-23.91706787,-46.33656353,Germany,DEU,51.08304539800482,10.426171427430804,Wood & Wood Products,9+10,US Dollars,Unit,85407.4317425277,318250.3061597726,205522
port1160,Santos,Brazil,BRA,-23.91706787,-46.33656353,Indonesia,IDN,0.155919799590376,113.96538246847302,Animal & Animal Products,1,US Dollars,Unit,232.58233237333215,87736.78294706822,205631
port1160,Santos,Brazil,BRA,-23.91706787,-46.33656353,Indonesia,IDN,0.155919799590376,113.96538246847302,Chemical & Allied Industries,6,US Dollars,Unit,91209.3788289711,46320.219130822516,205632
port1160,Santos,Brazil,BRA,-23.91706787,-46.33656353,Indonesia,IDN,0.155919799590376,113.96538246847302,Machinery & Electrical Equipment,16+18,US Dollars,Unit,256908.06412865303,63794.59672314275,205633
port1160,Santos,Brazil,BRA,-23.91706787,-46.33656353,Indonesia,IDN,0.155919799590376,113.96538246847302,Metals,15,US Dollars,Unit,1335.176498740833,15335.696387959211,205634
port1160,Santos,Brazil,BRA,-23.91706787,-46.33656353,Indonesia,IDN,0.155919799590376,113.96538246847302,Mineral Products,5,US Dollars,Unit,2251.5779429519866,41730.541917714414,205635
port1160,Santos,Brazil,BRA,-23.91706787,-46.33656353,Indonesia,IDN,0.155919799590376,113.96538246847302,Miscellaneous,19+20+21,US Dollars,Unit,16026.343654551962,1407.6922354240319,205636
port1160,Santos,Brazil,BRA,-23.91706787,-46.33656353,Indonesia,IDN,0.155919799590376,113.96538246847302,"Plastics, Rubber, Leather",7+8,US Dollars,Unit,85217.18971845163,36983.79400389072,205637
port1160,Santos,Brazil,BRA,-23.91706787,-46.33656353,Indonesia,IDN,0.155919799590376,113.96538246847302,Prepared Foodstuffs & Beverages,3+4,US Dollars,Unit,520661.6134869201,1842304.9490910266,205638
port1160,Santos,Brazil,BRA,-23.91706787,-46.33656353,Indonesia,IDN,0.155919799590376,113.96538246847302,Stone & Glass,13+14,US Dollars,Unit,8745.577576368956,1835.8736340414378,205639
port1160,Santos,Brazil,BRA,-23.91706787,-46.33656353,Indonesia,IDN,0.155919799590376,113.96538246847302,Textiles & Footwear,11+12,US Dollars,Unit,248460.3328494369,602686.0159417556,205640
port1160,Santos,Brazil,BRA,-23.91706787,-46.33656353,Indonesia,IDN,0.155919799590376,113.96538246847302,Total,,US Dollars,Unit,1264367.808480968,4219687.707708712,205641
port1160,Santos,Brazil,BRA,-23.91706787,-46.33656353,Indonesia,IDN,0.155919799590376,113.96538246847302,Vegetable Products,2,US Dollars,Unit,22129.58381739069,1470290.2781984324,205642
port1160,Santos,Brazil,BRA,-23.91706787,-46.33656353,Indonesia,IDN,0.155919799590376,113.96538246847302,Vehicles & Equipment,17,US Dollars,Unit,1517.1258467787425,8500.12695384541,205643
port1160,Santos,Brazil,BRA,-23.91706787,-46.33656353,Indonesia,IDN,0.155919799590376,113.96538246847302,Wood & Wood Products,9+10,US Dollars,Unit,9673.261799378564,761.1405435889852,205644
port1160,Santos,Brazil,BRA,-23.91706787,-46.33656353,India,IND,23.58630056774672,81.17300408530181,Animal & Animal Products,1,US Dollars,Unit,246.5532584037999,185.82805059579192,205645
port1160,Santos,Brazil,BRA,-23.91706787,-46.33656353,India,IND,23.58630056774672,81.17300408530181,Chemical & Allied Industries,6,US Dollars,Unit,3189980.0358312572,145719.21869264962,205646
port1160,Santos,Brazil,BRA,-23.91706787,-46.33656353,India,IND,23.58630056774672,81.17300408530181,Machinery & Electrical Equipment,16+18,US Dollars,Unit,279340.82057183556,276720.8688274445,205647
port1160,Santos,Brazil,BRA,-23.91706787,-46.33656353,India,IND,23.58630056774672,81.17300408530181,Metals,15,US Dollars,Unit,553085.9799325669,9375.680764304678,205651
port1160,Santos,Brazil,BRA,-23.91706787,-46.33656353,India,IND,23.58630056774672,81.17300408530181,Mineral Products,5,US Dollars,Unit,109034.71551804316,805123.8837327223,205652
port1160,Santos,Brazil,BRA,-23.91706787,-46.33656353,India,IND,23.58630056774672,81.17300408530181,Miscellaneous,19+20+21,US Dollars,Unit,28676.19469747129,5207.3134045906245,205653
port1160,Santos,Brazil,BRA,-23.91706787,-46.33656353,India,IND,23.58630056774672,81.17300408530181,"Plastics, Rubber, Leather",7+8,US Dollars,Unit,362768.7943077224,35790.26003776865,205654
port1160,Santos,Brazil,BRA,-23.91706787,-46.33656353,India,IND,23.58630056774672,81.17300408530181,Prepared Foodstuffs & Beverages,3+4,US Dollars,Unit,11142.062038011192,19050.685638661434,205655
port1160,Santos,Brazil,BRA,-23.91706787,-46.33656353,India,IND,23.58630056774672,81.17300408530181,Stone & Glass,13+14,US Dollars,Unit,84075.67375217509,48464.630546681285,205656
port1160,Santos,Brazil,BRA,-23.91706787,-46.33656353,India,IND,23.58630056774672,81.17300408530181,Textiles & Footwear,11+12,US Dollars,Unit,423771.9223184363,65308.236839536396,205657
port1160,Santos,Brazil,BRA,-23.91706787,-46.33656353,India,IND,23.58630056774672,81.17300408530181,Total,,US Dollars,Unit,5205368.276968475,1762369.048305523,205658
port1160,Santos,Brazil,BRA,-23.91706787,-46.33656353,India,IND,23.58630056774672,81.17300408530181,Vegetable Products,2,US Dollars,Unit,26881.32596410808,144700.1518966146,205659
port1160,Santos,Brazil,BRA,-23.91706787,-46.33656353,India,IND,23.58630056774672,81.17300408530181,Vehicles & Equipment,17,US Dollars,Unit,135996.93627336662,3228.5055177689956,205660
port1160,Santos,Brazil,BRA,-23.91706787,-46.33656353,India,IND,23.58630056774672,81.17300408530181,Wood & Wood Products,9+10,US Dollars,Unit,367.2625050778348,203493.78435618448,205661
port1160,Santos,Brazil,BRA,-23.91706787,-46.33656353,Japan,JPN,36.76738832597829,137.46934234351835,Animal & Animal Products,1,US Dollars,Unit,,165220.02920174293,205666
port1160,Santos,Brazil,BRA,-23.91706787,-46.33656353,Japan,JPN,36.76738832597829,137.46934234351835,Chemical & Allied Industries,6,US Dollars,Unit,813169.1706919166,274889.17462784296,205670
port1160,Santos,Brazil,BRA,-23.91706787,-46.33656353,Japan,JPN,36.76738832597829,137.46934234351835,Machinery & Electrical Equipment,16+18,US Dollars,Unit,389026.9232126091,86623.97402639377,205674
port1160,Santos,Brazil,BRA,-23.91706787,-46.33656353,Japan,JPN,36.76738832597829,137.46934234351835,Metals,15,US Dollars,Unit,69217.79925657486,237.73920980951345,205678
port1160,Santos,Brazil,BRA,-23.91706787,-46.33656353,Japan,JPN,36.76738832597829,137.46934234351835,Mineral Products,5,US Dollars,Unit,231539.4051691042,1009169.5818408545,205682
port1160,Santos,Brazil,BRA,-23.91706787,-46.33656353,Japan,JPN,36.76738832597829,137.46934234351835,Miscellaneous,19+20+21,US Dollars,Unit,2750.6508133276798,99.86814334565969,205690
port1160,Santos,Brazil,BRA,-23.91706787,-46.33656353,Japan,JPN,36.76738832597829,137.46934234351835,"Plastics, Rubber, Leather",7+8,US Dollars,Unit,410067.7773004939,53376.903241728716,205694
port1160,Santos,Brazil,BRA,-23.91706787,-46.33656353,Japan,JPN,36.76738832597829,137.46934234351835,Prepared Foodstuffs & Beverages,3+4,US Dollars,Unit,72.85104487111597,125005.69870448588,205698
port1160,Santos,Brazil,BRA,-23.91706787,-46.33656353,Japan,JPN,36.76738832597829,137.46934234351835,Stone & Glass,13+14,US Dollars,Unit,35841.87124745983,2464.8616392119325,205702
port1160,Santos,Brazil,BRA,-23.91706787,-46.33656353,Japan,JPN,36.76738832597829,137.46934234351835,Textiles & Footwear,11+12,US Dollars,Unit,15435.645779139484,9356.666293556673,205706
port1160,Santos,Brazil,BRA,-23.91706787,-46.33656353,Japan,JPN,36.76738832597829,137.46934234351835,Total,,US Dollars,Unit,1994490.3993536048,3271482.768351605,205710
port1160,Santos,Brazil,BRA,-23.91706787,-46.33656353,Japan,JPN,36.76738832597829,137.46934234351835,Vegetable Products,2,US Dollars,Unit,89.98913391299563,1525941.4349260572,205714
port1160,Santos,Brazil,BRA,-23.91706787,-46.33656353,Japan,JPN,36.76738832597829,137.46934234351835,Vehicles & Equipment,17,US Dollars,Unit,27278.313813501944,48.56534147982712,205718
port1160,Santos,Brazil,BRA,-23.91706787,-46.33656353,Japan,JPN,36.76738832597829,137.46934234351835,Wood & Wood Products,9+10,US Dollars,Unit,0.0018906929143356818,19048.2711550957,205721
port1160,Santos,Brazil,BRA,-23.91706787,-46.33656353,Korea,KOR,36.402386712544114,127.76224551357647,Animal & Animal Products,1,US Dollars,Unit,76.45427178281965,139944.87055993002,205925
port1160,Santos,Brazil,BRA,-23.91706787,-46.33656353,Korea,KOR,36.402386712544114,127.76224551357647,Chemical & Allied Industries,6,US Dollars,Unit,611217.2228401011,77101.16331477277,205926
port1160,Santos,Brazil,BRA,-23.91706787,-46.33656353,Korea,KOR,36.402386712544114,127.76224551357647,Machinery & Electrical Equipment,16+18,US Dollars,Unit,351175.8489848972,45498.537126655945,205927
port1160,Santos,Brazil,BRA,-23.91706787,-46.33656353,Korea,KOR,36.402386712544114,127.76224551357647,Metals,15,US Dollars,Unit,99085.627226019,154.0147741000714,205928
port1160,Santos,Brazil,BRA,-23.91706787,-46.33656353,Korea,KOR,36.402386712544114,127.76224551357647,Mineral Products,5,US Dollars,Unit,23787.5742527129,1537642.5234982471,205929
port1160,Santos,Brazil,BRA,-23.91706787,-46.33656353,Korea,KOR,36.402386712544114,127.76224551357647,Miscellaneous,19+20+21,US Dollars,Unit,15533.940737078367,303.60432646372493,205930
port1160,Santos,Brazil,BRA,-23.91706787,-46.33656353,Korea,KOR,36.402386712544114,127.76224551357647,"Plastics, Rubber, Leather",7+8,US Dollars,Unit,576471.3179666478,11772.094873890812,205931
port1160,Santos,Brazil,BRA,-23.91706787,-46.33656353,Korea,KOR,36.402386712544114,127.76224551357647,Prepared Foodstuffs & Beverages,3+4,US Dollars,Unit,4376.867731155463,464267.8576202995,205932
port1160,Santos,Brazil,BRA,-23.91706787,-46.33656353,Korea,KOR,36.402386712544114,127.76224551357647,Stone & Glass,13+14,US Dollars,Unit,17239.988883109807,1024.220331241387,205933
port1160,Santos,Brazil,BRA,-23.91706787,-46.33656353,Korea,KOR,36.402386712544114,127.76224551357647,Textiles & Footwear,11+12,US Dollars,Unit,57233.04540825802,92591.03969196198,205934
port1160,Santos,Brazil,BRA,-23.91706787,-46.33656353,Korea,KOR,36.402386712544114,127.76224551357647,Total,,US Dollars,Unit,1906988.755275545,6062736.74494526,205935
port1160,Santos,Brazil,BRA,-23.91706787,-46.33656353,Korea,KOR,36.402386712544114,127.76224551357647,Vegetable Products,2,US Dollars,Unit,2109.412274318449,3511707.336775207,205936
port1160,Santos,Brazil,BRA,-23.91706787,-46.33656353,Korea,KOR,36.402386712544114,127.76224551357647,Vehicles & Equipment,17,US Dollars,Unit,148681.04205162733,465.4098766553148,205937
port1160,Santos,Brazil,BRA,-23.91706787,-46.33656353,Korea,KOR,36.402386712544114,127.76224551357647,Wood & Wood Products,9+10,US Dollars,Unit,0.4126478369316773,180264.07217583337,205938
port1160,Santos,Brazil,BRA,-23.91706787,-46.33656353,Saudi Arabia,SAU,24.136038144757897,44.6009581782256,"Plastics, Rubber, Leather",7+8,US Dollars,Unit,213574.3979804093,3729.3872251904627,206401
port1160,Santos,Brazil,BRA,-23.91706787,-46.33656353,Saudi Arabia,SAU,24.136038144757897,44.6009581782256,Prepared Foodstuffs & Beverages,3+4,US Dollars,Unit,,616358.2448983007,206402
port1160,Santos,Brazil,BRA,-23.91706787,-46.33656353,Saudi Arabia,SAU,24.136038144757897,44.6009581782256,Stone & Glass,13+14,US Dollars,Unit,7367.947104340584,1154.3057906058636,206403
port1160,Santos,Brazil,BRA,-23.91706787,-46.33656353,Saudi Arabia,SAU,24.136038144757897,44.6009581782256,Textiles & Footwear,11+12,US Dollars,Unit,510.77744579689414,1554.5155206415143,206404
port1160,Santos,Brazil,BRA,-23.91706787,-46.33656353,Saudi Arabia,SAU,24.136038144757897,44.6009581782256,Total,,US Dollars,Unit,1835177.0540962399,4168587.434791021,206405
port1160,Santos,Brazil,BRA,-23.91706787,-46.33656353,Saudi Arabia,SAU,24.136038144757897,44.6009581782256,Vegetable Products,2,US Dollars,Unit,,2313892.266904642,206406
port1160,Santos,Brazil,BRA,-23.91706787,-46.33656353,Saudi Arabia,SAU,24.136038144757897,44.6009581782256,Vehicles & Equipment,17,US Dollars,Unit,0.2698331409721508,267.36919696963724,206407
port1160,Santos,Brazil,BRA,-23.91706787,-46.33656353,Saudi Arabia,SAU,24.136038144757897,44.6009581782256,Wood & Wood Products,9+10,US Dollars,Unit,,99583.08198948266,206410
port1160,Santos,Brazil,BRA,-23.91706787,-46.33656353,Singapore,SGP,1.352825189000635,103.81025757634052,Animal & Animal Products,1,US Dollars,Unit,0.023023212870744134,1573690.588450857,206434
port1160,Santos,Brazil,BRA,-23.91706787,-46.33656353,Singapore,SGP,1.352825189000635,103.81025757634052,Chemical & Allied Industries,6,US Dollars,Unit,730.6288341671869,26426.113139123954,206435
port1160,Santos,Brazil,BRA,-23.91706787,-46.33656353,Singapore,SGP,1.352825189000635,103.81025757634052,Machinery & Electrical Equipment,16+18,US Dollars,Unit,119785.80425681817,84587.52128336638,206436
port1160,Santos,Brazil,BRA,-23.91706787,-46.33656353,Singapore,SGP,1.352825189000635,103.81025757634052,Metals,15,US Dollars,Unit,56833.73760583986,53502.56181342408,206437
port1160,Santos,Brazil,BRA,-23.91706787,-46.33656353,Singapore,SGP,1.352825189000635,103.81025757634052,Mineral Products,5,US Dollars,Unit,1934.1570615204243,486778.9934818773,206438
port1160,Santos,Brazil,BRA,-23.91706787,-46.33656353,Singapore,SGP,1.352825189000635,103.81025757634052,Miscellaneous,19+20+21,US Dollars,Unit,1340.2144652298844,3243.5885269563773,206439
port1160,Santos,Brazil,BRA,-23.91706787,-46.33656353,Singapore,SGP,1.352825189000635,103.81025757634052,"Plastics, Rubber, Leather",7+8,US Dollars,Unit,3052.0631338876524,9489.941831616641,206440
port1160,Santos,Brazil,BRA,-23.91706787,-46.33656353,Singapore,SGP,1.352825189000635,103.81025757634052,Prepared Foodstuffs & Beverages,3+4,US Dollars,Unit,0.10052109756607246,287285.41490594996,206441
port1160,Santos,Brazil,BRA,-23.91706787,-46.33656353,Singapore,SGP,1.352825189000635,103.81025757634052,Stone & Glass,13+14,US Dollars,Unit,1130.8439247279807,1264.5148220626686,206442
port1160,Santos,Brazil,BRA,-23.91706787,-46.33656353,Singapore,SGP,1.352825189000635,103.81025757634052,Textiles & Footwear,11+12,US Dollars,Unit,30397.27283839046,21486.461740500283,206446
port1160,Santos,Brazil,BRA,-23.91706787,-46.33656353,Singapore,SGP,1.352825189000635,103.81025757634052,Total,,US Dollars,Unit,216703.19500227727,2604486.837540635,206447
port1160,Santos,Brazil,BRA,-23.91706787,-46.33656353,Singapore,SGP,1.352825189000635,103.81025757634052,Vegetable Products,2,US Dollars,Unit,375.51710957476905,31852.1170858905,206448
port1160,Santos,Brazil,BRA,-23.91706787,-46.33656353,Singapore,SGP,1.352825189000635,103.81025757634052,Vehicles & Equipment,17,US Dollars,Unit,116.23759492828037,8970.720140936675,206449
port1160,Santos,Brazil,BRA,-23.91706787,-46.33656353,Singapore,SGP,1.352825189000635,103.81025757634052,Wood & Wood Products,9+10,US Dollars,Unit,1006.5946328821436,15908.300318073032,206450
port1160,Santos,Brazil,BRA,-23.91706787,-46.33656353,Russian Federation,RUS,59.039434214106194,98.6704990698032,Animal & Animal Products,1,US Dollars,Unit,1694.900717578659,21073.217310740907,206615
port1160,Santos,Brazil,BRA,-23.91706787,-46.33656353,Russian Federation,RUS,59.039434214106194,98.6704990698032,Chemical & Allied Industries,6,US Dollars,Unit,4998673.542377476,24850.742482993282,206687
port1160,Santos,Brazil,BRA,-23.91706787,-46.33656353,Russian Federation,RUS,59.039434214106194,98.6704990698032,Machinery & Electrical Equipment,16+18,US Dollars,Unit,11590.009175347246,162306.50957459558,206688
port1160,Santos,Brazil,BRA,-23.91706787,-46.33656353,Russian Federation,RUS,59.039434214106194,98.6704990698032,Metals,15,US Dollars,Unit,125284.43564981261,297.4032188640098,206689
port1160,Santos,Brazil,BRA,-23.91706787,-46.33656353,Russian Federation,RUS,59.039434214106194,98.6704990698032,Mineral Products,5,US Dollars,Unit,599619.0529797516,110.55804432740773,206691
port1160,Santos,Brazil,BRA,-23.91706787,-46.33656353,Russian Federation,RUS,59.039434214106194,98.6704990698032,Miscellaneous,19+20+21,US Dollars,Unit,14.26251248120156,8.603180836172154,206693
port1160,Santos,Brazil,BRA,-23.91706787,-46.33656353,Russian Federation,RUS,59.039434214106194,98.6704990698032,"Plastics, Rubber, Leather",7+8,US Dollars,Unit,59771.996852651544,1490.5927708460322,206695
port1160,Santos,Brazil,BRA,-23.91706787,-46.33656353,Russian Federation,RUS,59.039434214106194,98.6704990698032,Prepared Foodstuffs & Beverages,3+4,US Dollars,Unit,6407.726724731083,40471.426780747424,206697
port1160,Santos,Brazil,BRA,-23.91706787,-46.33656353,Taiwan Province of China,TWN,23.725268,120.936523,Animal & Animal Products,1,US Dollars,Unit,1895.4804725893455,62650.06429195107,206698
port1160,Santos,Brazil,BRA,-23.91706787,-46.33656353,Russian Federation,RUS,59.039434214106194,98.6704990698032,Stone & Glass,13+14,US Dollars,Unit,2218.278894872407,806.0473829407651,206699
port1160,Santos,Brazil,BRA,-23.91706787,-46.33656353,Taiwan Province of China,TWN,23.725268,120.936523,Chemical & Allied Industries,6,US Dollars,Unit,318177.55868303234,12070.367383150848,206700
port1160,Santos,Brazil,BRA,-23.91706787,-46.33656353,Russian Federation,RUS,59.039434214106194,98.6704990698032,Textiles & Footwear,11+12,US Dollars,Unit,311.19548811412477,177.8138126044209,206701
port1160,Santos,Brazil,BRA,-23.91706787,-46.33656353,Taiwan Province of China,TWN,23.725268,120.936523,Machinery & Electrical Equipment,16+18,US Dollars,Unit,22089.943473434403,22348.208565817775,206702
port1160,Santos,Brazil,BRA,-23.91706787,-46.33656353,Russian Federation,RUS,59.039434214106194,98.6704990698032,Total,,US Dollars,Unit,5887075.741477662,1430050.0970590105,206703
port1160,Santos,Brazil,BRA,-23.91706787,-46.33656353,Taiwan Province of China,TWN,23.725268,120.936523,Metals,15,US Dollars,Unit,197985.54838590778,151.97197777806122,206704
port1160,Santos,Brazil,BRA,-23.91706787,-46.33656353,Russian Federation,RUS,59.039434214106194,98.6704990698032,Vegetable Products,2,US Dollars,Unit,80395.73886741948,1170888.1120030473,206705
port1160,Santos,Brazil,BRA,-23.91706787,-46.33656353,Taiwan Province of China,TWN,23.725268,120.936523,Mineral Products,5,US Dollars,Unit,66.63326055059348,47027.86137426046,206706
port1160,Santos,Brazil,BRA,-23.91706787,-46.33656353,Russian Federation,RUS,59.039434214106194,98.6704990698032,Vehicles & Equipment,17,US Dollars,Unit,275.7809278769202,6310.413570741173,206707
port1160,Santos,Brazil,BRA,-23.91706787,-46.33656353,Taiwan Province of China,TWN,23.725268,120.936523,Miscellaneous,19+20+21,US Dollars,Unit,8532.801126077535,81.82508843211646,206708
port1160,Santos,Brazil,BRA,-23.91706787,-46.33656353,Russian Federation,RUS,59.039434214106194,98.6704990698032,Wood & Wood Products,9+10,US Dollars,Unit,818.8203095493585,1258.6569257259068,206709
port1160,Santos,Brazil,BRA,-23.91706787,-46.33656353,Taiwan Province of China,TWN,23.725268,120.936523,"Plastics, Rubber, Leather",7+8,US Dollars,Unit,496579.37129360845,3169.934786244745,206710
port1160,Santos,Brazil,BRA,-23.91706787,-46.33656353,Taiwan Province of China,TWN,23.725268,120.936523,Prepared Foodstuffs & Beverages,3+4,US Dollars,Unit,666.4768313966854,40339.78525106662,206713
port1160,Santos,Brazil,BRA,-23.91706787,-46.33656353,Taiwan Province of China,TWN,23.725268,120.936523,Stone & Glass,13+14,US Dollars,Unit,10102.484671041786,8257.12059762776,206715
port1160,Santos,Brazil,BRA,-23.91706787,-46.33656353,Taiwan Province of China,TWN,23.725268,120.936523,Textiles & Footwear,11+12,US Dollars,Unit,75184.48465404224,8537.104620918886,206718
port1160,Santos,Brazil,BRA,-23.91706787,-46.33656353,Taiwan Province of China,TWN,23.725268,120.936523,Total,,US Dollars,Unit,1149014.933557433,2316762.6601941427,206720
port1160,Santos,Brazil,BRA,-23.91706787,-46.33656353,Taiwan Province of China,TWN,23.725268,120.936523,Vegetable Products,2,US Dollars,Unit,938.5431334087212,1993684.682462319,206722
port1160,Santos,Brazil,BRA,-23.91706787,-46.33656353,Taiwan Province of China,TWN,23.725268,120.936523,Vehicles & Equipment,17,US Dollars,Unit,9836.456364020949,102.4205951050079,206724
port1160,Santos,Brazil,BRA,-23.91706787,-46.33656353,Taiwan Province of China,TWN,23.725268,120.936523,Wood & Wood Products,9+10,US Dollars,Unit,6959.151208322191,118341.31319947045,206726
port1160,Santos,Brazil,BRA,-23.91706787,-46.33656353,Saudi Arabia,SAU,24.136038144757897,44.6009581782256,Animal & Animal Products,1,US Dollars,Unit,,1031405.3949254436,206733
port1160,Santos,Brazil,BRA,-23.91706787,-46.33656353,Saudi Arabia,SAU,24.136038144757897,44.6009581782256,Chemical & Allied Industries,6,US Dollars,Unit,729161.9141121195,6221.422920212863,206735
port1160,Santos,Brazil,BRA,-23.91706787,-46.33656353,Saudi Arabia,SAU,24.136038144757897,44.6009581782256,Machinery & Electrical Equipment,16+18,US Dollars,Unit,154.92663751092206,70396.6015406759,206737
port1160,Santos,Brazil,BRA,-23.91706787,-46.33656353,Saudi Arabia,SAU,24.136038144757897,44.6009581782256,Metals,15,US Dollars,Unit,107312.78504480222,279.31291849265466,206746
port1160,Santos,Brazil,BRA,-23.91706787,-46.33656353,Saudi Arabia,SAU,24.136038144757897,44.6009581782256,Mineral Products,5,US Dollars,Unit,777094.0309392919,21730.756646059894,206748
port1160,Santos,Brazil,BRA,-23.91706787,-46.33656353,Saudi Arabia,SAU,24.136038144757897,44.6009581782256,Miscellaneous,19+20+21,US Dollars,Unit,0.004998827584746001,2014.7743143028713,206749
port1160,Santos,Brazil,BRA,-23.91706787,-46.33656353,United States,USA,38.8208089190304,-96.3316166082964,Vehicles & Equipment,17,US Dollars,Unit,499116.9696107145,156140.37782761978,206851
port1160,Santos,Brazil,BRA,-23.91706787,-46.33656353,United States,USA,38.8208089190304,-96.3316166082964,Wood & Wood Products,9+10,US Dollars,Unit,12334.594854606372,2542197.0385580976,206857
port1160,Santos,Brazil,BRA,-23.91706787,-46.33656353,United States,USA,38.8208089190304,-96.3316166082964,Animal & Animal Products,1,US Dollars,Unit,130611.23930305074,2656919.9339600084,207189
port1160,Santos,Brazil,BRA,-23.91706787,-46.33656353,United States,USA,38.8208089190304,-96.3316166082964,Chemical & Allied Industries,6,US Dollars,Unit,5392641.385474951,1247555.3024610465,207190
port1160,Santos,Brazil,BRA,-23.91706787,-46.33656353,United States,USA,38.8208089190304,-96.3316166082964,Machinery & Electrical Equipment,16+18,US Dollars,Unit,8700976.489443759,825518.4690252393,207191
port1160,Santos,Brazil,BRA,-23.91706787,-46.33656353,United States,USA,38.8208089190304,-96.3316166082964,Metals,15,US Dollars,Unit,141429.09719658422,2316430.3116278094,207192
port1160,Santos,Brazil,BRA,-23.91706787,-46.33656353,United States,USA,38.8208089190304,-96.3316166082964,Mineral Products,5,US Dollars,Unit,2178720.175359733,433254.3729153942,207193
port1160,Santos,Brazil,BRA,-23.91706787,-46.33656353,United States,USA,38.8208089190304,-96.3316166082964,Miscellaneous,19+20+21,US Dollars,Unit,149117.0585370472,122657.10634262556,207194
port1160,Santos,Brazil,BRA,-23.91706787,-46.33656353,United States,USA,38.8208089190304,-96.3316166082964,"Plastics, Rubber, Leather",7+8,US Dollars,Unit,2081559.3501465686,316444.6538556034,207195
port1160,Santos,Brazil,BRA,-23.91706787,-46.33656353,United States,USA,38.8208089190304,-96.3316166082964,Prepared Foodstuffs & Beverages,3+4,US Dollars,Unit,497877.05347236176,4705060.841998029,207196
port1160,Santos,Brazil,BRA,-23.91706787,-46.33656353,United States,USA,38.8208089190304,-96.3316166082964,Stone & Glass,13+14,US Dollars,Unit,94081.30901750198,350118.0991472635,207197
port1160,Santos,Brazil,BRA,-23.91706787,-46.33656353,United States,USA,38.8208089190304,-96.3316166082964,Textiles & Footwear,11+12,US Dollars,Unit,132288.18498158705,102964.10901114896,207198
port1160,Santos,Brazil,BRA,-23.91706787,-46.33656353,United States,USA,38.8208089190304,-96.3316166082964,Total,,US Dollars,Unit,20274928.629222844,22599248.934766967,207199
port1160,Santos,Brazil,BRA,-23.91706787,-46.33656353,United States,USA,38.8208089190304,-96.3316166082964,Vegetable Products,2,US Dollars,Unit,264175.72182437865,6823988.318037082,207200
port1188,Shanghai,China,CHN,31.19179536,121.6441968,China,CHN,38.07325481105728,104.69113855849604,Prepared Foodstuffs & Beverages,3+4,US Dollars,Unit,7828226.632461116,8472378.07905776,241631
port1188,Shanghai,China,CHN,31.19179536,121.6441968,China,CHN,38.07325481105728,104.69113855849604,Stone & Glass,13+14,US Dollars,Unit,17105996.068695005,25605912.28708655,241662
port1188,Shanghai,China,CHN,31.19179536,121.6441968,China,CHN,38.07325481105728,104.69113855849604,Textiles & Footwear,11+12,US Dollars,Unit,125196406.71102065,6174610.786009361,241666
port1188,Shanghai,China,CHN,31.19179536,121.6441968,China,CHN,38.07325481105728,104.69113855849604,Total,,US Dollars,Unit,1555243878.2756624,800224141.9505187,241672
port1188,Shanghai,China,CHN,31.19179536,121.6441968,China,CHN,38.07325481105728,104.69113855849604,Vegetable Products,2,US Dollars,Unit,7424612.490282681,35997100.91683737,241677
port1188,Shanghai,China,CHN,31.19179536,121.6441968,China,CHN,38.07325481105728,104.69113855849604,Vehicles & Equipment,17,US Dollars,Unit,117130858.99358451,93700963.06583333,241684
port1188,Shanghai,China,CHN,31.19179536,121.6441968,China,CHN,38.07325481105728,104.69113855849604,Wood & Wood Products,9+10,US Dollars,Unit,15041266.888974175,47463793.633062124,241737
port1188,Shanghai,China,CHN,31.19179536,121.6441968,Brazil,BRA,-11.524630416426652,-54.35520660825642,Animal & Animal Products,1,US Dollars,Unit,7631652.071815441,22041.345722888967,241810
port1188,Shanghai,China,CHN,31.19179536,121.6441968,Brazil,BRA,-11.524630416426652,-54.35520660825642,Chemical & Allied Industries,6,US Dollars,Unit,80131.70090365865,10649712.738534195,241811
port1188,Shanghai,China,CHN,31.19179536,121.6441968,Brazil,BRA,-11.524630416426652,-54.35520660825642,Machinery & Electrical Equipment,16+18,US Dollars,Unit,217802.98895211722,804666.6077573948,241812
port1188,Shanghai,China,CHN,31.19179536,121.6441968,Brazil,BRA,-11.524630416426652,-54.35520660825642,Metals,15,US Dollars,Unit,300431.6724920904,1712317.8726793204,241813
port1188,Shanghai,China,CHN,31.19179536,121.6441968,Brazil,BRA,-11.524630416426652,-54.35520660825642,Mineral Products,5,US Dollars,Unit,15302985.847950345,1194756.7082719582,241814
port1188,Shanghai,China,CHN,31.19179536,121.6441968,Brazil,BRA,-11.524630416426652,-54.35520660825642,Miscellaneous,19+20+21,US Dollars,Unit,619.1500904667606,249139.53581541713,241815
port1188,Shanghai,China,CHN,31.19179536,121.6441968,Brazil,BRA,-11.524630416426652,-54.35520660825642,"Plastics, Rubber, Leather",7+8,US Dollars,Unit,131233.56874524982,820921.6658584885,241816
port1188,Shanghai,China,CHN,31.19179536,121.6441968,Brazil,BRA,-11.524630416426652,-54.35520660825642,Prepared Foodstuffs & Beverages,3+4,US Dollars,Unit,2646317.3111054376,25545.110288270447,241817
port1188,Shanghai,China,CHN,31.19179536,121.6441968,Brazil,BRA,-11.524630416426652,-54.35520660825642,Stone & Glass,13+14,US Dollars,Unit,12567.32659443826,149001.97162962137,241818
port1188,Shanghai,China,CHN,31.19179536,121.6441968,Brazil,BRA,-11.524630416426652,-54.35520660825642,Textiles & Footwear,11+12,US Dollars,Unit,717334.6128702959,491997.19152967783,241819
port1188,Shanghai,China,CHN,31.19179536,121.6441968,Brazil,BRA,-11.524630416426652,-54.35520660825642,Total,,US Dollars,Unit,45530237.25435508,17488949.73204124,241820
port1188,Shanghai,China,CHN,31.19179536,121.6441968,Brazil,BRA,-11.524630416426652,-54.35520660825642,Vegetable Products,2,US Dollars,Unit,13373729.956458254,32710.574065686378,241821
port1188,Shanghai,China,CHN,31.19179536,121.6441968,Brazil,BRA,-11.524630416426652,-54.35520660825642,Vehicles & Equipment,17,US Dollars,Unit,20733.47682113834,903985.4158559905,241822
port1188,Shanghai,China,CHN,31.19179536,121.6441968,Brazil,BRA,-11.524630416426652,-54.35520660825642,Wood & Wood Products,9+10,US Dollars,Unit,5094697.569556145,432152.9940323335,241823
port1188,Shanghai,China,CHN,31.19179536,121.6441968,China,CHN,38.07325481105728,104.69113855849604,Animal & Animal Products,1,US Dollars,Unit,4475739.552366505,23152982.223528832,241963
port1188,Shanghai,China,CHN,31.19179536,121.6441968,China,CHN,38.07325481105728,104.69113855849604,Chemical & Allied Industries,6,US Dollars,Unit,87222982.96636912,68596541.97552027,241966
port1188,Shanghai,China,CHN,31.19179536,121.6441968,China,CHN,38.07325481105728,104.69113855849604,Machinery & Electrical Equipment,16+18,US Dollars,Unit,758013426.1673031,116938001.23572515,241969
port1188,Shanghai,China,CHN,31.19179536,121.6441968,China,CHN,38.07325481105728,104.69113855849604,Metals,15,US Dollars,Unit,173983563.9977721,68638391.85576661,241973
port1188,Shanghai,China,CHN,31.19179536,121.6441968,China,CHN,38.07325481105728,104.69113855849604,Mineral Products,5,US Dollars,Unit,9452320.986378515,263681900.47463846,241977
port1188,Shanghai,China,CHN,31.19179536,121.6441968,China,CHN,38.07325481105728,104.69113855849604,Miscellaneous,19+20+21,US Dollars,Unit,166493527.76080215,1772090.6791444002,241981
port1188,Shanghai,China,CHN,31.19179536,121.6441968,China,CHN,38.07325481105728,104.69113855849604,"Plastics, Rubber, Leather",7+8,US Dollars,Unit,65874949.059652895,40029474.73830852,241990
port1188,Shanghai,China,CHN,31.19179536,121.6441968,Germany,DEU,51.08304539800482,10.426171427430804,Animal & Animal Products,1,US Dollars,Unit,104983.00562201346,23923.931352793592,242226
port1188,Shanghai,China,CHN,31.19179536,121.6441968,Germany,DEU,51.08304539800482,10.426171427430804,Chemical & Allied Industries,6,US Dollars,Unit,933203.5835025482,615947.9311567325,242232
port1188,Shanghai,China,CHN,31.19179536,121.6441968,Germany,DEU,51.08304539800482,10.426171427430804,Machinery & Electrical Equipment,16+18,US Dollars,Unit,25103717.53184513,1343249.4872110973,242238
port1188,Shanghai,China,CHN,31.19179536,121.6441968,Germany,DEU,51.08304539800482,10.426171427430804,Metals,15,US Dollars,Unit,305912.93634112977,3062900.314163292,242251
port1188,Shanghai,China,CHN,31.19179536,121.6441968,Germany,DEU,51.08304539800482,10.426171427430804,Mineral Products,5,US Dollars,Unit,21400.07736472306,459240.87880532065,242257
port1188,Shanghai,China,CHN,31.19179536,121.6441968,Germany,DEU,51.08304539800482,10.426171427430804,Miscellaneous,19+20+21,US Dollars,Unit,133857.58705500214,719629.6411967328,242263
port1188,Shanghai,China,CHN,31.19179536,121.6441968,Germany,DEU,51.08304539800482,10.426171427430804,"Plastics, Rubber, Leather",7+8,US Dollars,Unit,445768.510783513,411827.2629704544,242269
port1188,Shanghai,China,CHN,31.19179536,121.6441968,Germany,DEU,51.08304539800482,10.426171427430804,Prepared Foodstuffs & Beverages,3+4,US Dollars,Unit,36443.76312477672,35193.54054907172,242275
port1188,Shanghai,China,CHN,31.19179536,121.6441968,Germany,DEU,51.08304539800482,10.426171427430804,Stone & Glass,13+14,US Dollars,Unit,80241.21368379708,483400.47215125494,242280
port1188,Shanghai,China,CHN,31.19179536,121.6441968,Germany,DEU,51.08304539800482,10.426171427430804,Textiles & Footwear,11+12,US Dollars,Unit,15724.647112777571,51534.41953839306,242285
port1188,Shanghai,China,CHN,31.19179536,121.6441968,Germany,DEU,51.08304539800482,10.426171427430804,Total,,US Dollars,Unit,69392984.36336707,11143233.534667669,242291
port1188,Shanghai,China,CHN,31.19179536,121.6441968,Germany,DEU,51.08304539800482,10.426171427430804,Vegetable Products,2,US Dollars,Unit,51170.6954900483,63879.53725527708,242297
port1188,Shanghai,China,CHN,31.19179536,121.6441968,Germany,DEU,51.08304539800482,10.426171427430804,Vehicles & Equipment,17,US Dollars,Unit,40439077.06724011,3608460.001138684,242303
port1188,Shanghai,China,CHN,31.19179536,121.6441968,Germany,DEU,51.08304539800482,10.426171427430804,Wood & Wood Products,9+10,US Dollars,Unit,1721483.744201504,264046.1171785644,242309
port1188,Shanghai,China,CHN,31.19179536,121.6441968,Indonesia,IDN,0.155919799590376,113.96538246847302,Total,,US Dollars,Unit,39561947.86798361,31628609.176019475,242401
port1188,Shanghai,China,CHN,31.19179536,121.6441968,Indonesia,IDN,0.155919799590376,113.96538246847302,Vegetable Products,2,US Dollars,Unit,813407.3477354805,449501.61949483195,242402
port1188,Shanghai,China,CHN,31.19179536,121.6441968,Indonesia,IDN,0.155919799590376,113.96538246847302,Vehicles & Equipment,17,US Dollars,Unit,317740.733600647,2999635.577270481,242403
port1188,Shanghai,China,CHN,31.19179536,121.6441968,Indonesia,IDN,0.155919799590376,113.96538246847302,Wood & Wood Products,9+10,US Dollars,Unit,8026089.227315169,159343.47728942372,242405
port1188,Shanghai,China,CHN,31.19179536,121.6441968,India,IND,23.58630056774672,81.17300408530181,Animal & Animal Products,1,US Dollars,Unit,2866032.328600481,8769.366244158255,242406
port1188,Shanghai,China,CHN,31.19179536,121.6441968,India,IND,23.58630056774672,81.17300408530181,Chemical & Allied Industries,6,US Dollars,Unit,27032441.59985499,19669429.189081434,242407
port1188,Shanghai,China,CHN,31.19179536,121.6441968,India,IND,23.58630056774672,81.17300408530181,Machinery & Electrical Equipment,16+18,US Dollars,Unit,39767663.83073531,13989298.724878177,242408
port1188,Shanghai,China,CHN,31.19179536,121.6441968,India,IND,23.58630056774672,81.17300408530181,Metals,15,US Dollars,Unit,22010967.035289403,14058122.320831897,242409
port1188,Shanghai,China,CHN,31.19179536,121.6441968,India,IND,23.58630056774672,81.17300408530181,Mineral Products,5,US Dollars,Unit,1239644.7297138688,27715541.86949119,242410
port1188,Shanghai,China,CHN,31.19179536,121.6441968,India,IND,23.58630056774672,81.17300408530181,Miscellaneous,19+20+21,US Dollars,Unit,2759293.314342333,1424808.6723006233,242411
port1188,Shanghai,China,CHN,31.19179536,121.6441968,India,IND,23.58630056774672,81.17300408530181,"Plastics, Rubber, Leather",7+8,US Dollars,Unit,5733008.177670503,4392207.48777998,242412
port1188,Shanghai,China,CHN,31.19179536,121.6441968,India,IND,23.58630056774672,81.17300408530181,Prepared Foodstuffs & Beverages,3+4,US Dollars,Unit,1537806.4567781582,759341.2999308506,242413
port1188,Shanghai,China,CHN,31.19179536,121.6441968,India,IND,23.58630056774672,81.17300408530181,Stone & Glass,13+14,US Dollars,Unit,4480195.99476773,9851612.85683636,242414
port1188,Shanghai,China,CHN,31.19179536,121.6441968,India,IND,23.58630056774672,81.17300408530181,Textiles & Footwear,11+12,US Dollars,Unit,9023649.430865485,2443852.949226543,242415
port1188,Shanghai,China,CHN,31.19179536,121.6441968,India,IND,23.58630056774672,81.17300408530181,Total,,US Dollars,Unit,137448168.16482666,97544609.06652112,242416
port1188,Shanghai,China,CHN,31.19179536,121.6441968,India,IND,23.58630056774672,81.17300408530181,Vegetable Products,2,US Dollars,Unit,2597610.554180709,712111.3692519877,242417
port1188,Shanghai,China,CHN,31.19179536,121.6441968,India,IND,23.58630056774672,81.17300408530181,Vehicles & Equipment,17,US Dollars,Unit,18365261.7351939,1376011.37274957,242418
port1188,Shanghai,China,CHN,31.19179536,121.6441968,India,IND,23.58630056774672,81.17300408530181,Wood & Wood Products,9+10,US Dollars,Unit,34592.97683377951,1143501.5879183519,242419
port1188,Shanghai,China,CHN,31.19179536,121.6441968,Indonesia,IDN,0.155919799590376,113.96538246847302,Animal & Animal Products,1,US Dollars,Unit,471056.60565593356,54684.594425236486,242640
port1188,Shanghai,China,CHN,31.19179536,121.6441968,Indonesia,IDN,0.155919799590376,113.96538246847302,Chemical & Allied Industries,6,US Dollars,Unit,1988759.0646257787,7299131.906357088,242641
port1188,Shanghai,China,CHN,31.19179536,121.6441968,Indonesia,IDN,0.155919799590376,113.96538246847302,Machinery & Electrical Equipment,16+18,US Dollars,Unit,1869682.0959307728,5075413.290087351,242642
port1188,Shanghai,China,CHN,31.19179536,121.6441968,Indonesia,IDN,0.155919799590376,113.96538246847302,Metals,15,US Dollars,Unit,9142533.641978044,4831169.853409048,242643
port1188,Shanghai,China,CHN,31.19179536,121.6441968,Indonesia,IDN,0.155919799590376,113.96538246847302,Mineral Products,5,US Dollars,Unit,13152466.032541867,1748253.8825559914,242644
port1188,Shanghai,China,CHN,31.19179536,121.6441968,Indonesia,IDN,0.155919799590376,113.96538246847302,Miscellaneous,19+20+21,US Dollars,Unit,287604.6485324413,1362410.0828988205,242645
port1188,Shanghai,China,CHN,31.19179536,121.6441968,Indonesia,IDN,0.155919799590376,113.96538246847302,"Plastics, Rubber, Leather",7+8,US Dollars,Unit,852662.6947555315,3476480.4862573617,242646
port1188,Shanghai,China,CHN,31.19179536,121.6441968,Indonesia,IDN,0.155919799590376,113.96538246847302,Prepared Foodstuffs & Beverages,3+4,US Dollars,Unit,1425133.627292559,252850.1636992628,242647
port1188,Shanghai,China,CHN,31.19179536,121.6441968,Indonesia,IDN,0.155919799590376,113.96538246847302,Stone & Glass,13+14,US Dollars,Unit,38362.965893420085,1267409.4924473113,242648
port1188,Shanghai,China,CHN,31.19179536,121.6441968,Indonesia,IDN,0.155919799590376,113.96538246847302,Textiles & Footwear,11+12,US Dollars,Unit,1176449.1821259628,2652324.749827268,242649
port1188,Shanghai,China,CHN,31.19179536,121.6441968,Japan,JPN,36.76738832597829,137.46934234351835,Animal & Animal Products,1,US Dollars,Unit,531700.1954511277,737465.4195843153,242709
port1188,Shanghai,China,CHN,31.19179536,121.6441968,Japan,JPN,36.76738832597829,137.46934234351835,Chemical & Allied Industries,6,US Dollars,Unit,23786163.155965015,15916420.574539723,242713
port1188,Shanghai,China,CHN,31.19179536,121.6441968,Japan,JPN,36.76738832597829,137.46934234351835,Machinery & Electrical Equipment,16+18,US Dollars,Unit,57477288.80281236,25219323.49775689,242717
port1188,Shanghai,China,CHN,31.19179536,121.6441968,Japan,JPN,36.76738832597829,137.46934234351835,Metals,15,US Dollars,Unit,14831240.014645044,10247626.222337581,242720
port1188,Shanghai,China,CHN,31.19179536,121.6441968,Japan,JPN,36.76738832597829,137.46934234351835,Mineral Products,5,US Dollars,Unit,1247296.4880073187,5368505.791330673,242722
port1188,Shanghai,China,CHN,31.19179536,121.6441968,Japan,JPN,36.76738832597829,137.46934234351835,Miscellaneous,19+20+21,US Dollars,Unit,1032181.5497058289,12372385.899621734,242726
port1188,Shanghai,China,CHN,31.19179536,121.6441968,Japan,JPN,36.76738832597829,137.46934234351835,"Plastics, Rubber, Leather",7+8,US Dollars,Unit,12463660.116756089,16894644.605938293,242730
port1188,Shanghai,China,CHN,31.19179536,121.6441968,Japan,JPN,36.76738832597829,137.46934234351835,Prepared Foodstuffs & Beverages,3+4,US Dollars,Unit,462965.6561144833,997544.0535883749,242734
port1188,Shanghai,China,CHN,31.19179536,121.6441968,Japan,JPN,36.76738832597829,137.46934234351835,Stone & Glass,13+14,US Dollars,Unit,2965237.9357266324,3304663.519282566,242738
port1188,Shanghai,China,CHN,31.19179536,121.6441968,Japan,JPN,36.76738832597829,137.46934234351835,Textiles & Footwear,11+12,US Dollars,Unit,1189755.1526679497,54355082.48518178,242742
port1188,Shanghai,China,CHN,31.19179536,121.6441968,Japan,JPN,36.76738832597829,137.46934234351835,Total,,US Dollars,Unit,147396466.61855716,152620884.23961926,242746
port1188,Shanghai,China,CHN,31.19179536,121.6441968,Japan,JPN,36.76738832597829,137.46934234351835,Vegetable Products,2,US Dollars,Unit,75515.98881536214,602144.3351506874,242750
port1188,Shanghai,China,CHN,31.19179536,121.6441968,Japan,JPN,36.76738832597829,137.46934234351835,Vehicles & Equipment,17,US Dollars,Unit,30361605.58128018,4770700.69829419,242753
port1188,Shanghai,China,CHN,31.19179536,121.6441968,Japan,JPN,36.76738832597829,137.46934234351835,Wood & Wood Products,9+10,US Dollars,Unit,971855.9806097747,1834377.137012442,242756
port1188,Shanghai,China,CHN,31.19179536,121.6441968,Korea,KOR,36.402386712544114,127.76224551357647,Animal & Animal Products,1,US Dollars,Unit,4275.74084278739,230564.18380915612,242962
port1188,Shanghai,China,CHN,31.19179536,121.6441968,Korea,KOR,36.402386712544114,127.76224551357647,Chemical & Allied Industries,6,US Dollars,Unit,3861029.371763698,3451894.2876527165,242963
port1188,Shanghai,China,CHN,31.19179536,121.6441968,Korea,KOR,36.402386712544114,127.76224551357647,Machinery & Electrical Equipment,16+18,US Dollars,Unit,5289889.366397925,1539615.3645759446,242964
port1188,Shanghai,China,CHN,31.19179536,121.6441968,Korea,KOR,36.402386712544114,127.76224551357647,Metals,15,US Dollars,Unit,1707960.5043945818,5066631.182553356,242965
port1188,Shanghai,China,CHN,31.19179536,121.6441968,Korea,KOR,36.402386712544114,127.76224551357647,Mineral Products,5,US Dollars,Unit,583823.7346111604,554942.3986819471,242966
port1188,Shanghai,China,CHN,31.19179536,121.6441968,Korea,KOR,36.402386712544114,127.76224551357647,Miscellaneous,19+20+21,US Dollars,Unit,20139.59947899367,805254.2451403105,242967
port1188,Shanghai,China,CHN,31.19179536,121.6441968,Korea,KOR,36.402386712544114,127.76224551357647,"Plastics, Rubber, Leather",7+8,US Dollars,Unit,2611090.480032876,1200997.753576292,242968
port1188,Shanghai,China,CHN,31.19179536,121.6441968,Korea,KOR,36.402386712544114,127.76224551357647,Prepared Foodstuffs & Beverages,3+4,US Dollars,Unit,9771.615178376498,115874.91758190273,242969
port1188,Shanghai,China,CHN,31.19179536,121.6441968,Korea,KOR,36.402386712544114,127.76224551357647,Stone & Glass,13+14,US Dollars,Unit,190027.26635355945,546815.7490869579,242970
port1188,Shanghai,China,CHN,31.19179536,121.6441968,Korea,KOR,36.402386712544114,127.76224551357647,Textiles & Footwear,11+12,US Dollars,Unit,65991.39317228811,1621599.4113917658,242971
port1188,Shanghai,China,CHN,31.19179536,121.6441968,Korea,KOR,36.402386712544114,127.76224551357647,Total,,US Dollars,Unit,14509076.28233002,15560956.066545052,242972
port1188,Shanghai,China,CHN,31.19179536,121.6441968,Korea,KOR,36.402386712544114,127.76224551357647,Vegetable Products,2,US Dollars,Unit,4783.851513334839,182738.8367316671,242973
port1188,Shanghai,China,CHN,31.19179536,121.6441968,Korea,KOR,36.402386712544114,127.76224551357647,Vehicles & Equipment,17,US Dollars,Unit,62110.134790067015,25612.22491932669,242974
port1188,Shanghai,China,CHN,31.19179536,121.6441968,Korea,KOR,36.402386712544114,127.76224551357647,Wood & Wood Products,9+10,US Dollars,Unit,98183.22380037156,218415.51084371062,242975
port1188,Shanghai,China,CHN,31.19179536,121.6441968,Saudi Arabia,SAU,24.136038144757897,44.6009581782256,Miscellaneous,19+20+21,US Dollars,Unit,0.8640510342854104,1438985.5175555511,243217
port1188,Shanghai,China,CHN,31.19179536,121.6441968,Saudi Arabia,SAU,24.136038144757897,44.6009581782256,"Plastics, Rubber, Leather",7+8,US Dollars,Unit,2786200.188090635,1073844.0263676874,243224
port1188,Shanghai,China,CHN,31.19179536,121.6441968,Saudi Arabia,SAU,24.136038144757897,44.6009581782256,Prepared Foodstuffs & Beverages,3+4,US Dollars,Unit,408.7655904823983,11032.08857261623,243287
port1188,Shanghai,China,CHN,31.19179536,121.6441968,Saudi Arabia,SAU,24.136038144757897,44.6009581782256,Stone & Glass,13+14,US Dollars,Unit,142.28932144828678,395486.6994218698,243292
port1188,Shanghai,China,CHN,31.19179536,121.6441968,Saudi Arabia,SAU,24.136038144757897,44.6009581782256,Textiles & Footwear,11+12,US Dollars,Unit,1347.1612302177382,2159996.1700298414,243298
port1188,Shanghai,China,CHN,31.19179536,121.6441968,Saudi Arabia,SAU,24.136038144757897,44.6009581782256,Total,,US Dollars,Unit,76074485.90994209,20731917.231345356,243304
port1188,Shanghai,China,CHN,31.19179536,121.6441968,Saudi Arabia,SAU,24.136038144757897,44.6009581782256,Vegetable Products,2,US Dollars,Unit,191.122702549711,32423.672449872884,243311
port1188,Shanghai,China,CHN,31.19179536,121.6441968,Saudi Arabia,SAU,24.136038144757897,44.6009581782256,Vehicles & Equipment,17,US Dollars,Unit,0.008789345744864544,4907112.939051356,243318
port1188,Shanghai,China,CHN,31.19179536,121.6441968,Saudi Arabia,SAU,24.136038144757897,44.6009581782256,Wood & Wood Products,9+10,US Dollars,Unit,12.069618095012492,668404.4925650159,243325
port1188,Shanghai,China,CHN,31.19179536,121.6441968,Singapore,SGP,1.352825189000635,103.81025757634052,Animal & Animal Products,1,US Dollars,Unit,5851.292434127658,4944.346496909597,243425
port1188,Shanghai,China,CHN,31.19179536,121.6441968,Singapore,SGP,1.352825189000635,103.81025757634052,Chemical & Allied Industries,6,US Dollars,Unit,1469824.8289123669,2001874.2876796057,243426
port1188,Shanghai,China,CHN,31.19179536,121.6441968,Singapore,SGP,1.352825189000635,103.81025757634052,Machinery & Electrical Equipment,16+18,US Dollars,Unit,56959187.9707196,99677.15422134072,243427
port1188,Shanghai,China,CHN,31.19179536,121.6441968,Singapore,SGP,1.352825189000635,103.81025757634052,Metals,15,US Dollars,Unit,59864.32214722289,554522.7905865409,243428
port1188,Shanghai,China,CHN,31.19179536,121.6441968,Singapore,SGP,1.352825189000635,103.81025757634052,Mineral Products,5,US Dollars,Unit,290683.70438096754,154634.08330961192,243429
port1188,Shanghai,China,CHN,31.19179536,121.6441968,Singapore,SGP,1.352825189000635,103.81025757634052,Miscellaneous,19+20+21,US Dollars,Unit,27530.509448286688,537026.2472815064,243430
port1188,Shanghai,China,CHN,31.19179536,121.6441968,Singapore,SGP,1.352825189000635,103.81025757634052,"Plastics, Rubber, Leather",7+8,US Dollars,Unit,1371958.1907492594,514118.3599268056,243431
port1188,Shanghai,China,CHN,31.19179536,121.6441968,Singapore,SGP,1.352825189000635,103.81025757634052,Prepared Foodstuffs & Beverages,3+4,US Dollars,Unit,104834.84511039006,178579.65303373736,243432
port1188,Shanghai,China,CHN,31.19179536,121.6441968,Singapore,SGP,1.352825189000635,103.81025757634052,Stone & Glass,13+14,US Dollars,Unit,6631.937784589652,178254.4886078546,243433
port1188,Shanghai,China,CHN,31.19179536,121.6441968,Singapore,SGP,1.352825189000635,103.81025757634052,Textiles & Footwear,11+12,US Dollars,Unit,18492.579722849987,49446.63591334579,243434
port1188,Shanghai,China,CHN,31.19179536,121.6441968,Singapore,SGP,1.352825189000635,103.81025757634052,Total,,US Dollars,Unit,60361528.6284897,4446273.700304694,243435
port1188,Shanghai,China,CHN,31.19179536,121.6441968,Singapore,SGP,1.352825189000635,103.81025757634052,Vegetable Products,2,US Dollars,Unit,2721.886067825304,976.3487382903747,243436
port1188,Shanghai,China,CHN,31.19179536,121.6441968,Singapore,SGP,1.352825189000635,103.81025757634052,Vehicles & Equipment,17,US Dollars,Unit,43919.54111239064,10827.689891358474,243437
port1188,Shanghai,China,CHN,31.19179536,121.6441968,Russian Federation,RUS,59.039434214106194,98.6704990698032,Animal & Animal Products,1,US Dollars,Unit,147344.2758037211,2665962.54112449,243451
port1188,Shanghai,China,CHN,31.19179536,121.6441968,Russian Federation,RUS,59.039434214106194,98.6704990698032,Chemical & Allied Industries,6,US Dollars,Unit,8640421.265603201,889901.8008571625,243456
port1188,Shanghai,China,CHN,31.19179536,121.6441968,Russian Federation,RUS,59.039434214106194,98.6704990698032,Machinery & Electrical Equipment,16+18,US Dollars,Unit,197480.8549236558,3031243.221376378,243461
port1188,Shanghai,China,CHN,31.19179536,121.6441968,Russian Federation,RUS,59.039434214106194,98.6704990698032,Metals,15,US Dollars,Unit,15754044.063567854,660314.0659596444,243466
port1188,Shanghai,China,CHN,31.19179536,121.6441968,Russian Federation,RUS,59.039434214106194,98.6704990698032,Mineral Products,5,US Dollars,Unit,41164400.546369016,79568.70930584923,243501
port1188,Shanghai,China,CHN,31.19179536,121.6441968,Russian Federation,RUS,59.039434214106194,98.6704990698032,Miscellaneous,19+20+21,US Dollars,Unit,200741.64931993734,415847.8916424908,243508
port1188,Shanghai,China,CHN,31.19179536,121.6441968,Russian Federation,RUS,59.039434214106194,98.6704990698032,"Plastics, Rubber, Leather",7+8,US Dollars,Unit,663400.0296844454,577993.8356881808,243512
port1188,Shanghai,China,CHN,31.19179536,121.6441968,Russian Federation,RUS,59.039434214106194,98.6704990698032,Prepared Foodstuffs & Beverages,3+4,US Dollars,Unit,28470.72712528148,616970.0361354796,243516
port1188,Shanghai,China,CHN,31.19179536,121.6441968,Russian Federation,RUS,59.039434214106194,98.6704990698032,Stone & Glass,13+14,US Dollars,Unit,1951951.3154441253,95120.17239892721,243520
port1188,Shanghai,China,CHN,31.19179536,121.6441968,Russian Federation,RUS,59.039434214106194,98.6704990698032,Textiles & Footwear,11+12,US Dollars,Unit,58760.55993254967,646739.4850301953,243524
port1188,Shanghai,China,CHN,31.19179536,121.6441968,Russian Federation,RUS,59.039434214106194,98.6704990698032,Total,,US Dollars,Unit,80295232.16716012,15840523.420954937,243528
port1188,Shanghai,China,CHN,31.19179536,121.6441968,Russian Federation,RUS,59.039434214106194,98.6704990698032,Vegetable Products,2,US Dollars,Unit,523253.2160403167,1020666.577534013,243532
port1188,Shanghai,China,CHN,31.19179536,121.6441968,Russian Federation,RUS,59.039434214106194,98.6704990698032,Vehicles & Equipment,17,US Dollars,Unit,167251.97233270385,4950304.176352046,243536
port1188,Shanghai,China,CHN,31.19179536,121.6441968,Russian Federation,RUS,59.039434214106194,98.6704990698032,Wood & Wood Products,9+10,US Dollars,Unit,10797711.691013318,189890.90755007797,243539
port1188,Shanghai,China,CHN,31.19179536,121.6441968,Saudi Arabia,SAU,24.136038144757897,44.6009581782256,Animal & Animal Products,1,US Dollars,Unit,5135.276921483068,6686.087869961096,243584
port1188,Shanghai,China,CHN,31.19179536,121.6441968,Saudi Arabia,SAU,24.136038144757897,44.6009581782256,Chemical & Allied Industries,6,US Dollars,Unit,3097996.6752465814,454499.078994297,243587
port1188,Shanghai,China,CHN,31.19179536,121.6441968,Saudi Arabia,SAU,24.136038144757897,44.6009581782256,Machinery & Electrical Equipment,16+18,US Dollars,Unit,21.24309479749315,2028046.9581760133,243590
port1188,Shanghai,China,CHN,31.19179536,121.6441968,Saudi Arabia,SAU,24.136038144757897,44.6009581782256,Metals,15,US Dollars,Unit,17300.988552741466,7496185.892427927,243593
port1188,Shanghai,China,CHN,31.19179536,121.6441968,Saudi Arabia,SAU,24.136038144757897,44.6009581782256,Mineral Products,5,US Dollars,Unit,70165729.25673267,59213.60786334932,243596
port1188,Shanghai,China,CHN,31.19179536,121.6441968,Singapore,SGP,1.352825189000635,103.81025757634052,Wood & Wood Products,9+10,US Dollars,Unit,27.019899836694783,161391.61461778608,243632
port1188,Shanghai,China,CHN,31.19179536,121.6441968,Taiwan Province of China,TWN,23.725268,120.936523,Animal & Animal Products,1,US Dollars,Unit,17774.38873337677,259050.17906375523,243633
port1188,Shanghai,China,CHN,31.19179536,121.6441968,Taiwan Province of China,TWN,23.725268,120.936523,Chemical & Allied Industries,6,US Dollars,Unit,7061406.002700529,280500.3540007594,243642
port1188,Shanghai,China,CHN,31.19179536,121.6441968,Taiwan Province of China,TWN,23.725268,120.936523,Machinery & Electrical Equipment,16+18,US Dollars,Unit,1159630.7803380338,11826909.876814393,243650
port1188,Shanghai,China,CHN,31.19179536,121.6441968,Taiwan Province of China,TWN,23.725268,120.936523,Metals,15,US Dollars,Unit,688905.6107555218,10628090.916335253,243658
port1188,Shanghai,China,CHN,31.19179536,121.6441968,Taiwan Province of China,TWN,23.725268,120.936523,Mineral Products,5,US Dollars,Unit,362654.57520614174,1096082.585238315,243666
port1188,Shanghai,China,CHN,31.19179536,121.6441968,Taiwan Province of China,TWN,23.725268,120.936523,Miscellaneous,19+20+21,US Dollars,Unit,114702.64206244757,1425251.8923361697,243719
port1188,Shanghai,China,CHN,31.19179536,121.6441968,Taiwan Province of China,TWN,23.725268,120.936523,"Plastics, Rubber, Leather",7+8,US Dollars,Unit,6482043.637929086,527127.8026637865,243727
port1188,Shanghai,China,CHN,31.19179536,121.6441968,Taiwan Province of China,TWN,23.725268,120.936523,Prepared Foodstuffs & Beverages,3+4,US Dollars,Unit,33100.357027191116,307656.3944553092,243733
port1188,Shanghai,China,CHN,31.19179536,121.6441968,Taiwan Province of China,TWN,23.725268,120.936523,Stone & Glass,13+14,US Dollars,Unit,858860.8775533868,154219.39014328262,243740
port1188,Shanghai,China,CHN,31.19179536,121.6441968,Taiwan Province of China,TWN,23.725268,120.936523,Textiles & Footwear,11+12,US Dollars,Unit,313518.43338115275,1907286.0352023141,243789
port1188,Shanghai,China,CHN,31.19179536,121.6441968,Taiwan Province of China,TWN,23.725268,120.936523,Total,,US Dollars,Unit,18499559.276792247,29593645.708979677,243790
port1188,Shanghai,China,CHN,31.19179536,121.6441968,Taiwan Province of China,TWN,23.725268,120.936523,Vegetable Products,2,US Dollars,Unit,3768.522004824503,182120.17067361355,243793
port1188,Shanghai,China,CHN,31.19179536,121.6441968,Taiwan Province of China,TWN,23.725268,120.936523,Vehicles & Equipment,17,US Dollars,Unit,1028195.4015187338,55894.30354933542,243799
port1188,Shanghai,China,CHN,31.19179536,121.6441968,Taiwan Province of China,TWN,23.725268,120.936523,Wood & Wood Products,9+10,US Dollars,Unit,374998.04758182255,943455.8085033925,243805
port1188,Shanghai,China,CHN,31.19179536,121.6441968,United States,USA,38.8208089190304,-96.3316166082964,Animal & Animal Products,1,US Dollars,Unit,1060913.6912340103,5866876.275783641,243922
port1188,Shanghai,China,CHN,31.19179536,121.6441968,United States,USA,38.8208089190304,-96.3316166082964,Chemical & Allied Industries,6,US Dollars,Unit,10313077.763259968,31439229.26161126,243923
port1188,Shanghai,China,CHN,31.19179536,121.6441968,United States,USA,38.8208089190304,-96.3316166082964,Machinery & Electrical Equipment,16+18,US Dollars,Unit,12479893.006206324,568511006.8853683,243924
port1188,Shanghai,China,CHN,31.19179536,121.6441968,United States,USA,38.8208089190304,-96.3316166082964,Metals,15,US Dollars,Unit,3799943.269881515,61805755.35530702,243925
port1188,Shanghai,China,CHN,31.19179536,121.6441968,United States,USA,38.8208089190304,-96.3316166082964,Mineral Products,5,US Dollars,Unit,6670448.761369294,1612010.791784133,243926
port1188,Shanghai,China,CHN,31.19179536,121.6441968,United States,USA,38.8208089190304,-96.3316166082964,Miscellaneous,19+20+21,US Dollars,Unit,302338.8090898249,115512622.1327113,243927
port1188,Shanghai,China,CHN,31.19179536,121.6441968,United States,USA,38.8208089190304,-96.3316166082964,"Plastics, Rubber, Leather",7+8,US Dollars,Unit,4519772.37717291,11853095.523046492,244053
port1188,Shanghai,China,CHN,31.19179536,121.6441968,United States,USA,38.8208089190304,-96.3316166082964,Prepared Foodstuffs & Beverages,3+4,US Dollars,Unit,812641.4699866282,4277074.51442986,244069
port1188,Shanghai,China,CHN,31.19179536,121.6441968,United States,USA,38.8208089190304,-96.3316166082964,Stone & Glass,13+14,US Dollars,Unit,982382.6134422352,6780488.514387997,244076
port1188,Shanghai,China,CHN,31.19179536,121.6441968,United States,USA,38.8208089190304,-96.3316166082964,Textiles & Footwear,11+12,US Dollars,Unit,1389121.216506888,25825787.77991214,244083
port1188,Shanghai,China,CHN,31.19179536,121.6441968,United States,USA,38.8208089190304,-96.3316166082964,Total,,US Dollars,Unit,71366908.65283355,915258992.8336684,244090
port1188,Shanghai,China,CHN,31.19179536,121.6441968,United States,USA,38.8208089190304,-96.3316166082964,Vegetable Products,2,US Dollars,Unit,10964071.701898336,4441092.225717258,244142
port1188,Shanghai,China,CHN,31.19179536,121.6441968,United States,USA,38.8208089190304,-96.3316166082964,Vehicles & Equipment,17,US Dollars,Unit,11668526.75219827,72274700.80005567,244147
port1188,Shanghai,China,CHN,31.19179536,121.6441968,United States,USA,38.8208089190304,-96.3316166082964,Wood & Wood Products,9+10,US Dollars,Unit,6403777.220587361,5059252.773553274,244152
port1201,Singapore,Singapore,SGP,1.271989257,103.7074816,Brazil,BRA,-11.524630416426652,-54.35520660825642,Animal & Animal Products,1,US Dollars,Unit,8755642.102480873,478103.8608353164,263628
port1201,Singapore,Singapore,SGP,1.271989257,103.7074816,Brazil,BRA,-11.524630416426652,-54.35520660825642,Chemical & Allied Industries,6,US Dollars,Unit,1631239.8667375213,38984626.54606616,263629
port1201,Singapore,Singapore,SGP,1.271989257,103.7074816,Brazil,BRA,-11.524630416426652,-54.35520660825642,Machinery & Electrical Equipment,16+18,US Dollars,Unit,1749489.5624227508,10747540.884652657,263630
port1201,Singapore,Singapore,SGP,1.271989257,103.7074816,Brazil,BRA,-11.524630416426652,-54.35520660825642,Metals,15,US Dollars,Unit,2738998.9461155683,7200577.61898552,263631
port1201,Singapore,Singapore,SGP,1.271989257,103.7074816,Brazil,BRA,-11.524630416426652,-54.35520660825642,Mineral Products,5,US Dollars,Unit,39497140.97490529,5612328.906777348,263632
port1201,Singapore,Singapore,SGP,1.271989257,103.7074816,Brazil,BRA,-11.524630416426652,-54.35520660825642,Miscellaneous,19+20+21,US Dollars,Unit,86274.84531493207,3401540.0852578823,263633
port1201,Singapore,Singapore,SGP,1.271989257,103.7074816,Brazil,BRA,-11.524630416426652,-54.35520660825642,"Plastics, Rubber, Leather",7+8,US Dollars,Unit,652380.5914732077,11608239.888212452,263634
port1201,Singapore,Singapore,SGP,1.271989257,103.7074816,Brazil,BRA,-11.524630416426652,-54.35520660825642,Prepared Foodstuffs & Beverages,3+4,US Dollars,Unit,16588221.827861266,1566292.0882266143,263635
port1201,Singapore,Singapore,SGP,1.271989257,103.7074816,Brazil,BRA,-11.524630416426652,-54.35520660825642,Stone & Glass,13+14,US Dollars,Unit,430453.3485044616,1419038.837808396,263636
port1201,Singapore,Singapore,SGP,1.271989257,103.7074816,Brazil,BRA,-11.524630416426652,-54.35520660825642,Textiles & Footwear,11+12,US Dollars,Unit,3319129.8086542534,11526776.24499038,263637
port1201,Singapore,Singapore,SGP,1.271989257,103.7074816,Brazil,BRA,-11.524630416426652,-54.35520660825642,Total,,US Dollars,Unit,128601937.2420346,95634496.00072607,263638
port1201,Singapore,Singapore,SGP,1.271989257,103.7074816,Brazil,BRA,-11.524630416426652,-54.35520660825642,Vegetable Products,2,US Dollars,Unit,48539739.39322633,299562.96134352474,263639
port1201,Singapore,Singapore,SGP,1.271989257,103.7074816,Brazil,BRA,-11.524630416426652,-54.35520660825642,Vehicles & Equipment,17,US Dollars,Unit,112663.17728662668,2663508.1708952896,263642
port1201,Singapore,Singapore,SGP,1.271989257,103.7074816,Brazil,BRA,-11.524630416426652,-54.35520660825642,Wood & Wood Products,9+10,US Dollars,Unit,4500562.797051527,126359.90667452877,263643
port1201,Singapore,Singapore,SGP,1.271989257,103.7074816,Germany,DEU,51.08304539800482,10.426171427430804,Animal & Animal Products,1,US Dollars,Unit,1246942.0636603753,287574.70503816014,263909
port1201,Singapore,Singapore,SGP,1.271989257,103.7074816,China,CHN,38.07325481105728,104.69113855849604,Animal & Animal Products,1,US Dollars,Unit,2108637.1405328563,10454723.825671049,263914
port1201,Singapore,Singapore,SGP,1.271989257,103.7074816,Germany,DEU,51.08304539800482,10.426171427430804,Chemical & Allied Industries,6,US Dollars,Unit,20687947.151680768,17316309.1443723,263920
port1201,Singapore,Singapore,SGP,1.271989257,103.7074816,China,CHN,38.07325481105728,104.69113855849604,Chemical & Allied Industries,6,US Dollars,Unit,83199804.3461883,26684662.921759862,263921
port1201,Singapore,Singapore,SGP,1.271989257,103.7074816,Germany,DEU,51.08304539800482,10.426171427430804,Machinery & Electrical Equipment,16+18,US Dollars,Unit,29882213.42072012,34075567.89136118,263925
port1201,Singapore,Singapore,SGP,1.271989257,103.7074816,China,CHN,38.07325481105728,104.69113855849604,Machinery & Electrical Equipment,16+18,US Dollars,Unit,297740490.410879,32421027.318768796,263926
port1201,Singapore,Singapore,SGP,1.271989257,103.7074816,Germany,DEU,51.08304539800482,10.426171427430804,Metals,15,US Dollars,Unit,5703618.536099145,7874259.495764876,263930
port1201,Singapore,Singapore,SGP,1.271989257,103.7074816,China,CHN,38.07325481105728,104.69113855849604,Metals,15,US Dollars,Unit,136340448.6677555,29840850.79683829,263931
port1201,Singapore,Singapore,SGP,1.271989257,103.7074816,Germany,DEU,51.08304539800482,10.426171427430804,Mineral Products,5,US Dollars,Unit,185347.8413083853,5530445.248604522,263935
port1201,Singapore,Singapore,SGP,1.271989257,103.7074816,China,CHN,38.07325481105728,104.69113855849604,Mineral Products,5,US Dollars,Unit,6148448.566396734,444731806.78624636,263936
port1201,Singapore,Singapore,SGP,1.271989257,103.7074816,Germany,DEU,51.08304539800482,10.426171427430804,Miscellaneous,19+20+21,US Dollars,Unit,982873.0874951603,2372445.643069879,263940
port1201,Singapore,Singapore,SGP,1.271989257,103.7074816,China,CHN,38.07325481105728,104.69113855849604,Miscellaneous,19+20+21,US Dollars,Unit,69561749.11295642,314194.58645735594,263941
port1201,Singapore,Singapore,SGP,1.271989257,103.7074816,Germany,DEU,51.08304539800482,10.426171427430804,"Plastics, Rubber, Leather",7+8,US Dollars,Unit,5284899.902232869,7220803.085409096,263944
port1201,Singapore,Singapore,SGP,1.271989257,103.7074816,China,CHN,38.07325481105728,104.69113855849604,"Plastics, Rubber, Leather",7+8,US Dollars,Unit,50280935.55608199,20414180.951631304,263945
port1201,Singapore,Singapore,SGP,1.271989257,103.7074816,China,CHN,38.07325481105728,104.69113855849604,Prepared Foodstuffs & Beverages,3+4,US Dollars,Unit,7755577.047666362,10673285.873986067,263948
port1201,Singapore,Singapore,SGP,1.271989257,103.7074816,Germany,DEU,51.08304539800482,10.426171427430804,Prepared Foodstuffs & Beverages,3+4,US Dollars,Unit,1888740.7750423832,2953015.4547224725,263949
port1201,Singapore,Singapore,SGP,1.271989257,103.7074816,China,CHN,38.07325481105728,104.69113855849604,Stone & Glass,13+14,US Dollars,Unit,15045505.88928264,10980831.281712603,263952
port1201,Singapore,Singapore,SGP,1.271989257,103.7074816,Germany,DEU,51.08304539800482,10.426171427430804,Stone & Glass,13+14,US Dollars,Unit,1542697.8234557863,1577539.7408463177,263954
port1201,Singapore,Singapore,SGP,1.271989257,103.7074816,China,CHN,38.07325481105728,104.69113855849604,Textiles & Footwear,11+12,US Dollars,Unit,86799840.00664012,3593206.2026623436,263957
port1201,Singapore,Singapore,SGP,1.271989257,103.7074816,Germany,DEU,51.08304539800482,10.426171427430804,Textiles & Footwear,11+12,US Dollars,Unit,518082.36428861186,6747714.587160748,263959
port1201,Singapore,Singapore,SGP,1.271989257,103.7074816,China,CHN,38.07325481105728,104.69113855849604,Total,,US Dollars,Unit,815468752.9935356,705823010.7897896,263962
port1201,Singapore,Singapore,SGP,1.271989257,103.7074816,Germany,DEU,51.08304539800482,10.426171427430804,Total,,US Dollars,Unit,120181179.53377566,97477810.47056513,263964
port1201,Singapore,Singapore,SGP,1.271989257,103.7074816,China,CHN,38.07325481105728,104.69113855849604,Vegetable Products,2,US Dollars,Unit,6009009.633395831,49488131.41367891,263967
port1201,Singapore,Singapore,SGP,1.271989257,103.7074816,Germany,DEU,51.08304539800482,10.426171427430804,Vegetable Products,2,US Dollars,Unit,713523.7688923507,5852155.3991874065,263969
port1201,Singapore,Singapore,SGP,1.271989257,103.7074816,China,CHN,38.07325481105728,104.69113855849604,Vehicles & Equipment,17,US Dollars,Unit,36436983.85733745,43719644.92795091,263972
port1201,Singapore,Singapore,SGP,1.271989257,103.7074816,China,CHN,38.07325481105728,104.69113855849604,Wood & Wood Products,9+10,US Dollars,Unit,18041322.758422393,22506463.90242583,263976
port1201,Singapore,Singapore,SGP,1.271989257,103.7074816,Germany,DEU,51.08304539800482,10.426171427430804,Vehicles & Equipment,17,US Dollars,Unit,48217336.821700476,4461644.034854426,263978
port1201,Singapore,Singapore,SGP,1.271989257,103.7074816,Germany,DEU,51.08304539800482,10.426171427430804,Wood & Wood Products,9+10,US Dollars,Unit,3326955.9771992397,1208336.040173746,263982
port1201,Singapore,Singapore,SGP,1.271989257,103.7074816,Indonesia,IDN,0.155919799590376,113.96538246847302,Chemical & Allied Industries,6,US Dollars,Unit,20819573.795379467,26839937.75337937,264411
port1201,Singapore,Singapore,SGP,1.271989257,103.7074816,Japan,JPN,36.76738832597829,137.46934234351835,Vegetable Products,2,US Dollars,Unit,309383.3312994244,4230799.5392432595,264413
port1201,Singapore,Singapore,SGP,1.271989257,103.7074816,Indonesia,IDN,0.155919799590376,113.96538246847302,Machinery & Electrical Equipment,16+18,US Dollars,Unit,23682092.830203738,19434206.84180332,264420
port1201,Singapore,Singapore,SGP,1.271989257,103.7074816,Japan,JPN,36.76738832597829,137.46934234351835,Vehicles & Equipment,17,US Dollars,Unit,36252984.58722644,6891726.782630073,264423
port1201,Singapore,Singapore,SGP,1.271989257,103.7074816,Indonesia,IDN,0.155919799590376,113.96538246847302,Metals,15,US Dollars,Unit,21634629.736978088,24262803.20865176,264428
port1201,Singapore,Singapore,SGP,1.271989257,103.7074816,Japan,JPN,36.76738832597829,137.46934234351835,Wood & Wood Products,9+10,US Dollars,Unit,2123110.1606638595,2508409.871172439,264430
port1201,Singapore,Singapore,SGP,1.271989257,103.7074816,Indonesia,IDN,0.155919799590376,113.96538246847302,Mineral Products,5,US Dollars,Unit,75706790.52056877,40554407.64765729,264436
port1201,Singapore,Singapore,SGP,1.271989257,103.7074816,Indonesia,IDN,0.155919799590376,113.96538246847302,Miscellaneous,19+20+21,US Dollars,Unit,4464373.656818454,2139693.749458353,264444
port1201,Singapore,Singapore,SGP,1.271989257,103.7074816,Indonesia,IDN,0.155919799590376,113.96538246847302,"Plastics, Rubber, Leather",7+8,US Dollars,Unit,13752469.358089326,14288447.389360473,264497
port1201,Singapore,Singapore,SGP,1.271989257,103.7074816,Indonesia,IDN,0.155919799590376,113.96538246847302,Prepared Foodstuffs & Beverages,3+4,US Dollars,Unit,43873527.1138254,10202845.910973072,264504
port1201,Singapore,Singapore,SGP,1.271989257,103.7074816,Indonesia,IDN,0.155919799590376,113.96538246847302,Stone & Glass,13+14,US Dollars,Unit,1911034.3418270696,1955280.1235376159,264509
port1201,Singapore,Singapore,SGP,1.271989257,103.7074816,Indonesia,IDN,0.155919799590376,113.96538246847302,Textiles & Footwear,11+12,US Dollars,Unit,14572107.794449074,7967833.290186286,264516
port1201,Singapore,Singapore,SGP,1.271989257,103.7074816,Indonesia,IDN,0.155919799590376,113.96538246847302,Animal & Animal Products,1,US Dollars,Unit,5150152.377591231,3909175.108086328,264560
port1201,Singapore,Singapore,SGP,1.271989257,103.7074816,Indonesia,IDN,0.155919799590376,113.96538246847302,Total,,US Dollars,Unit,251949278.05378565,171897933.25960627,264562
port1201,Singapore,Singapore,SGP,1.271989257,103.7074816,Indonesia,IDN,0.155919799590376,113.96538246847302,Vegetable Products,2,US Dollars,Unit,6437533.606868543,10016810.150047392,264567
port1201,Singapore,Singapore,SGP,1.271989257,103.7074816,Indonesia,IDN,0.155919799590376,113.96538246847302,Vehicles & Equipment,17,US Dollars,Unit,6186724.894741578,5276578.054005219,264571
port1201,Singapore,Singapore,SGP,1.271989257,103.7074816,Indonesia,IDN,0.155919799590376,113.96538246847302,Wood & Wood Products,9+10,US Dollars,Unit,13758268.026444929,5049914.0324598085,264577
port1201,Singapore,Singapore,SGP,1.271989257,103.7074816,India,IND,23.58630056774672,81.17300408530181,Animal & Animal Products,1,US Dollars,Unit,3670666.6964196027,51836.24846996737,264583
port1201,Singapore,Singapore,SGP,1.271989257,103.7074816,India,IND,23.58630056774672,81.17300408530181,Chemical & Allied Industries,6,US Dollars,Unit,22697696.225854468,39977865.27639425,264588
port1201,Singapore,Singapore,SGP,1.271989257,103.7074816,India,IND,23.58630056774672,81.17300408530181,Machinery & Electrical Equipment,16+18,US Dollars,Unit,14236614.713795071,39080124.72323987,264595
port1201,Singapore,Singapore,SGP,1.271989257,103.7074816,India,IND,23.58630056774672,81.17300408530181,Metals,15,US Dollars,Unit,19865016.01179507,13658231.013956256,264601
port1201,Singapore,Singapore,SGP,1.271989257,103.7074816,India,IND,23.58630056774672,81.17300408530181,Mineral Products,5,US Dollars,Unit,4750684.311072556,163525554.0280271,264607
port1201,Singapore,Singapore,SGP,1.271989257,103.7074816,India,IND,23.58630056774672,81.17300408530181,Miscellaneous,19+20+21,US Dollars,Unit,922146.260485229,4205753.3690345315,264613
port1201,Singapore,Singapore,SGP,1.271989257,103.7074816,India,IND,23.58630056774672,81.17300408530181,"Plastics, Rubber, Leather",7+8,US Dollars,Unit,5772858.625210986,16696409.39294807,264620
port1201,Singapore,Singapore,SGP,1.271989257,103.7074816,India,IND,23.58630056774672,81.17300408530181,Prepared Foodstuffs & Beverages,3+4,US Dollars,Unit,5106316.05562353,13945203.386406511,264624
port1201,Singapore,Singapore,SGP,1.271989257,103.7074816,India,IND,23.58630056774672,81.17300408530181,Stone & Glass,13+14,US Dollars,Unit,2532488.3299662457,5105466.536198584,264629
port1201,Singapore,Singapore,SGP,1.271989257,103.7074816,India,IND,23.58630056774672,81.17300408530181,Textiles & Footwear,11+12,US Dollars,Unit,14111138.956073014,7615788.784703638,264635
port1201,Singapore,Singapore,SGP,1.271989257,103.7074816,India,IND,23.58630056774672,81.17300408530181,Total,,US Dollars,Unit,115412788.77121331,316683663.83786947,264641
port1201,Singapore,Singapore,SGP,1.271989257,103.7074816,India,IND,23.58630056774672,81.17300408530181,Vegetable Products,2,US Dollars,Unit,14446653.562144937,4291963.314052881,264647
port1201,Singapore,Singapore,SGP,1.271989257,103.7074816,Korea,KOR,36.402386712544114,127.76224551357647,Animal & Animal Products,1,US Dollars,Unit,484657.13085738115,2024370.3000150605,264649
port1201,Singapore,Singapore,SGP,1.271989257,103.7074816,India,IND,23.58630056774672,81.17300408530181,Vehicles & Equipment,17,US Dollars,Unit,5434101.389508101,2666397.354173593,264652
port1201,Singapore,Singapore,SGP,1.271989257,103.7074816,Korea,KOR,36.402386712544114,127.76224551357647,Chemical & Allied Industries,6,US Dollars,Unit,21286154.199426286,10744450.35864939,264654
port1201,Singapore,Singapore,SGP,1.271989257,103.7074816,India,IND,23.58630056774672,81.17300408530181,Wood & Wood Products,9+10,US Dollars,Unit,1866407.633264509,5863070.410264277,264656
port1201,Singapore,Singapore,SGP,1.271989257,103.7074816,Korea,KOR,36.402386712544114,127.76224551357647,Machinery & Electrical Equipment,16+18,US Dollars,Unit,41661271.904445305,19982828.140144564,264657
port1201,Singapore,Singapore,SGP,1.271989257,103.7074816,Korea,KOR,36.402386712544114,127.76224551357647,Metals,15,US Dollars,Unit,18252529.76156063,9901250.9261769,264663
port1201,Singapore,Singapore,SGP,1.271989257,103.7074816,Korea,KOR,36.402386712544114,127.76224551357647,Mineral Products,5,US Dollars,Unit,2001679.7958590328,53535385.199041486,264669
port1201,Singapore,Singapore,SGP,1.271989257,103.7074816,Korea,KOR,36.402386712544114,127.76224551357647,Miscellaneous,19+20+21,US Dollars,Unit,955336.387134416,195535.62730845157,264675
port1201,Singapore,Singapore,SGP,1.271989257,103.7074816,Korea,KOR,36.402386712544114,127.76224551357647,"Plastics, Rubber, Leather",7+8,US Dollars,Unit,21783397.678956643,2584378.3150348156,264681
port1201,Singapore,Singapore,SGP,1.271989257,103.7074816,Korea,KOR,36.402386712544114,127.76224551357647,Prepared Foodstuffs & Beverages,3+4,US Dollars,Unit,1109633.6076591546,4209114.806895543,264704
port1201,Singapore,Singapore,SGP,1.271989257,103.7074816,Korea,KOR,36.402386712544114,127.76224551357647,Stone & Glass,13+14,US Dollars,Unit,1592938.5817930154,1093537.0021452387,264709
port1201,Singapore,Singapore,SGP,1.271989257,103.7074816,Korea,KOR,36.402386712544114,127.76224551357647,Textiles & Footwear,11+12,US Dollars,Unit,3053101.1484218794,766635.3756223458,264713
port1201,Singapore,Singapore,SGP,1.271989257,103.7074816,Korea,KOR,36.402386712544114,127.76224551357647,Total,,US Dollars,Unit,131588658.09720945,119381320.16669525,264719
port1201,Singapore,Singapore,SGP,1.271989257,103.7074816,Korea,KOR,36.402386712544114,127.76224551357647,Vegetable Products,2,US Dollars,Unit,150306.67703519075,6009053.22277024,264724
port1201,Singapore,Singapore,SGP,1.271989257,103.7074816,Korea,KOR,36.402386712544114,127.76224551357647,Vehicles & Equipment,17,US Dollars,Unit,18325054.287914246,6314054.318528323,264729
port1201,Singapore,Singapore,SGP,1.271989257,103.7074816,Korea,KOR,36.402386712544114,127.76224551357647,Wood & Wood Products,9+10,US Dollars,Unit,932596.9361462727,2020726.5743628908,264734
port1201,Singapore,Singapore,SGP,1.271989257,103.7074816,Japan,JPN,36.76738832597829,137.46934234351835,Animal & Animal Products,1,US Dollars,Unit,773386.539298689,3335997.5420785644,264781
port1201,Singapore,Singapore,SGP,1.271989257,103.7074816,Japan,JPN,36.76738832597829,137.46934234351835,Chemical & Allied Industries,6,US Dollars,Unit,35641688.21274718,35309971.66067903,264785
port1201,Singapore,Singapore,SGP,1.271989257,103.7074816,Japan,JPN,36.76738832597829,137.46934234351835,Machinery & Electrical Equipment,16+18,US Dollars,Unit,53126095.486966304,23723627.568729855,264789
port1201,Singapore,Singapore,SGP,1.271989257,103.7074816,Japan,JPN,36.76738832597829,137.46934234351835,Metals,15,US Dollars,Unit,29624672.848413352,14538795.773020383,264792
port1201,Singapore,Singapore,SGP,1.271989257,103.7074816,Japan,JPN,36.76738832597829,137.46934234351835,Mineral Products,5,US Dollars,Unit,4024500.6776813995,72069373.37763992,264794
port1201,Singapore,Singapore,SGP,1.271989257,103.7074816,Japan,JPN,36.76738832597829,137.46934234351835,Miscellaneous,19+20+21,US Dollars,Unit,1734415.0530915372,1735064.7208637204,264795
port1201,Singapore,Singapore,SGP,1.271989257,103.7074816,Japan,JPN,36.76738832597829,137.46934234351835,"Plastics, Rubber, Leather",7+8,US Dollars,Unit,21879116.398626026,11031045.116995156,264796
port1201,Singapore,Singapore,SGP,1.271989257,103.7074816,Japan,JPN,36.76738832597829,137.46934234351835,Prepared Foodstuffs & Beverages,3+4,US Dollars,Unit,1265643.8586821984,6968462.410592144,264797
port1201,Singapore,Singapore,SGP,1.271989257,103.7074816,Japan,JPN,36.76738832597829,137.46934234351835,Stone & Glass,13+14,US Dollars,Unit,5151311.879265204,2843917.6655216166,264798
port1201,Singapore,Singapore,SGP,1.271989257,103.7074816,Japan,JPN,36.76738832597829,137.46934234351835,Textiles & Footwear,11+12,US Dollars,Unit,4076592.3260257533,3725501.429551907,264799
port1201,Singapore,Singapore,SGP,1.271989257,103.7074816,Japan,JPN,36.76738832597829,137.46934234351835,Total,,US Dollars,Unit,195982901.3599874,188912693.45871803,264800
port1201,Singapore,Singapore,SGP,1.271989257,103.7074816,Russian Federation,RUS,59.039434214106194,98.6704990698032,Animal & Animal Products,1,US Dollars,Unit,663135.0781866594,550972.6941687054,265247
port1201,Singapore,Singapore,SGP,1.271989257,103.7074816,Russian Federation,RUS,59.039434214106194,98.6704990698032,Chemical & Allied Industries,6,US Dollars,Unit,15153130.826576557,2473699.8665901395,265259
port1201,Singapore,Singapore,SGP,1.271989257,103.7074816,Russian Federation,RUS,59.039434214106194,98.6704990698032,Machinery & Electrical Equipment,16+18,US Dollars,Unit,251287.88723714344,9153399.704708084,265266
port1201,Singapore,Singapore,SGP,1.271989257,103.7074816,Russian Federation,RUS,59.039434214106194,98.6704990698032,Metals,15,US Dollars,Unit,9941432.979568072,1526956.6339126397,265273
port1201,Singapore,Singapore,SGP,1.271989257,103.7074816,Russian Federation,RUS,59.039434214106194,98.6704990698032,Mineral Products,5,US Dollars,Unit,124150610.33229287,122859.85261099269,265280
port1201,Singapore,Singapore,SGP,1.271989257,103.7074816,Russian Federation,RUS,59.039434214106194,98.6704990698032,Miscellaneous,19+20+21,US Dollars,Unit,60097.49013083859,456382.1791279013,265333
port1201,Singapore,Singapore,SGP,1.271989257,103.7074816,Russian Federation,RUS,59.039434214106194,98.6704990698032,"Plastics, Rubber, Leather",7+8,US Dollars,Unit,1377487.7594636204,2041119.1831540926,265341
port1201,Singapore,Singapore,SGP,1.271989257,103.7074816,Russian Federation,RUS,59.039434214106194,98.6704990698032,Prepared Foodstuffs & Beverages,3+4,US Dollars,Unit,567854.2930877997,2165559.9485966126,265347
port1201,Singapore,Singapore,SGP,1.271989257,103.7074816,Russian Federation,RUS,59.039434214106194,98.6704990698032,Stone & Glass,13+14,US Dollars,Unit,1031991.6724850597,196165.88827441615,265352
port1201,Singapore,Singapore,SGP,1.271989257,103.7074816,Russian Federation,RUS,59.039434214106194,98.6704990698032,Textiles & Footwear,11+12,US Dollars,Unit,19594.208124311,338188.72712586203,265357
port1201,Singapore,Singapore,SGP,1.271989257,103.7074816,Russian Federation,RUS,59.039434214106194,98.6704990698032,Total,,US Dollars,Unit,162178298.40570694,25471241.52270832,265363
port1201,Singapore,Singapore,SGP,1.271989257,103.7074816,Russian Federation,RUS,59.039434214106194,98.6704990698032,Vegetable Products,2,US Dollars,Unit,2272941.040002045,3515366.9299843926,265369
port1201,Singapore,Singapore,SGP,1.271989257,103.7074816,Russian Federation,RUS,59.039434214106194,98.6704990698032,Vehicles & Equipment,17,US Dollars,Unit,56330.5938305994,2652299.8316674465,265375
port1201,Singapore,Singapore,SGP,1.271989257,103.7074816,Russian Federation,RUS,59.039434214106194,98.6704990698032,Wood & Wood Products,9+10,US Dollars,Unit,6632404.2447213745,278270.08278703067,265381
port1201,Singapore,Singapore,SGP,1.271989257,103.7074816,Saudi Arabia,SAU,24.136038144757897,44.6009581782256,Animal & Animal Products,1,US Dollars,Unit,26788.54880091666,488810.27185122296,265396
port1201,Singapore,Singapore,SGP,1.271989257,103.7074816,Saudi Arabia,SAU,24.136038144757897,44.6009581782256,Chemical & Allied Industries,6,US Dollars,Unit,9820401.330290664,2767791.664613076,265397
port1201,Singapore,Singapore,SGP,1.271989257,103.7074816,Saudi Arabia,SAU,24.136038144757897,44.6009581782256,Machinery & Electrical Equipment,16+18,US Dollars,Unit,19253.78541804009,12461474.446112167,265398
port1201,Singapore,Singapore,SGP,1.271989257,103.7074816,Saudi Arabia,SAU,24.136038144757897,44.6009581782256,Metals,15,US Dollars,Unit,1623638.2765609527,4586146.367364787,265399
port1201,Singapore,Singapore,SGP,1.271989257,103.7074816,Saudi Arabia,SAU,24.136038144757897,44.6009581782256,Mineral Products,5,US Dollars,Unit,135702778.76947904,306237.55653935624,265400
port1201,Singapore,Singapore,SGP,1.271989257,103.7074816,Saudi Arabia,SAU,24.136038144757897,44.6009581782256,Miscellaneous,19+20+21,US Dollars,Unit,459.3247589601723,6876180.723699145,265401
port1201,Singapore,Singapore,SGP,1.271989257,103.7074816,Saudi Arabia,SAU,24.136038144757897,44.6009581782256,"Plastics, Rubber, Leather",7+8,US Dollars,Unit,11779613.689972993,4084093.5436730953,265402
port1201,Singapore,Singapore,SGP,1.271989257,103.7074816,Saudi Arabia,SAU,24.136038144757897,44.6009581782256,Prepared Foodstuffs & Beverages,3+4,US Dollars,Unit,24220.929228461624,2558744.523729104,265403
port1201,Singapore,Singapore,SGP,1.271989257,103.7074816,Saudi Arabia,SAU,24.136038144757897,44.6009581782256,Stone & Glass,13+14,US Dollars,Unit,41822.209033475534,1221843.4930090737,265404
port1201,Singapore,Singapore,SGP,1.271989257,103.7074816,Saudi Arabia,SAU,24.136038144757897,44.6009581782256,Textiles & Footwear,11+12,US Dollars,Unit,72482.1415409935,9214522.969021207,265405
port1201,Singapore,Singapore,SGP,1.271989257,103.7074816,Saudi Arabia,SAU,24.136038144757897,44.6009581782256,Total,,US Dollars,Unit,159165693.47853115,58163349.32305887,265406
port1201,Singapore,Singapore,SGP,1.271989257,103.7074816,Saudi Arabia,SAU,24.136038144757897,44.6009581782256,Vegetable Products,2,US Dollars,Unit,38740.351301199276,2856231.876225704,265407
port1201,Singapore,Singapore,SGP,1.271989257,103.7074816,Saudi Arabia,SAU,24.136038144757897,44.6009581782256,Vehicles & Equipment,17,US Dollars,Unit,12534.370369238215,8143024.831598644,265408
port1201,Singapore,Singapore,SGP,1.271989257,103.7074816,Saudi Arabia,SAU,24.136038144757897,44.6009581782256,Wood & Wood Products,9+10,US Dollars,Unit,2959.7517762464686,2598247.0556223015,265409
port1201,Singapore,Singapore,SGP,1.271989257,103.7074816,Singapore,SGP,1.352825189000635,103.81025757634052,Animal & Animal Products,1,US Dollars,Unit,1074922.23880561,8295021.017885415,265462
port1201,Singapore,Singapore,SGP,1.271989257,103.7074816,Singapore,SGP,1.352825189000635,103.81025757634052,Chemical & Allied Industries,6,US Dollars,Unit,71614731.45676947,48943534.57939299,265467
port1201,Singapore,Singapore,SGP,1.271989257,103.7074816,Singapore,SGP,1.352825189000635,103.81025757634052,Machinery & Electrical Equipment,16+18,US Dollars,Unit,144485722.37065655,221354935.21048543,265472
port1201,Singapore,Singapore,SGP,1.271989257,103.7074816,Singapore,SGP,1.352825189000635,103.81025757634052,Metals,15,US Dollars,Unit,9789491.78853365,26927669.228894655,265477
port1201,Singapore,Singapore,SGP,1.271989257,103.7074816,Singapore,SGP,1.352825189000635,103.81025757634052,Mineral Products,5,US Dollars,Unit,17736337.9494846,115220286.70410171,265504
port1201,Singapore,Singapore,SGP,1.271989257,103.7074816,Singapore,SGP,1.352825189000635,103.81025757634052,Miscellaneous,19+20+21,US Dollars,Unit,914463.020381548,7529331.842317877,265508
port1201,Singapore,Singapore,SGP,1.271989257,103.7074816,Singapore,SGP,1.352825189000635,103.81025757634052,"Plastics, Rubber, Leather",7+8,US Dollars,Unit,25154209.519302588,23250529.58603138,265512
port1201,Singapore,Singapore,SGP,1.271989257,103.7074816,Singapore,SGP,1.352825189000635,103.81025757634052,Prepared Foodstuffs & Beverages,3+4,US Dollars,Unit,27753405.943468094,21647043.14229277,265516
port1201,Singapore,Singapore,SGP,1.271989257,103.7074816,Singapore,SGP,1.352825189000635,103.81025757634052,Stone & Glass,13+14,US Dollars,Unit,7292375.277776948,23783594.3664936,265520
port1201,Singapore,Singapore,SGP,1.271989257,103.7074816,Singapore,SGP,1.352825189000635,103.81025757634052,Textiles & Footwear,11+12,US Dollars,Unit,2440685.3851562305,9115125.163005898,265563
port1201,Singapore,Singapore,SGP,1.271989257,103.7074816,Singapore,SGP,1.352825189000635,103.81025757634052,Total,,US Dollars,Unit,313602610.650681,521988177.65369654,265565
port1201,Singapore,Singapore,SGP,1.271989257,103.7074816,Singapore,SGP,1.352825189000635,103.81025757634052,Vegetable Products,2,US Dollars,Unit,823996.3094060153,5214576.238292687,265567
port1201,Singapore,Singapore,SGP,1.271989257,103.7074816,Singapore,SGP,1.352825189000635,103.81025757634052,Vehicles & Equipment,17,US Dollars,Unit,2008086.3796092647,7034974.043148891,265569
port1201,Singapore,Singapore,SGP,1.271989257,103.7074816,Singapore,SGP,1.352825189000635,103.81025757634052,Wood & Wood Products,9+10,US Dollars,Unit,2514183.011330397,3671556.531353253,265571
port1201,Singapore,Singapore,SGP,1.271989257,103.7074816,United States,USA,38.8208089190304,-96.3316166082964,"Plastics, Rubber, Leather",7+8,US Dollars,Unit,10712176.575337194,28061901.94944199,265608
port1201,Singapore,Singapore,SGP,1.271989257,103.7074816,United States,USA,38.8208089190304,-96.3316166082964,Prepared Foodstuffs & Beverages,3+4,US Dollars,Unit,6726669.502992935,26255911.977381,265612
port1201,Singapore,Singapore,SGP,1.271989257,103.7074816,United States,USA,38.8208089190304,-96.3316166082964,Stone & Glass,13+14,US Dollars,Unit,2420053.3781118365,3714157.5314089097,265618
port1201,Singapore,Singapore,SGP,1.271989257,103.7074816,United States,USA,38.8208089190304,-96.3316166082964,Textiles & Footwear,11+12,US Dollars,Unit,8417485.682156952,29623957.53468625,265674
port1201,Singapore,Singapore,SGP,1.271989257,103.7074816,United States,USA,38.8208089190304,-96.3316166082964,Total,,US Dollars,Unit,171519400.15620166,276602174.34346527,265688
port1201,Singapore,Singapore,SGP,1.271989257,103.7074816,United States,USA,38.8208089190304,-96.3316166082964,Vegetable Products,2,US Dollars,Unit,19509947.1225859,3996053.3189592976,265695
port1201,Singapore,Singapore,SGP,1.271989257,103.7074816,United States,USA,38.8208089190304,-96.3316166082964,Vehicles & Equipment,17,US Dollars,Unit,3643693.810788924,2401212.3197525144,265700
port1201,Singapore,Singapore,SGP,1.271989257,103.7074816,United States,USA,38.8208089190304,-96.3316166082964,Wood & Wood Products,9+10,US Dollars,Unit,4782324.127399045,6127046.495779419,265756
port1201,Singapore,Singapore,SGP,1.271989257,103.7074816,Taiwan Province of China,TWN,23.725268,120.936523,Animal & Animal Products,1,US Dollars,Unit,469065.6573696278,1561093.6379111744,265929
port1201,Singapore,Singapore,SGP,1.271989257,103.7074816,Taiwan Province of China,TWN,23.725268,120.936523,Chemical & Allied Industries,6,US Dollars,Unit,6721055.38324985,8056625.087860758,265931
port1201,Singapore,Singapore,SGP,1.271989257,103.7074816,Taiwan Province of China,TWN,23.725268,120.936523,Machinery & Electrical Equipment,16+18,US Dollars,Unit,58526016.55443923,16497711.479018696,265933
port1201,Singapore,Singapore,SGP,1.271989257,103.7074816,Taiwan Province of China,TWN,23.725268,120.936523,Metals,15,US Dollars,Unit,22074407.05336064,4028364.9868574534,265934
port1201,Singapore,Singapore,SGP,1.271989257,103.7074816,Taiwan Province of China,TWN,23.725268,120.936523,Mineral Products,5,US Dollars,Unit,389968.87554739957,23833277.986187823,265938
port1201,Singapore,Singapore,SGP,1.271989257,103.7074816,Taiwan Province of China,TWN,23.725268,120.936523,Miscellaneous,19+20+21,US Dollars,Unit,1680137.1917800934,328360.1020822834,265942
port1201,Singapore,Singapore,SGP,1.271989257,103.7074816,Taiwan Province of China,TWN,23.725268,120.936523,"Plastics, Rubber, Leather",7+8,US Dollars,Unit,7756481.614345129,2377210.9011553777,265946
port1201,Singapore,Singapore,SGP,1.271989257,103.7074816,Taiwan Province of China,TWN,23.725268,120.936523,Prepared Foodstuffs & Beverages,3+4,US Dollars,Unit,721331.4836392056,3304090.3894304642,265950
port1201,Singapore,Singapore,SGP,1.271989257,103.7074816,Taiwan Province of China,TWN,23.725268,120.936523,Stone & Glass,13+14,US Dollars,Unit,1080939.5475806599,885549.2094421809,265954
port1201,Singapore,Singapore,SGP,1.271989257,103.7074816,Taiwan Province of China,TWN,23.725268,120.936523,Textiles & Footwear,11+12,US Dollars,Unit,3049333.4217700306,589698.7813173566,265958
port1201,Singapore,Singapore,SGP,1.271989257,103.7074816,Taiwan Province of China,TWN,23.725268,120.936523,Total,,US Dollars,Unit,110701281.54599161,70117683.11487137,265961
port1201,Singapore,Singapore,SGP,1.271989257,103.7074816,Taiwan Province of China,TWN,23.725268,120.936523,Vegetable Products,2,US Dollars,Unit,134938.7433050663,3701620.6238631834,265966
port1201,Singapore,Singapore,SGP,1.271989257,103.7074816,Taiwan Province of China,TWN,23.725268,120.936523,Vehicles & Equipment,17,US Dollars,Unit,7493918.549344517,3119459.076663745,265970
port1201,Singapore,Singapore,SGP,1.271989257,103.7074816,Taiwan Province of China,TWN,23.725268,120.936523,Wood & Wood Products,9+10,US Dollars,Unit,603687.4702601614,1834620.8530808673,265974
port1201,Singapore,Singapore,SGP,1.271989257,103.7074816,United States,USA,38.8208089190304,-96.3316166082964,Animal & Animal Products,1,US Dollars,Unit,3070652.8349317065,4521651.817781587,265975
port1201,Singapore,Singapore,SGP,1.271989257,103.7074816,United States,USA,38.8208089190304,-96.3316166082964,Chemical & Allied Industries,6,US Dollars,Unit,22672408.273699917,13891780.444952928,265979
port1201,Singapore,Singapore,SGP,1.271989257,103.7074816,United States,USA,38.8208089190304,-96.3316166082964,Machinery & Electrical Equipment,16+18,US Dollars,Unit,30425086.045275353,117843401.47153842,265983
port1201,Singapore,Singapore,SGP,1.271989257,103.7074816,United States,USA,38.8208089190304,-96.3316166082964,Metals,15,US Dollars,Unit,2286699.76032014,20357001.15104821,265987
port1201,Singapore,Singapore,SGP,1.271989257,103.7074816,United States,USA,38.8208089190304,-96.3316166082964,Mineral Products,5,US Dollars,Unit,56165984.41561269,2092664.6829358577,265991
port1201,Singapore,Singapore,SGP,1.271989257,103.7074816,United States,USA,38.8208089190304,-96.3316166082964,Miscellaneous,19+20+21,US Dollars,Unit,686218.6269890786,17715433.647798855,265993
port664,Los Angeles-Long Beach,United States,USA,33.75569193,-118.2437881,Brazil,BRA,-11.524630416426652,-54.35520660825642,"Plastics, Rubber, Leather",7+8,US Dollars,Unit,680520.2655125065,89098.90381073527,1210819
port664,Los Angeles-Long Beach,United States,USA,33.75569193,-118.2437881,Germany,DEU,51.08304539800482,10.426171427430804,Animal & Animal Products,1,US Dollars,Unit,7637.663994036641,1176.950319022629,1210844
port664,Los Angeles-Long Beach,United States,USA,33.75569193,-118.2437881,Germany,DEU,51.08304539800482,10.426171427430804,Chemical & Allied Industries,6,US Dollars,Unit,66748.02509720449,15150.35123335539,1210845
port664,Los Angeles-Long Beach,United States,USA,33.75569193,-118.2437881,Germany,DEU,51.08304539800482,10.426171427430804,Machinery & Electrical Equipment,16+18,US Dollars,Unit,64440.422738399786,4718875.6781808,1210846
port664,Los Angeles-Long Beach,United States,USA,33.75569193,-118.2437881,Germany,DEU,51.08304539800482,10.426171427430804,Metals,15,US Dollars,Unit,481028.1667785292,23464.823361452007,1210847
port664,Los Angeles-Long Beach,United States,USA,33.75569193,-118.2437881,Germany,DEU,51.08304539800482,10.426171427430804,Textiles & Footwear,11+12,US Dollars,Unit,10703.565324698171,160.10178944428438,1210848
port664,Los Angeles-Long Beach,United States,USA,33.75569193,-118.2437881,Germany,DEU,51.08304539800482,10.426171427430804,Mineral Products,5,US Dollars,Unit,424.21745824191754,20995.70049502377,1210850
port664,Los Angeles-Long Beach,United States,USA,33.75569193,-118.2437881,Germany,DEU,51.08304539800482,10.426171427430804,Miscellaneous,19+20+21,US Dollars,Unit,12216.040830744603,36844.526490327,1210851
port664,Los Angeles-Long Beach,United States,USA,33.75569193,-118.2437881,Germany,DEU,51.08304539800482,10.426171427430804,"Plastics, Rubber, Leather",7+8,US Dollars,Unit,47000.12936067716,2017.633306145234,1210852
port664,Los Angeles-Long Beach,United States,USA,33.75569193,-118.2437881,Germany,DEU,51.08304539800482,10.426171427430804,Prepared Foodstuffs & Beverages,3+4,US Dollars,Unit,32452.673299158385,14271.555792948027,1210853
port664,Los Angeles-Long Beach,United States,USA,33.75569193,-118.2437881,Germany,DEU,51.08304539800482,10.426171427430804,Stone & Glass,13+14,US Dollars,Unit,24226.18510464785,927.5534035719902,1210854
port664,Los Angeles-Long Beach,United States,USA,33.75569193,-118.2437881,Brazil,BRA,-11.524630416426652,-54.35520660825642,Prepared Foodstuffs & Beverages,3+4,US Dollars,Unit,3036885.0942399814,113638.24241524676,1210863
port664,Los Angeles-Long Beach,United States,USA,33.75569193,-118.2437881,Germany,DEU,51.08304539800482,10.426171427430804,Total,,US Dollars,Unit,820648.594968107,5163524.314163726,1210864
port664,Los Angeles-Long Beach,United States,USA,33.75569193,-118.2437881,Brazil,BRA,-11.524630416426652,-54.35520660825642,Stone & Glass,13+14,US Dollars,Unit,726074.1926763551,7327.231009604057,1210873
port664,Los Angeles-Long Beach,United States,USA,33.75569193,-118.2437881,Germany,DEU,51.08304539800482,10.426171427430804,Vegetable Products,2,US Dollars,Unit,13215.038547229567,10223.535123317522,1210876
port664,Los Angeles-Long Beach,United States,USA,33.75569193,-118.2437881,Brazil,BRA,-11.524630416426652,-54.35520660825642,Textiles & Footwear,11+12,US Dollars,Unit,271067.5544790974,15141.863422681294,1210880
port664,Los Angeles-Long Beach,United States,USA,33.75569193,-118.2437881,Germany,DEU,51.08304539800482,10.426171427430804,Vehicles & Equipment,17,US Dollars,Unit,42513.45650039683,319399.75308271864,1210928
port664,Los Angeles-Long Beach,United States,USA,33.75569193,-118.2437881,Brazil,BRA,-11.524630416426652,-54.35520660825642,Total,,US Dollars,Unit,20822532.139654975,7635670.480962938,1210930
port664,Los Angeles-Long Beach,United States,USA,33.75569193,-118.2437881,Germany,DEU,51.08304539800482,10.426171427430804,Wood & Wood Products,9+10,US Dollars,Unit,18043.009934142465,16.151585599485934,1210934
port664,Los Angeles-Long Beach,United States,USA,33.75569193,-118.2437881,Brazil,BRA,-11.524630416426652,-54.35520660825642,Vegetable Products,2,US Dollars,Unit,1507071.9153930168,54206.25736730964,1210935
port664,Los Angeles-Long Beach,United States,USA,33.75569193,-118.2437881,Brazil,BRA,-11.524630416426652,-54.35520660825642,Vehicles & Equipment,17,US Dollars,Unit,266240.1262524134,483934.63518647297,1210936
port664,Los Angeles-Long Beach,United States,USA,33.75569193,-118.2437881,Brazil,BRA,-11.524630416426652,-54.35520660825642,Wood & Wood Products,9+10,US Dollars,Unit,221596.92978898724,67085.10144069386,1210937
port664,Los Angeles-Long Beach,United States,USA,33.75569193,-118.2437881,China,CHN,38.07325481105728,104.69113855849604,Animal & Animal Products,1,US Dollars,Unit,1065757.3064936092,8359602.724450096,1211080
port664,Los Angeles-Long Beach,United States,USA,33.75569193,-118.2437881,China,CHN,38.07325481105728,104.69113855849604,Chemical & Allied Industries,6,US Dollars,Unit,27168043.967165567,6303858.906135519,1211081
port664,Los Angeles-Long Beach,United States,USA,33.75569193,-118.2437881,China,CHN,38.07325481105728,104.69113855849604,Machinery & Electrical Equipment,16+18,US Dollars,Unit,478144082.6437691,23089985.992443237,1211082
port664,Los Angeles-Long Beach,United States,USA,33.75569193,-118.2437881,China,CHN,38.07325481105728,104.69113855849604,Metals,15,US Dollars,Unit,26316453.575276572,291567.99335997563,1211083
port664,Los Angeles-Long Beach,United States,USA,33.75569193,-118.2437881,China,CHN,38.07325481105728,104.69113855849604,Mineral Products,5,US Dollars,Unit,283716.6372888801,23506739.66311596,1211084
port664,Los Angeles-Long Beach,United States,USA,33.75569193,-118.2437881,China,CHN,38.07325481105728,104.69113855849604,Miscellaneous,19+20+21,US Dollars,Unit,123866445.90794896,170112.4821441087,1211085
port664,Los Angeles-Long Beach,United States,USA,33.75569193,-118.2437881,China,CHN,38.07325481105728,104.69113855849604,"Plastics, Rubber, Leather",7+8,US Dollars,Unit,37453367.0739823,2301207.1555067743,1211086
port664,Los Angeles-Long Beach,United States,USA,33.75569193,-118.2437881,China,CHN,38.07325481105728,104.69113855849604,Prepared Foodstuffs & Beverages,3+4,US Dollars,Unit,1536148.1316711933,3045706.493153929,1211087
port664,Los Angeles-Long Beach,United States,USA,33.75569193,-118.2437881,China,CHN,38.07325481105728,104.69113855849604,Stone & Glass,13+14,US Dollars,Unit,6790301.213788351,338508.40146978135,1211088
port664,Los Angeles-Long Beach,United States,USA,33.75569193,-118.2437881,China,CHN,38.07325481105728,104.69113855849604,Textiles & Footwear,11+12,US Dollars,Unit,79012393.39760447,544224.7456046809,1211089
port664,Los Angeles-Long Beach,United States,USA,33.75569193,-118.2437881,China,CHN,38.07325481105728,104.69113855849604,Total,,US Dollars,Unit,834821251.9210534,79564550.12863703,1211090
port664,Los Angeles-Long Beach,United States,USA,33.75569193,-118.2437881,China,CHN,38.07325481105728,104.69113855849604,Vegetable Products,2,US Dollars,Unit,1171118.1818719043,6101615.157485337,1211091
port664,Los Angeles-Long Beach,United States,USA,33.75569193,-118.2437881,China,CHN,38.07325481105728,104.69113855849604,Vehicles & Equipment,17,US Dollars,Unit,44344451.65294375,3572540.206861752,1211092
port664,Los Angeles-Long Beach,United States,USA,33.75569193,-118.2437881,China,CHN,38.07325481105728,104.69113855849604,Wood & Wood Products,9+10,US Dollars,Unit,7668972.231248771,1938880.2069058858,1211093
port664,Los Angeles-Long Beach,United States,USA,33.75569193,-118.2437881,Brazil,BRA,-11.524630416426652,-54.35520660825642,Animal & Animal Products,1,US Dollars,Unit,6281626.487800157,9318.261408890261,1211186
port664,Los Angeles-Long Beach,United States,USA,33.75569193,-118.2437881,Brazil,BRA,-11.524630416426652,-54.35520660825642,Chemical & Allied Industries,6,US Dollars,Unit,2422131.747238603,318766.24218438327,1211188
port664,Los Angeles-Long Beach,United States,USA,33.75569193,-118.2437881,Brazil,BRA,-11.524630416426652,-54.35520660825642,Machinery & Electrical Equipment,16+18,US Dollars,Unit,1289766.2405873812,5938346.666803386,1211191
port664,Los Angeles-Long Beach,United States,USA,33.75569193,-118.2437881,Brazil,BRA,-11.524630416426652,-54.35520660825642,Metals,15,US Dollars,Unit,2085472.403945137,292270.2140887763,1211193
port664,Los Angeles-Long Beach,United States,USA,33.75569193,-118.2437881,Brazil,BRA,-11.524630416426652,-54.35520660825642,Mineral Products,5,US Dollars,Unit,1996403.7464644746,125328.60576802107,1211194
port664,Los Angeles-Long Beach,United States,USA,33.75569193,-118.2437881,Brazil,BRA,-11.524630416426652,-54.35520660825642,Miscellaneous,19+20+21,US Dollars,Unit,37675.4352768629,121208.25605673455,1211195
port664,Los Angeles-Long Beach,United States,USA,33.75569193,-118.2437881,India,IND,23.58630056774672,81.17300408530181,"Plastics, Rubber, Leather",7+8,US Dollars,Unit,2781019.3860926214,9657.926541041013,1211213
port664,Los Angeles-Long Beach,United States,USA,33.75569193,-118.2437881,India,IND,23.58630056774672,81.17300408530181,Prepared Foodstuffs & Beverages,3+4,US Dollars,Unit,444902.1987391218,929.38777106829,1211267
port664,Los Angeles-Long Beach,United States,USA,33.75569193,-118.2437881,India,IND,23.58630056774672,81.17300408530181,Stone & Glass,13+14,US Dollars,Unit,2564721.1245580856,1536652.1827819443,1211273
port664,Los Angeles-Long Beach,United States,USA,33.75569193,-118.2437881,India,IND,23.58630056774672,81.17300408530181,Textiles & Footwear,11+12,US Dollars,Unit,8398317.181493528,6863.18349667685,1211280
port664,Los Angeles-Long Beach,United States,USA,33.75569193,-118.2437881,India,IND,23.58630056774672,81.17300408530181,Total,,US Dollars,Unit,59217443.928486824,13408884.101690404,1211296
port664,Los Angeles-Long Beach,United States,USA,33.75569193,-118.2437881,India,IND,23.58630056774672,81.17300408530181,Vegetable Products,2,US Dollars,Unit,449167.5773812703,145.80163271344549,1211301
port664,Los Angeles-Long Beach,United States,USA,33.75569193,-118.2437881,India,IND,23.58630056774672,81.17300408530181,Vehicles & Equipment,17,US Dollars,Unit,8401470.481443884,509990.60320351965,1211406
port664,Los Angeles-Long Beach,United States,USA,33.75569193,-118.2437881,India,IND,23.58630056774672,81.17300408530181,Wood & Wood Products,9+10,US Dollars,Unit,172536.94344212173,45108.83265194349,1211423
port664,Los Angeles-Long Beach,United States,USA,33.75569193,-118.2437881,Indonesia,IDN,0.155919799590376,113.96538246847302,Animal & Animal Products,1,US Dollars,Unit,1095669.6708316682,65959.86167827896,1211526
port664,Los Angeles-Long Beach,United States,USA,33.75569193,-118.2437881,Indonesia,IDN,0.155919799590376,113.96538246847302,Chemical & Allied Industries,6,US Dollars,Unit,63548.64808169271,10492.973841870864,1211529
port664,Los Angeles-Long Beach,United States,USA,33.75569193,-118.2437881,Indonesia,IDN,0.155919799590376,113.96538246847302,Machinery & Electrical Equipment,16+18,US Dollars,Unit,2307872.353925802,263771.13742536656,1211532
port664,Los Angeles-Long Beach,United States,USA,33.75569193,-118.2437881,Indonesia,IDN,0.155919799590376,113.96538246847302,Metals,15,US Dollars,Unit,439012.9679631479,44768.45879197575,1211536
port664,Los Angeles-Long Beach,United States,USA,33.75569193,-118.2437881,Indonesia,IDN,0.155919799590376,113.96538246847302,Mineral Products,5,US Dollars,Unit,11890.224406544627,11591.184331430988,1211540
port664,Los Angeles-Long Beach,United States,USA,33.75569193,-118.2437881,Indonesia,IDN,0.155919799590376,113.96538246847302,Miscellaneous,19+20+21,US Dollars,Unit,374386.0650676808,8173.35322063409,1211544
port664,Los Angeles-Long Beach,United States,USA,33.75569193,-118.2437881,Indonesia,IDN,0.155919799590376,113.96538246847302,"Plastics, Rubber, Leather",7+8,US Dollars,Unit,539867.8294205914,2280.317153156716,1211548
port664,Los Angeles-Long Beach,United States,USA,33.75569193,-118.2437881,Indonesia,IDN,0.155919799590376,113.96538246847302,Prepared Foodstuffs & Beverages,3+4,US Dollars,Unit,2363786.2718024533,80797.42371665238,1211552
port664,Los Angeles-Long Beach,United States,USA,33.75569193,-118.2437881,Indonesia,IDN,0.155919799590376,113.96538246847302,Stone & Glass,13+14,US Dollars,Unit,5662.038367911897,929.7390128766965,1211555
port664,Los Angeles-Long Beach,United States,USA,33.75569193,-118.2437881,Indonesia,IDN,0.155919799590376,113.96538246847302,Textiles & Footwear,11+12,US Dollars,Unit,1499836.5728670594,210796.7365524574,1211560
port664,Los Angeles-Long Beach,United States,USA,33.75569193,-118.2437881,Indonesia,IDN,0.155919799590376,113.96538246847302,Total,,US Dollars,Unit,9788212.73466398,2267856.9124188875,1211564
port664,Los Angeles-Long Beach,United States,USA,33.75569193,-118.2437881,Indonesia,IDN,0.155919799590376,113.96538246847302,Vegetable Products,2,US Dollars,Unit,317171.99829997215,1537521.769258984,1211568
port664,Los Angeles-Long Beach,United States,USA,33.75569193,-118.2437881,Indonesia,IDN,0.155919799590376,113.96538246847302,Vehicles & Equipment,17,US Dollars,Unit,746188.7811280886,25857.063686480593,1211572
port664,Los Angeles-Long Beach,United States,USA,33.75569193,-118.2437881,Indonesia,IDN,0.155919799590376,113.96538246847302,Wood & Wood Products,9+10,US Dollars,Unit,23319.312501367436,4916.893748722412,1211576
port664,Los Angeles-Long Beach,United States,USA,33.75569193,-118.2437881,India,IND,23.58630056774672,81.17300408530181,Animal & Animal Products,1,US Dollars,Unit,1322283.1545040281,19.550207294243837,1211580
port664,Los Angeles-Long Beach,United States,USA,33.75569193,-118.2437881,India,IND,23.58630056774672,81.17300408530181,Chemical & Allied Industries,6,US Dollars,Unit,11335075.36023729,100683.78821569843,1211583
port664,Los Angeles-Long Beach,United States,USA,33.75569193,-118.2437881,India,IND,23.58630056774672,81.17300408530181,Machinery & Electrical Equipment,16+18,US Dollars,Unit,18720712.107392177,6391171.210587802,1211587
port664,Los Angeles-Long Beach,United States,USA,33.75569193,-118.2437881,India,IND,23.58630056774672,81.17300408530181,Metals,15,US Dollars,Unit,2874697.879362643,4069.150288528833,1211591
port664,Los Angeles-Long Beach,United States,USA,33.75569193,-118.2437881,India,IND,23.58630056774672,81.17300408530181,Mineral Products,5,US Dollars,Unit,170450.24470317474,4687419.469825949,1211594
port664,Los Angeles-Long Beach,United States,USA,33.75569193,-118.2437881,India,IND,23.58630056774672,81.17300408530181,Miscellaneous,19+20+21,US Dollars,Unit,1582090.289136865,116173.01448622772,1211596
port664,Los Angeles-Long Beach,United States,USA,33.75569193,-118.2437881,Japan,JPN,36.76738832597829,137.46934234351835,Animal & Animal Products,1,US Dollars,Unit,208098.5457546396,1337040.5794484126,1211778
port664,Los Angeles-Long Beach,United States,USA,33.75569193,-118.2437881,Japan,JPN,36.76738832597829,137.46934234351835,Chemical & Allied Industries,6,US Dollars,Unit,2572512.894297163,11164277.751191523,1211784
port664,Los Angeles-Long Beach,United States,USA,33.75569193,-118.2437881,Japan,JPN,36.76738832597829,137.46934234351835,Machinery & Electrical Equipment,16+18,US Dollars,Unit,63505659.790557526,22590199.1693509,1211790
port664,Los Angeles-Long Beach,United States,USA,33.75569193,-118.2437881,Japan,JPN,36.76738832597829,137.46934234351835,Metals,15,US Dollars,Unit,2805319.661880831,1074184.3813097086,1211791
port664,Los Angeles-Long Beach,United States,USA,33.75569193,-118.2437881,Japan,JPN,36.76738832597829,137.46934234351835,Mineral Products,5,US Dollars,Unit,148552.86575092928,13898194.519413985,1211792
port664,Los Angeles-Long Beach,United States,USA,33.75569193,-118.2437881,Japan,JPN,36.76738832597829,137.46934234351835,Miscellaneous,19+20+21,US Dollars,Unit,851717.4084140646,765351.1700711183,1211793
port664,Los Angeles-Long Beach,United States,USA,33.75569193,-118.2437881,Japan,JPN,36.76738832597829,137.46934234351835,"Plastics, Rubber, Leather",7+8,US Dollars,Unit,2401075.5481984424,1645043.0107279697,1211794
port664,Los Angeles-Long Beach,United States,USA,33.75569193,-118.2437881,Japan,JPN,36.76738832597829,137.46934234351835,Prepared Foodstuffs & Beverages,3+4,US Dollars,Unit,471512.09168238327,705570.6486653895,1211795
port664,Los Angeles-Long Beach,United States,USA,33.75569193,-118.2437881,Japan,JPN,36.76738832597829,137.46934234351835,Stone & Glass,13+14,US Dollars,Unit,249757.58038347596,515791.07092735823,1211796
port664,Los Angeles-Long Beach,United States,USA,33.75569193,-118.2437881,Japan,JPN,36.76738832597829,137.46934234351835,Textiles & Footwear,11+12,US Dollars,Unit,877370.4750874423,117439.08630686272,1211797
port664,Los Angeles-Long Beach,United States,USA,33.75569193,-118.2437881,Japan,JPN,36.76738832597829,137.46934234351835,Total,,US Dollars,Unit,109589040.285506,60057989.070219286,1211798
port664,Los Angeles-Long Beach,United States,USA,33.75569193,-118.2437881,Japan,JPN,36.76738832597829,137.46934234351835,Vegetable Products,2,US Dollars,Unit,56260.036653016316,2227236.6547555625,1211799
port664,Los Angeles-Long Beach,United States,USA,33.75569193,-118.2437881,Japan,JPN,36.76738832597829,137.46934234351835,Vehicles & Equipment,17,US Dollars,Unit,35193443.34256857,3555967.6664033,1211800
port664,Los Angeles-Long Beach,United States,USA,33.75569193,-118.2437881,Japan,JPN,36.76738832597829,137.46934234351835,Wood & Wood Products,9+10,US Dollars,Unit,247760.04427750644,461693.3616471994,1211801
port664,Los Angeles-Long Beach,United States,USA,33.75569193,-118.2437881,Korea,KOR,36.402386712544114,127.76224551357647,Animal & Animal Products,1,US Dollars,Unit,23588.04823336103,922602.8454742619,1211922
port664,Los Angeles-Long Beach,United States,USA,33.75569193,-118.2437881,Korea,KOR,36.402386712544114,127.76224551357647,Chemical & Allied Industries,6,US Dollars,Unit,48770.15030144741,1129741.4020728813,1211926
port664,Los Angeles-Long Beach,United States,USA,33.75569193,-118.2437881,Korea,KOR,36.402386712544114,127.76224551357647,Machinery & Electrical Equipment,16+18,US Dollars,Unit,67828166.59781261,28266036.202943373,1211930
port664,Los Angeles-Long Beach,United States,USA,33.75569193,-118.2437881,Korea,KOR,36.402386712544114,127.76224551357647,Metals,15,US Dollars,Unit,5256241.859148368,168379.36330674242,1211933
port664,Los Angeles-Long Beach,United States,USA,33.75569193,-118.2437881,Korea,KOR,36.402386712544114,127.76224551357647,Mineral Products,5,US Dollars,Unit,3279.808606261191,6409165.892314901,1211935
port664,Los Angeles-Long Beach,United States,USA,33.75569193,-118.2437881,Korea,KOR,36.402386712544114,127.76224551357647,Miscellaneous,19+20+21,US Dollars,Unit,845030.7637413557,467710.5255910929,1211939
port664,Los Angeles-Long Beach,United States,USA,33.75569193,-118.2437881,Korea,KOR,36.402386712544114,127.76224551357647,"Plastics, Rubber, Leather",7+8,US Dollars,Unit,82637.95211557548,72904.99794173094,1211943
port664,Los Angeles-Long Beach,United States,USA,33.75569193,-118.2437881,Korea,KOR,36.402386712544114,127.76224551357647,Prepared Foodstuffs & Beverages,3+4,US Dollars,Unit,80652.67067136416,1129857.0515695289,1211947
port664,Los Angeles-Long Beach,United States,USA,33.75569193,-118.2437881,Korea,KOR,36.402386712544114,127.76224551357647,Stone & Glass,13+14,US Dollars,Unit,175673.5453297889,48254.46046476185,1211951
port664,Los Angeles-Long Beach,United States,USA,33.75569193,-118.2437881,Korea,KOR,36.402386712544114,127.76224551357647,Textiles & Footwear,11+12,US Dollars,Unit,124502.11026487454,52410.46102390558,1211955
port664,Los Angeles-Long Beach,United States,USA,33.75569193,-118.2437881,Korea,KOR,36.402386712544114,127.76224551357647,Total,,US Dollars,Unit,110912870.7086111,50597008.84508454,1211959
port664,Los Angeles-Long Beach,United States,USA,33.75569193,-118.2437881,Korea,KOR,36.402386712544114,127.76224551357647,Vegetable Products,2,US Dollars,Unit,30756.8899174741,1060265.8675889848,1211962
port664,Los Angeles-Long Beach,United States,USA,33.75569193,-118.2437881,Korea,KOR,36.402386712544114,127.76224551357647,Vehicles & Equipment,17,US Dollars,Unit,36412967.4276583,10693341.360520717,1211966
port664,Los Angeles-Long Beach,United States,USA,33.75569193,-118.2437881,Korea,KOR,36.402386712544114,127.76224551357647,Wood & Wood Products,9+10,US Dollars,Unit,602.8848103332,176338.4142716521,1211970
port664,Los Angeles-Long Beach,United States,USA,33.75569193,-118.2437881,Russian Federation,RUS,59.039434214106194,98.6704990698032,Miscellaneous,19+20+21,US Dollars,Unit,18976.57677701842,23282.259887045515,1212071
port664,Los Angeles-Long Beach,United States,USA,33.75569193,-118.2437881,Russian Federation,RUS,59.039434214106194,98.6704990698032,"Plastics, Rubber, Leather",7+8,US Dollars,Unit,14148.114264169348,135.61035001219892,1212122
port664,Los Angeles-Long Beach,United States,USA,33.75569193,-118.2437881,Russian Federation,RUS,59.039434214106194,98.6704990698032,Prepared Foodstuffs & Beverages,3+4,US Dollars,Unit,746.1688822375154,40166.62314164301,1212127
port664,Los Angeles-Long Beach,United States,USA,33.75569193,-118.2437881,Singapore,SGP,1.352825189000635,103.81025757634052,Animal & Animal Products,1,US Dollars,Unit,,2.3558375040614594,1212129
port664,Los Angeles-Long Beach,United States,USA,33.75569193,-118.2437881,Russian Federation,RUS,59.039434214106194,98.6704990698032,Stone & Glass,13+14,US Dollars,Unit,121097.42793651081,12.794609453947272,1212131
port664,Los Angeles-Long Beach,United States,USA,33.75569193,-118.2437881,Singapore,SGP,1.352825189000635,103.81025757634052,Chemical & Allied Industries,6,US Dollars,Unit,0.1217285032070459,71656.29553973075,1212133
port664,Los Angeles-Long Beach,United States,USA,33.75569193,-118.2437881,Singapore,SGP,1.352825189000635,103.81025757634052,Machinery & Electrical Equipment,16+18,US Dollars,Unit,0.5650895800117282,191777.82661328278,1212137
port664,Los Angeles-Long Beach,United States,USA,33.75569193,-118.2437881,Singapore,SGP,1.352825189000635,103.81025757634052,Metals,15,US Dollars,Unit,25.36772835776389,4468.042273644863,1212140
port664,Los Angeles-Long Beach,United States,USA,33.75569193,-118.2437881,Singapore,SGP,1.352825189000635,103.81025757634052,Mineral Products,5,US Dollars,Unit,0.2945728427662645,6444.380491601503,1212143
port664,Los Angeles-Long Beach,United States,USA,33.75569193,-118.2437881,Russian Federation,RUS,59.039434214106194,98.6704990698032,Textiles & Footwear,11+12,US Dollars,Unit,114.1234759401881,188.2896440442626,1212144
port664,Los Angeles-Long Beach,United States,USA,33.75569193,-118.2437881,Singapore,SGP,1.352825189000635,103.81025757634052,Miscellaneous,19+20+21,US Dollars,Unit,,24198.820504594412,1212147
port664,Los Angeles-Long Beach,United States,USA,33.75569193,-118.2437881,Russian Federation,RUS,59.039434214106194,98.6704990698032,Total,,US Dollars,Unit,1849128.7857696768,920901.6559587559,1212148
port664,Los Angeles-Long Beach,United States,USA,33.75569193,-118.2437881,Singapore,SGP,1.352825189000635,103.81025757634052,"Plastics, Rubber, Leather",7+8,US Dollars,Unit,6279.409255994038,675.6068892293229,1212152
port664,Los Angeles-Long Beach,United States,USA,33.75569193,-118.2437881,Russian Federation,RUS,59.039434214106194,98.6704990698032,Vegetable Products,2,US Dollars,Unit,218.4028041940495,46721.507675677014,1212153
port664,Los Angeles-Long Beach,United States,USA,33.75569193,-118.2437881,Singapore,SGP,1.352825189000635,103.81025757634052,Prepared Foodstuffs & Beverages,3+4,US Dollars,Unit,3059.9952826862504,754.5296848746386,1212157
port664,Los Angeles-Long Beach,United States,USA,33.75569193,-118.2437881,Russian Federation,RUS,59.039434214106194,98.6704990698032,Vehicles & Equipment,17,US Dollars,Unit,5926.513384359529,334793.2473250905,1212158
port664,Los Angeles-Long Beach,United States,USA,33.75569193,-118.2437881,Singapore,SGP,1.352825189000635,103.81025757634052,Stone & Glass,13+14,US Dollars,Unit,4.772855182910627,28621.668744758746,1212162
port664,Los Angeles-Long Beach,United States,USA,33.75569193,-118.2437881,Russian Federation,RUS,59.039434214106194,98.6704990698032,Wood & Wood Products,9+10,US Dollars,Unit,5785.41010224741,0.07320437152319123,1212163
port664,Los Angeles-Long Beach,United States,USA,33.75569193,-118.2437881,Singapore,SGP,1.352825189000635,103.81025757634052,Textiles & Footwear,11+12,US Dollars,Unit,20015.22427946703,3169.004093104801,1212195
port664,Los Angeles-Long Beach,United States,USA,33.75569193,-118.2437881,Singapore,SGP,1.352825189000635,103.81025757634052,Total,,US Dollars,Unit,29728.945344335047,332790.774637154,1212198
port664,Los Angeles-Long Beach,United States,USA,33.75569193,-118.2437881,Singapore,SGP,1.352825189000635,103.81025757634052,Vegetable Products,2,US Dollars,Unit,95.79770711226202,,1212204
port664,Los Angeles-Long Beach,United States,USA,33.75569193,-118.2437881,Singapore,SGP,1.352825189000635,103.81025757634052,Vehicles & Equipment,17,US Dollars,Unit,0.0011866388071280949,0.05011837691689017,1212208
port664,Los Angeles-Long Beach,United States,USA,33.75569193,-118.2437881,Singapore,SGP,1.352825189000635,103.81025757634052,Wood & Wood Products,9+10,US Dollars,Unit,247.39565797000242,1022.1938464512498,1212213
port664,Los Angeles-Long Beach,United States,USA,33.75569193,-118.2437881,Saudi Arabia,SAU,24.136038144757897,44.6009581782256,Animal & Animal Products,1,US Dollars,Unit,0.00020904383511895179,38855.50626711327,1212242
port664,Los Angeles-Long Beach,United States,USA,33.75569193,-118.2437881,Saudi Arabia,SAU,24.136038144757897,44.6009581782256,Chemical & Allied Industries,6,US Dollars,Unit,7399.312973417925,60.16411182625457,1212247
port664,Los Angeles-Long Beach,United States,USA,33.75569193,-118.2437881,Saudi Arabia,SAU,24.136038144757897,44.6009581782256,Machinery & Electrical Equipment,16+18,US Dollars,Unit,0.7716778697990073,1509245.0686672474,1212259
port664,Los Angeles-Long Beach,United States,USA,33.75569193,-118.2437881,Saudi Arabia,SAU,24.136038144757897,44.6009581782256,Metals,15,US Dollars,Unit,892233.9683219901,2618.504152142342,1212264
port664,Los Angeles-Long Beach,United States,USA,33.75569193,-118.2437881,Saudi Arabia,SAU,24.136038144757897,44.6009581782256,Mineral Products,5,US Dollars,Unit,225750.72391531168,71.74121950649206,1212269
port664,Los Angeles-Long Beach,United States,USA,33.75569193,-118.2437881,Saudi Arabia,SAU,24.136038144757897,44.6009581782256,Miscellaneous,19+20+21,US Dollars,Unit,84.28108005620936,30638.982149106214,1212274
port664,Los Angeles-Long Beach,United States,USA,33.75569193,-118.2437881,Saudi Arabia,SAU,24.136038144757897,44.6009581782256,"Plastics, Rubber, Leather",7+8,US Dollars,Unit,1087.8077498123762,1.6894609927346378,1212284
port664,Los Angeles-Long Beach,United States,USA,33.75569193,-118.2437881,Saudi Arabia,SAU,24.136038144757897,44.6009581782256,Prepared Foodstuffs & Beverages,3+4,US Dollars,Unit,21.278928755943625,42083.078740605284,1212289
port664,Los Angeles-Long Beach,United States,USA,33.75569193,-118.2437881,Saudi Arabia,SAU,24.136038144757897,44.6009581782256,Stone & Glass,13+14,US Dollars,Unit,426.8817949383175,,1212294
port664,Los Angeles-Long Beach,United States,USA,33.75569193,-118.2437881,Saudi Arabia,SAU,24.136038144757897,44.6009581782256,Textiles & Footwear,11+12,US Dollars,Unit,14269.459975327416,223.55663887486503,1212299
port664,Los Angeles-Long Beach,United States,USA,33.75569193,-118.2437881,Saudi Arabia,SAU,24.136038144757897,44.6009581782256,Total,,US Dollars,Unit,1141341.7687010795,2538529.787667089,1212304
port664,Los Angeles-Long Beach,United States,USA,33.75569193,-118.2437881,Saudi Arabia,SAU,24.136038144757897,44.6009581782256,Vegetable Products,2,US Dollars,Unit,48.20949373403402,20904.883307141336,1212331
port664,Los Angeles-Long Beach,United States,USA,33.75569193,-118.2437881,Saudi Arabia,SAU,24.136038144757897,44.6009581782256,Vehicles & Equipment,17,US Dollars,Unit,19.072580821939553,893826.612952533,1212335
port664,Los Angeles-Long Beach,United States,USA,33.75569193,-118.2437881,Russian Federation,RUS,59.039434214106194,98.6704990698032,Animal & Animal Products,1,US Dollars,Unit,585675.9619869919,85828.54060631992,1212396
port664,Los Angeles-Long Beach,United States,USA,33.75569193,-118.2437881,Russian Federation,RUS,59.039434214106194,98.6704990698032,Chemical & Allied Industries,6,US Dollars,Unit,313517.54404627933,150.00874788993022,1212397
port664,Los Angeles-Long Beach,United States,USA,33.75569193,-118.2437881,Russian Federation,RUS,59.039434214106194,98.6704990698032,Machinery & Electrical Equipment,16+18,US Dollars,Unit,88991.27279810839,388114.328783833,1212398
port664,Los Angeles-Long Beach,United States,USA,33.75569193,-118.2437881,Russian Federation,RUS,59.039434214106194,98.6704990698032,Metals,15,US Dollars,Unit,644986.7808734523,1497.9455852732492,1212399
port664,Los Angeles-Long Beach,United States,USA,33.75569193,-118.2437881,Russian Federation,RUS,59.039434214106194,98.6704990698032,Mineral Products,5,US Dollars,Unit,48944.48843816779,10.426398101762906,1212400
port664,Los Angeles-Long Beach,United States,USA,33.75569193,-118.2437881,United States,USA,38.8208089190304,-96.3316166082964,Machinery & Electrical Equipment,16+18,US Dollars,Unit,129654823.82373391,749179884.2166348,1212419
port664,Los Angeles-Long Beach,United States,USA,33.75569193,-118.2437881,United States,USA,38.8208089190304,-96.3316166082964,Metals,15,US Dollars,Unit,4186059.7935786443,63383878.49195658,1212425
port664,Los Angeles-Long Beach,United States,USA,33.75569193,-118.2437881,United States,USA,38.8208089190304,-96.3316166082964,Mineral Products,5,US Dollars,Unit,33377747.303802583,130412768.49734887,1212433
port664,Los Angeles-Long Beach,United States,USA,33.75569193,-118.2437881,United States,USA,38.8208089190304,-96.3316166082964,Miscellaneous,19+20+21,US Dollars,Unit,3305155.1931401147,134758836.17362037,1212442
port664,Los Angeles-Long Beach,United States,USA,33.75569193,-118.2437881,United States,USA,38.8208089190304,-96.3316166082964,"Plastics, Rubber, Leather",7+8,US Dollars,Unit,7571633.148923719,53886681.24506711,1212446
port664,Los Angeles-Long Beach,United States,USA,33.75569193,-118.2437881,United States,USA,38.8208089190304,-96.3316166082964,Prepared Foodstuffs & Beverages,3+4,US Dollars,Unit,7375731.379019957,13683639.092726292,1212450
port664,Los Angeles-Long Beach,United States,USA,33.75569193,-118.2437881,United States,USA,38.8208089190304,-96.3316166082964,Stone & Glass,13+14,US Dollars,Unit,3498957.5277917786,14234986.638471277,1212454
port664,Los Angeles-Long Beach,United States,USA,33.75569193,-118.2437881,United States,USA,38.8208089190304,-96.3316166082964,Textiles & Footwear,11+12,US Dollars,Unit,2274828.070382237,98662914.85914694,1212461
port664,Los Angeles-Long Beach,United States,USA,33.75569193,-118.2437881,United States,USA,38.8208089190304,-96.3316166082964,Total,,US Dollars,Unit,266340198.41119823,1459854498.1178942,1212493
port664,Los Angeles-Long Beach,United States,USA,33.75569193,-118.2437881,United States,USA,38.8208089190304,-96.3316166082964,Vegetable Products,2,US Dollars,Unit,16269951.234273126,10693573.344165748,1212499
port664,Los Angeles-Long Beach,United States,USA,33.75569193,-118.2437881,United States,USA,38.8208089190304,-96.3316166082964,Vehicles & Equipment,17,US Dollars,Unit,25329239.114474967,118084612.26181094,1212511
port664,Los Angeles-Long Beach,United States,USA,33.75569193,-118.2437881,United States,USA,38.8208089190304,-96.3316166082964,Wood & Wood Products,9+10,US Dollars,Unit,4680069.641854508,11659836.413511453,1212517
port664,Los Angeles-Long Beach,United States,USA,33.75569193,-118.2437881,Taiwan Province of China,TWN,23.725268,120.936523,Animal & Animal Products,1,US Dollars,Unit,288671.64571142296,224688.68158078144,1212727
port664,Los Angeles-Long Beach,United States,USA,33.75569193,-118.2437881,Taiwan Province of China,TWN,23.725268,120.936523,Chemical & Allied Industries,6,US Dollars,Unit,198948.40605087142,1263069.5996774612,1212733
port664,Los Angeles-Long Beach,United States,USA,33.75569193,-118.2437881,Taiwan Province of China,TWN,23.725268,120.936523,Machinery & Electrical Equipment,16+18,US Dollars,Unit,89572940.12961428,2956287.0541324564,1212744
port664,Los Angeles-Long Beach,United States,USA,33.75569193,-118.2437881,Taiwan Province of China,TWN,23.725268,120.936523,Metals,15,US Dollars,Unit,6851882.730298734,1096350.3014929565,1212750
port664,Los Angeles-Long Beach,United States,USA,33.75569193,-118.2437881,United States,USA,38.8208089190304,-96.3316166082964,Animal & Animal Products,1,US Dollars,Unit,5884438.1709768,10611658.476582013,1212754
port664,Los Angeles-Long Beach,United States,USA,33.75569193,-118.2437881,Taiwan Province of China,TWN,23.725268,120.936523,Mineral Products,5,US Dollars,Unit,3920.0354494597573,6456405.8134758165,1212756
port664,Los Angeles-Long Beach,United States,USA,33.75569193,-118.2437881,United States,USA,38.8208089190304,-96.3316166082964,Chemical & Allied Industries,6,US Dollars,Unit,22931564.009245876,50601228.40685189,1212760
port664,Los Angeles-Long Beach,United States,USA,33.75569193,-118.2437881,Taiwan Province of China,TWN,23.725268,120.936523,Miscellaneous,19+20+21,US Dollars,Unit,2196652.2247778242,32312.858318156264,1212762
port664,Los Angeles-Long Beach,United States,USA,33.75569193,-118.2437881,Taiwan Province of China,TWN,23.725268,120.936523,"Plastics, Rubber, Leather",7+8,US Dollars,Unit,1158974.51423735,454387.0021814508,1212766
port664,Los Angeles-Long Beach,United States,USA,33.75569193,-118.2437881,Taiwan Province of China,TWN,23.725268,120.936523,Prepared Foodstuffs & Beverages,3+4,US Dollars,Unit,892830.9066131642,93539.9380253149,1212771
port664,Los Angeles-Long Beach,United States,USA,33.75569193,-118.2437881,Taiwan Province of China,TWN,23.725268,120.936523,Stone & Glass,13+14,US Dollars,Unit,172246.76005706078,99206.28432869154,1212775
port664,Los Angeles-Long Beach,United States,USA,33.75569193,-118.2437881,Taiwan Province of China,TWN,23.725268,120.936523,Textiles & Footwear,11+12,US Dollars,Unit,546917.3433169535,128042.65662397793,1212779
port664,Los Angeles-Long Beach,United States,USA,33.75569193,-118.2437881,Taiwan Province of China,TWN,23.725268,120.936523,Total,,US Dollars,Unit,110478348.28113082,15926246.094149083,1212782
port664,Los Angeles-Long Beach,United States,USA,33.75569193,-118.2437881,Taiwan Province of China,TWN,23.725268,120.936523,Vegetable Products,2,US Dollars,Unit,144045.46974382867,3107694.1016239184,1212785
port664,Los Angeles-Long Beach,United States,USA,33.75569193,-118.2437881,Taiwan Province of China,TWN,23.725268,120.936523,Vehicles & Equipment,17,US Dollars,Unit,8446003.391240949,3909.784098073394,1212788
port664,Los Angeles-Long Beach,United States,USA,33.75569193,-118.2437881,Taiwan Province of China,TWN,23.725268,120.936523,Wood & Wood Products,9+10,US Dollars,Unit,4314.724018918174,10352.018590024572,1212791
