date,year,month,day,portid,portname,n_container,n_dry_bulk,n_general_cargo,n_roro,n_tanker,n_cargo,n_total,capacity_container,capacity_dry_bulk,capacity_general_cargo,capacity_roro,capacity_tanker,capacity_cargo,capacity,source_row_id
2026-03-01,2026,3,1,chokepoint1,Suez Canal,11,8,3,0,14,22,36,142708,529869,3036,0,247342,675614,922956,2217
2026-03-02,2026,3,2,chokepoint1,Suez Canal,10,11,7,1,11,29,40,166087,666734,15676,6258,431776,854757,1286534,2218
2026-03-03,2026,3,3,chokepoint1,Suez Canal,11,11,5,1,27,28,55,381101,429443,20777,4883,1676349,836205,2512554,2219
2026-03-04,2026,3,4,chokepoint1,Suez Canal,14,9,1,1,17,25,42,383185,409108,0,7267,766252,799562,1565815,2220
2026-03-05,2026,3,5,chokepoint1,Suez Canal,6,11,2,0,19,19,38,83037,349171,5222,0,974476,437431,1411908,2221
2026-03-06,2026,3,6,chokepoint1,Suez Canal,7,5,7,0,19,19,38,210553,838916,33009,0,797508,1082480,1879989,2222
2026-03-07,2026,3,7,chokepoint1,Suez Canal,12,13,2,1,23,28,51,211255,563439,36824,0,870474,811519,1681993,2223
2026-03-08,2026,3,8,chokepoint1,Suez Canal,7,10,4,3,11,24,35,138601,397485,17113,15807,737659,569007,1306667,2224
2026-03-09,2026,3,9,chokepoint1,Suez Canal,9,9,9,0,15,27,42,162820,340667,44578,0,826908,548066,1374975,2225
2026-03-10,2026,3,10,chokepoint1,Suez Canal,11,11,6,0,9,28,37,257632,379888,33319,0,334424,670841,1005265,2226
2026-03-11,2026,3,11,chokepoint1,Suez Canal,6,15,4,1,25,26,51,81106,616961,44187,7071,672697,749327,1422024,2227
2026-03-12,2026,3,12,chokepoint1,Suez Canal,15,7,4,1,11,27,38,366995,351335,3786,3406,330515,725524,1056040,2228
2026-03-13,2026,3,13,chokepoint1,Suez Canal,8,10,5,1,16,24,40,141276,364751,43815,2859,595681,552702,1148383,2229
2026-03-14,2026,3,14,chokepoint1,Suez Canal,1,6,3,0,15,10,25,20717,504757,21698,0,806903,547172,1354076,2230
2026-03-15,2026,3,15,chokepoint1,Suez Canal,14,13,3,1,17,31,48,259168,579297,2478,0,783528,840944,1624472,2231
2026-03-16,2026,3,16,chokepoint1,Suez Canal,7,7,5,3,11,22,33,268801,444089,5809,0,360026,718700,1078727,2232
2026-03-17,2026,3,17,chokepoint1,Suez Canal,9,11,7,1,14,28,42,130832,511171,10858,0,201883,652862,854745,2233
2026-03-18,2026,3,18,chokepoint1,Suez Canal,8,6,5,2,22,21,43,203250,304489,30359,13102,1190526,551203,1741729,2234
2026-03-19,2026,3,19,chokepoint1,Suez Canal,12,11,5,1,14,29,43,231204,647344,43086,3311,648249,924947,1573197,2235
2026-03-20,2026,3,20,chokepoint1,Suez Canal,4,10,3,0,15,17,32,54372,536483,28513,0,623451,619369,1242821,2236
2026-03-21,2026,3,21,chokepoint1,Suez Canal,6,7,6,0,19,19,38,225271,208597,29068,0,384144,462937,847081,2237
2026-03-22,2026,3,22,chokepoint1,Suez Canal,8,14,4,0,21,26,47,174370,797121,14349,0,430464,985840,1416305,2238
2026-03-23,2026,3,23,chokepoint1,Suez Canal,10,8,3,1,18,22,40,244184,382924,13882,2552,270397,643543,913941,2239
2026-03-24,2026,3,24,chokepoint1,Suez Canal,8,16,2,0,15,26,41,257770,845318,3810,0,707877,1106898,1814776,2240
2026-03-25,2026,3,25,chokepoint1,Suez Canal,15,7,8,0,21,30,51,244001,409211,48501,0,644369,701714,1346084,2241
2026-03-26,2026,3,26,chokepoint1,Suez Canal,7,10,4,1,19,22,41,147773,478271,10326,0,1338405,636370,1974776,2242
2026-03-27,2026,3,27,chokepoint1,Suez Canal,14,8,6,1,13,29,42,282626,376628,15368,0,569447,674622,1244069,2243
2026-03-28,2026,3,28,chokepoint1,Suez Canal,8,13,3,2,19,26,45,263221,489120,7821,0,849573,760163,1609737,2244
2026-03-29,2026,3,29,chokepoint1,Suez Canal,6,8,1,2,20,17,37,39119,1078287,35986,12640,685039,1166034,1851073,2245
2026-03-30,2026,3,30,chokepoint1,Suez Canal,7,13,3,1,12,24,36,182671,657831,8736,6492,569947,855731,1425679,2246
2026-03-31,2026,3,31,chokepoint1,Suez Canal,8,11,4,0,20,23,43,307274,475434,66717,0,1067545,849425,1916971,2247
2026-03-01,2026,3,1,chokepoint2,Panama Canal,10,7,1,1,15,19,34,284675,289175,0,0,378288,573850,952139,4195
2026-03-02,2026,3,2,chokepoint2,Panama Canal,9,4,3,4,15,20,35,368045,168493,25603,26719,367243,588862,956105,4196
2026-03-03,2026,3,3,chokepoint2,Panama Canal,8,10,2,2,15,22,37,288783,361068,15098,4237,366518,669188,1035707,4197
2026-03-04,2026,3,4,chokepoint2,Panama Canal,8,10,1,2,13,21,34,332601,410017,0,11470,316757,754088,1070846,4198
2026-03-05,2026,3,5,chokepoint2,Panama Canal,9,8,3,2,14,22,36,350015,229656,9949,11549,323396,601171,924567,4199
2026-03-06,2026,3,6,chokepoint2,Panama Canal,9,9,2,4,11,24,35,388846,459091,902,17146,306495,865986,1172482,4200
2026-03-07,2026,3,7,chokepoint2,Panama Canal,9,6,4,2,13,21,34,263154,202367,27269,0,316847,492792,809639,4201
2026-03-08,2026,3,8,chokepoint2,Panama Canal,11,5,2,2,16,20,36,336434,221614,2755,27984,416203,588789,1004993,4202
2026-03-09,2026,3,9,chokepoint2,Panama Canal,7,5,4,3,12,19,31,340949,250564,26118,8525,303358,626158,929517,4203
2026-03-10,2026,3,10,chokepoint2,Panama Canal,8,6,1,6,11,21,32,418655,266556,0,24932,327367,710144,1037511,4204
2026-03-11,2026,3,11,chokepoint2,Panama Canal,6,5,4,1,17,16,33,115370,210824,12658,4537,557372,343391,900764,4205
2026-03-12,2026,3,12,chokepoint2,Panama Canal,8,3,4,2,15,17,32,311642,87554,5172,12621,246833,416991,663825,4206
2026-03-13,2026,3,13,chokepoint2,Panama Canal,11,9,0,1,12,21,33,351894,534922,0,0,280329,886816,1167146,4207
2026-03-14,2026,3,14,chokepoint2,Panama Canal,8,10,4,1,14,23,37,362071,499470,22331,9487,355549,893360,1248910,4208
2026-03-15,2026,3,15,chokepoint2,Panama Canal,11,4,1,4,14,20,34,532700,116665,22240,25221,247459,696828,944287,4209
2026-03-16,2026,3,16,chokepoint2,Panama Canal,11,11,2,0,13,24,37,451338,418971,2376,0,299658,872686,1172345,4210
2026-03-17,2026,3,17,chokepoint2,Panama Canal,7,6,0,2,22,15,37,188431,305052,0,13863,561543,507346,1068890,4211
2026-03-18,2026,3,18,chokepoint2,Panama Canal,9,8,3,3,12,23,35,310836,345839,4769,14955,400781,676401,1077182,4212
2026-03-19,2026,3,19,chokepoint2,Panama Canal,9,9,3,3,16,24,40,293085,416640,13534,6270,392899,729530,1122430,4213
2026-03-20,2026,3,20,chokepoint2,Panama Canal,5,8,1,1,13,15,28,248230,347895,18834,6116,401165,621076,1022242,4214
2026-03-21,2026,3,21,chokepoint2,Panama Canal,8,5,2,3,12,18,30,312539,233000,0,18225,413291,563765,977057,4215
2026-03-22,2026,3,22,chokepoint2,Panama Canal,7,4,5,2,16,18,34,276021,259403,17299,0,306225,552724,858949,4216
2026-03-23,2026,3,23,chokepoint2,Panama Canal,7,6,3,3,13,19,32,189386,256941,5522,5715,493206,457566,950773,4217
2026-03-24,2026,3,24,chokepoint2,Panama Canal,4,7,2,4,13,17,30,301758,343243,12111,12886,409406,669999,1079406,4218
2026-03-25,2026,3,25,chokepoint2,Panama Canal,11,5,3,2,12,21,33,351879,262776,21281,0,305769,635937,941706,4219
2026-03-26,2026,3,26,chokepoint2,Panama Canal,10,3,2,2,16,17,33,289583,134930,10220,0,252164,434734,686898,4220
2026-03-27,2026,3,27,chokepoint2,Panama Canal,5,8,1,6,12,20,32,181263,376978,9128,29695,383783,597066,980849,4221
2026-03-28,2026,3,28,chokepoint2,Panama Canal,10,5,3,4,8,22,30,421462,174568,25824,12781,233290,634636,867927,4222
2026-03-29,2026,3,29,chokepoint2,Panama Canal,7,10,2,2,14,21,35,213889,426428,4582,2168,413275,647069,1060344,4223
2026-03-30,2026,3,30,chokepoint2,Panama Canal,5,5,2,3,23,15,38,219241,239720,4207,3561,444896,466730,911627,4224
2026-03-31,2026,3,31,chokepoint2,Panama Canal,4,3,1,4,19,12,31,122053,117848,0,14238,745104,254140,999244,4225
2026-03-01,2026,3,1,chokepoint3,Bosporus Strait,8,13,22,0,28,43,71,37491,290759,47732,0,547121,375982,923103,8573
2026-03-02,2026,3,2,chokepoint3,Bosporus Strait,10,12,40,0,20,62,82,50081,345269,88853,0,401782,484204,885986,8574
2026-03-03,2026,3,3,chokepoint3,Bosporus Strait,7,24,33,3,23,67,90,57288,783492,111620,571,614080,952973,1567054,8575
2026-03-04,2026,3,4,chokepoint3,Bosporus Strait,9,17,17,0,14,43,57,71978,330563,35058,0,137484,437600,575085,8576
2026-03-05,2026,3,5,chokepoint3,Bosporus Strait,9,25,44,0,23,78,101,72557,394857,101035,0,222618,568450,791068,8577
2026-03-06,2026,3,6,chokepoint3,Bosporus Strait,15,23,41,1,20,80,100,69583,492602,97957,835,272305,660979,933284,8578
2026-03-07,2026,3,7,chokepoint3,Bosporus Strait,8,17,43,0,17,68,85,39245,560448,131307,0,262979,731001,993981,8579
2026-03-08,2026,3,8,chokepoint3,Bosporus Strait,8,25,41,1,20,75,95,34031,689441,50097,0,411298,773570,1184868,8580
2026-03-09,2026,3,9,chokepoint3,Bosporus Strait,16,24,35,1,17,76,93,92850,619828,85020,835,354897,798534,1153432,8581
2026-03-10,2026,3,10,chokepoint3,Bosporus Strait,10,22,18,1,23,51,74,85375,642816,19087,0,806888,747279,1554167,8582
2026-03-11,2026,3,11,chokepoint3,Bosporus Strait,10,24,33,0,25,67,92,86769,1382275,74092,0,491525,1543138,2034663,8583
2026-03-12,2026,3,12,chokepoint3,Bosporus Strait,12,15,38,1,27,66,93,73898,132949,95039,2681,586479,304568,891048,8584
2026-03-13,2026,3,13,chokepoint3,Bosporus Strait,11,27,23,0,30,61,91,74913,558330,55426,0,742473,688670,1431144,8585
2026-03-14,2026,3,14,chokepoint3,Bosporus Strait,11,18,42,1,28,72,100,68849,438236,82527,2381,606511,591995,1198506,8586
2026-03-15,2026,3,15,chokepoint3,Bosporus Strait,14,21,36,0,22,71,93,52570,564686,107622,0,183654,724878,908533,8587
2026-03-16,2026,3,16,chokepoint3,Bosporus Strait,6,16,72,1,19,95,114,45389,321091,166646,0,719311,533126,1252438,8588
2026-03-17,2026,3,17,chokepoint3,Bosporus Strait,0,12,35,0,19,47,66,0,239708,88353,0,239898,328062,567960,8589
2026-03-18,2026,3,18,chokepoint3,Bosporus Strait,11,24,33,0,23,68,91,74886,658051,93313,0,557713,826252,1383965,8590
2026-03-19,2026,3,19,chokepoint3,Bosporus Strait,11,32,29,0,24,72,96,74521,1102821,96695,0,778327,1274039,2052367,8591
2026-03-20,2026,3,20,chokepoint3,Bosporus Strait,5,19,19,0,19,43,62,21654,536658,53887,0,274845,612199,887045,8592
2026-03-21,2026,3,21,chokepoint3,Bosporus Strait,11,20,32,1,17,64,81,84695,701008,86966,970,270768,873641,1144410,8593
2026-03-22,2026,3,22,chokepoint3,Bosporus Strait,11,20,34,2,26,67,93,85812,435140,87473,256,762853,608682,1371536,8594
2026-03-23,2026,3,23,chokepoint3,Bosporus Strait,10,18,46,0,17,74,91,45209,1325621,99787,0,371420,1470618,1842039,8595
2026-03-24,2026,3,24,chokepoint3,Bosporus Strait,7,23,47,0,20,77,97,39695,840803,90623,0,713007,971121,1684129,8596
2026-03-25,2026,3,25,chokepoint3,Bosporus Strait,11,23,52,1,23,87,110,70605,699697,98463,1897,419377,870664,1290042,8597
2026-03-26,2026,3,26,chokepoint3,Bosporus Strait,9,12,35,1,21,57,78,63308,324963,93614,0,389907,481886,871794,8598
2026-03-27,2026,3,27,chokepoint3,Bosporus Strait,7,24,48,0,25,79,104,51059,662347,137861,0,827347,851268,1678616,8599
2026-03-28,2026,3,28,chokepoint3,Bosporus Strait,15,19,44,2,24,80,104,115073,454920,75000,571,853687,645566,1499254,8600
2026-03-29,2026,3,29,chokepoint3,Bosporus Strait,15,23,41,0,26,79,105,77880,562834,144130,0,555852,784845,1340697,8601
2026-03-30,2026,3,30,chokepoint3,Bosporus Strait,11,30,27,1,28,69,97,91674,599751,58819,0,612658,750245,1362903,8602
2026-03-31,2026,3,31,chokepoint3,Bosporus Strait,12,19,30,1,30,62,92,73901,561328,94074,643,442607,729948,1172555,8603
2026-03-01,2026,3,1,chokepoint4,Bab el-Mandeb Strait,5,8,3,1,14,17,31,89450,516216,25819,0,665460,631486,1296946,11218
2026-03-02,2026,3,2,chokepoint4,Bab el-Mandeb Strait,5,7,4,1,11,17,28,87580,174584,4301,4568,508899,271034,779933,11220
2026-03-03,2026,3,3,chokepoint4,Bab el-Mandeb Strait,7,14,5,0,17,26,43,92744,561232,12363,0,627512,666340,1293853,11222
2026-03-04,2026,3,4,chokepoint4,Bab el-Mandeb Strait,2,9,7,2,8,20,28,23159,435647,54250,15807,597755,528865,1126620,11224
2026-03-05,2026,3,5,chokepoint4,Bab el-Mandeb Strait,5,14,3,1,9,23,32,75400,725801,16244,5824,183271,823271,1006543,11226
2026-03-06,2026,3,6,chokepoint4,Bab el-Mandeb Strait,5,14,3,0,12,22,34,90566,555276,3149,0,401169,648992,1050161,11228
2026-03-07,2026,3,7,chokepoint4,Bab el-Mandeb Strait,3,10,4,1,16,18,34,48195,429042,9936,7071,649380,494246,1143626,11230
2026-03-08,2026,3,8,chokepoint4,Bab el-Mandeb Strait,10,14,4,0,19,28,47,135976,718100,27926,0,816751,882003,1698754,11232
2026-03-09,2026,3,9,chokepoint4,Bab el-Mandeb Strait,6,7,1,1,10,15,25,171843,338782,1379,0,512558,512005,1024563,11234
2026-03-10,2026,3,10,chokepoint4,Bab el-Mandeb Strait,4,5,0,0,12,9,21,57177,185625,0,0,867060,242802,1109863,11236
2026-03-11,2026,3,11,chokepoint4,Bab el-Mandeb Strait,4,12,4,0,20,20,40,61558,583322,60799,0,784934,705679,1490614,11238
2026-03-12,2026,3,12,chokepoint4,Bab el-Mandeb Strait,5,5,3,3,16,16,32,68473,170148,12639,7267,811894,258529,1070423,11240
2026-03-13,2026,3,13,chokepoint4,Bab el-Mandeb Strait,7,9,12,1,10,29,39,92504,296193,75577,4689,633009,468965,1101974,11242
2026-03-14,2026,3,14,chokepoint4,Bab el-Mandeb Strait,4,8,2,1,14,15,29,36437,360761,9842,6637,655828,413679,1069508,11244
2026-03-15,2026,3,15,chokepoint4,Bab el-Mandeb Strait,2,5,3,0,16,10,26,27215,232941,76776,0,796315,336933,1133249,11248
2026-03-16,2026,3,16,chokepoint4,Bab el-Mandeb Strait,9,15,4,0,21,28,49,120467,679048,17469,0,838186,816985,1655172,11250
2026-03-17,2026,3,17,chokepoint4,Bab el-Mandeb Strait,2,8,4,1,18,15,33,41783,413741,11527,4634,892434,471686,1364121,11252
2026-03-18,2026,3,18,chokepoint4,Bab el-Mandeb Strait,5,13,2,0,22,20,42,56969,458679,41168,0,619295,556816,1176112,11254
2026-03-19,2026,3,19,chokepoint4,Bab el-Mandeb Strait,9,11,2,2,20,24,44,119020,640373,81128,0,1113645,840522,1954168,11256
2026-03-20,2026,3,20,chokepoint4,Bab el-Mandeb Strait,3,9,5,1,14,18,32,43678,438526,70860,0,1031349,553065,1584415,11258
2026-03-21,2026,3,21,chokepoint4,Bab el-Mandeb Strait,2,11,7,2,19,22,41,14583,559416,32022,7071,747216,613093,1360310,11260
2026-03-22,2026,3,22,chokepoint4,Bab el-Mandeb Strait,7,10,7,1,13,25,38,88793,647406,35551,1341,1051943,773092,1825035,11262
2026-03-23,2026,3,23,chokepoint4,Bab el-Mandeb Strait,2,2,2,0,20,6,26,40419,100641,299,0,836991,141361,978352,11265
2026-03-24,2026,3,24,chokepoint4,Bab el-Mandeb Strait,4,10,2,1,12,17,29,58598,632145,6033,4267,861272,701045,1562317,11267
2026-03-25,2026,3,25,chokepoint4,Bab el-Mandeb Strait,7,16,5,2,14,30,44,56174,856844,37785,17683,686517,968489,1655006,11269
2026-03-26,2026,3,26,chokepoint4,Bab el-Mandeb Strait,6,6,8,2,16,22,38,60289,421809,39055,15972,647305,537126,1184432,11271
2026-03-27,2026,3,27,chokepoint4,Bab el-Mandeb Strait,6,14,3,0,14,23,37,80489,600627,14320,0,819355,695437,1514793,11273
2026-03-28,2026,3,28,chokepoint4,Bab el-Mandeb Strait,8,11,3,1,12,23,35,82786,401039,24306,1341,646804,509474,1156279,11278
2026-03-29,2026,3,29,chokepoint4,Bab el-Mandeb Strait,7,14,1,0,16,22,38,96977,622083,78006,0,469727,797067,1266794,11281
2026-03-30,2026,3,30,chokepoint4,Bab el-Mandeb Strait,3,18,10,3,13,34,47,40297,864850,40934,8626,799460,954708,1754168,11284
2026-03-31,2026,3,31,chokepoint4,Bab el-Mandeb Strait,5,10,2,1,16,18,34,50854,470426,13999,0,839866,535279,1375146,11287
2026-03-01,2026,3,1,chokepoint5,Malacca Strait,62,66,20,7,84,155,239,2051448,3012150,155287,19453,4479452,5238340,9717792,12577
2026-03-02,2026,3,2,chokepoint5,Malacca Strait,61,66,14,8,87,149,236,2239126,3132687,80677,22353,3487367,5474844,8962212,12578
2026-03-03,2026,3,3,chokepoint5,Malacca Strait,49,78,17,6,76,150,226,1808142,3888014,56196,23681,4364272,5776035,10140308,12579
2026-03-04,2026,3,4,chokepoint5,Malacca Strait,66,54,16,9,99,145,244,2140073,2711197,145643,31876,4008224,5028791,9037016,12580
2026-03-05,2026,3,5,chokepoint5,Malacca Strait,76,51,23,7,69,157,226,2373070,2913403,117353,37620,2393736,5441448,7835185,12581
2026-03-06,2026,3,6,chokepoint5,Malacca Strait,62,56,16,6,98,140,238,1989178,3594237,91285,16265,4284983,5690967,9975950,12582
2026-03-07,2026,3,7,chokepoint5,Malacca Strait,66,70,23,9,67,168,235,2116812,4611997,104261,25054,3564791,6858125,10422916,12583
2026-03-08,2026,3,8,chokepoint5,Malacca Strait,67,58,17,5,95,147,242,1775445,3213539,121287,4159,5763411,5114431,10877842,12584
2026-03-09,2026,3,9,chokepoint5,Malacca Strait,64,56,26,8,67,154,221,1797564,2167753,204593,13321,2245924,4183233,6429157,12585
2026-03-10,2026,3,10,chokepoint5,Malacca Strait,59,59,19,6,83,143,226,1698167,2825858,103804,11659,5207438,4639490,9846928,12586
2026-03-11,2026,3,11,chokepoint5,Malacca Strait,60,62,23,11,70,156,226,1495312,3672408,153995,33612,2872092,5355329,8227421,12587
2026-03-12,2026,3,12,chokepoint5,Malacca Strait,56,63,18,9,68,146,214,1437972,3073248,105693,8230,1648246,4625145,6273392,12588
2026-03-13,2026,3,13,chokepoint5,Malacca Strait,65,58,20,2,82,145,227,1756611,2937023,86234,6865,1811824,4786733,6598558,12589
2026-03-14,2026,3,14,chokepoint5,Malacca Strait,64,53,23,6,77,146,223,1928883,2118919,187472,10940,2903823,4246215,7150039,12590
2026-03-15,2026,3,15,chokepoint5,Malacca Strait,52,61,13,10,88,136,224,1404026,4519371,85437,34942,3242457,6043778,9286236,12591
2026-03-16,2026,3,16,chokepoint5,Malacca Strait,53,56,12,5,68,126,194,1750364,3004073,70399,18077,1146312,4842915,5989227,12592
2026-03-17,2026,3,17,chokepoint5,Malacca Strait,55,60,14,4,82,133,215,1504904,3410304,69883,21811,1950838,5006905,6957744,12593
2026-03-18,2026,3,18,chokepoint5,Malacca Strait,49,64,18,10,74,141,215,1715284,3709287,71976,19639,1806904,5516188,7323092,12594
2026-03-19,2026,3,19,chokepoint5,Malacca Strait,60,67,18,5,80,150,230,1875843,3985839,131966,19525,1393766,6013175,7406942,12595
2026-03-20,2026,3,20,chokepoint5,Malacca Strait,61,57,22,6,78,146,224,2084860,2902315,75344,13715,1870327,5076237,6946565,12596
2026-03-21,2026,3,21,chokepoint5,Malacca Strait,55,56,11,5,64,127,191,1904297,2915705,45621,16011,1268828,4881635,6150464,12597
2026-03-22,2026,3,22,chokepoint5,Malacca Strait,50,55,15,8,80,128,208,1600192,3111845,120778,25651,2326660,4858469,7185129,12598
2026-03-23,2026,3,23,chokepoint5,Malacca Strait,70,49,13,3,53,135,188,2078544,2627554,113979,12009,2126572,4832086,6958659,12599
2026-03-24,2026,3,24,chokepoint5,Malacca Strait,53,75,20,6,69,154,223,1623196,4950689,141115,28005,1683679,6743008,8426688,12600
2026-03-25,2026,3,25,chokepoint5,Malacca Strait,61,56,16,6,68,139,207,1898891,2509614,125561,31860,1326945,4565929,5892874,12601
2026-03-26,2026,3,26,chokepoint5,Malacca Strait,50,54,27,6,69,137,206,1340394,3620551,124842,12078,2380079,5097866,7477945,12602
2026-03-27,2026,3,27,chokepoint5,Malacca Strait,62,64,15,7,69,148,217,2261059,3424222,106340,10829,1454929,5802451,7257380,12603
2026-03-28,2026,3,28,chokepoint5,Malacca Strait,65,47,13,5,57,130,187,1786823,2286789,86590,23161,1939704,4183365,6123069,12604
2026-03-29,2026,3,29,chokepoint5,Malacca Strait,58,59,13,4,71,134,205,2131654,3413902,94107,3597,2264573,5643262,7907836,12605
2026-03-30,2026,3,30,chokepoint5,Malacca Strait,56,53,26,8,77,143,220,1542857,3033400,164938,26649,2806974,4767845,7574819,12606
2026-03-31,2026,3,31,chokepoint5,Malacca Strait,64,64,19,4,78,151,229,2163380,3934277,82717,13748,1003983,6194123,7198107,12607
2026-03-01,2026,3,1,chokepoint6,Strait of Hormuz,3,7,3,0,5,13,18,64346,263770,13807,0,153007,341924,494931,17307
2026-03-02,2026,3,2,chokepoint6,Strait of Hormuz,0,3,0,0,1,3,4,0,61822,0,0,0,61822,61822,17308
2026-03-03,2026,3,3,chokepoint6,Strait of Hormuz,1,2,0,0,1,3,4,0,96964,0,0,6701,96964,103665,17309
2026-03-04,2026,3,4,chokepoint6,Strait of Hormuz,0,0,0,0,0,0,0,0,0,0,0,0,0,0,17310
2026-03-05,2026,3,5,chokepoint6,Strait of Hormuz,0,1,1,0,1,2,3,0,18130,5901,0,0,24031,24031,17311
2026-03-06,2026,3,6,chokepoint6,Strait of Hormuz,0,0,0,0,0,0,0,0,0,0,0,0,0,0,17312
2026-03-07,2026,3,7,chokepoint6,Strait of Hormuz,0,2,0,0,0,2,2,0,102414,0,0,0,102414,102414,17313
2026-03-08,2026,3,8,chokepoint6,Strait of Hormuz,0,1,0,0,0,1,1,0,51168,0,0,0,51168,51168,17314
2026-03-09,2026,3,9,chokepoint6,Strait of Hormuz,0,0,1,0,0,1,1,0,0,1599,0,0,1599,1599,17315
2026-03-10,2026,3,10,chokepoint6,Strait of Hormuz,0,1,0,0,1,1,2,0,0,0,0,42122,0,42122,17316
2026-03-11,2026,3,11,chokepoint6,Strait of Hormuz,0,1,0,0,0,1,1,0,43477,0,0,0,43477,43477,17317
2026-03-12,2026,3,12,chokepoint6,Strait of Hormuz,1,0,0,0,0,1,1,0,0,0,0,0,0,0,17318
2026-03-13,2026,3,13,chokepoint6,Strait of Hormuz,0,0,0,0,0,0,0,0,0,0,0,0,0,0,17319
2026-03-14,2026,3,14,chokepoint6,Strait of Hormuz,0,0,0,0,0,0,0,0,0,0,0,0,0,0,17320
2026-03-15,2026,3,15,chokepoint6,Strait of Hormuz,2,3,0,0,2,5,7,24093,0,0,0,339183,24093,363277,17321
2026-03-16,2026,3,16,chokepoint6,Strait of Hormuz,0,2,0,0,0,2,2,0,0,0,0,0,0,0,17322
2026-03-17,2026,3,17,chokepoint6,Strait of Hormuz,0,0,0,0,1,0,1,0,0,0,0,47804,0,47804,17323
2026-03-18,2026,3,18,chokepoint6,Strait of Hormuz,0,0,0,0,0,0,0,0,0,0,0,0,0,0,17324
2026-03-19,2026,3,19,chokepoint6,Strait of Hormuz,0,0,0,0,0,0,0,0,0,0,0,0,0,0,17325
2026-03-20,2026,3,20,chokepoint6,Strait of Hormuz,0,1,0,0,2,1,3,0,74945,0,0,118692,74945,193637,17326
2026-03-21,2026,3,21,chokepoint6,Strait of Hormuz,0,0,0,0,0,0,0,0,0,0,0,0,0,0,17327
2026-03-22,2026,3,22,chokepoint6,Strait of Hormuz,0,2,0,0,0,2,2,0,31388,0,0,0,31388,31388,17328
2026-03-23,2026,3,23,chokepoint6,Strait of Hormuz,0,2,0,0,2,2,4,0,88658,0,0,48834,88658,137492,17329
2026-03-24,2026,3,24,chokepoint6,Strait of Hormuz,0,0,1,0,1,1,2,0,0,12988,0,0,12988,12988,17330
2026-03-25,2026,3,25,chokepoint6,Strait of Hormuz,0,0,0,0,1,0,1,0,0,0,0,0,0,0,17331
2026-03-26,2026,3,26,chokepoint6,Strait of Hormuz,0,4,0,0,0,4,4,0,73148,0,0,0,73148,73148,17332
2026-03-27,2026,3,27,chokepoint6,Strait of Hormuz,0,2,0,0,0,2,2,0,68784,0,0,0,68784,68784,17333
2026-03-28,2026,3,28,chokepoint6,Strait of Hormuz,0,5,0,0,0,5,5,0,97272,0,0,0,97272,97272,17334
2026-03-29,2026,3,29,chokepoint6,Strait of Hormuz,0,2,1,0,2,3,5,0,117202,2281,0,5464,119484,124948,17335
2026-03-30,2026,3,30,chokepoint6,Strait of Hormuz,2,0,1,0,3,3,6,107592,0,2169,0,0,109762,109762,17336
2026-03-31,2026,3,31,chokepoint6,Strait of Hormuz,1,1,1,0,2,3,5,6722,0,6529,0,70842,13252,84095,17337
2026-03-01,2026,3,1,chokepoint7,Cape of Good Hope,6,58,2,1,12,67,79,613914,3214607,3670,0,668596,3832192,4500788,18885
2026-03-02,2026,3,2,chokepoint7,Cape of Good Hope,17,43,2,4,11,66,77,1156833,2386475,12499,14430,427914,3570238,3998153,18886
2026-03-03,2026,3,3,chokepoint7,Cape of Good Hope,29,52,5,6,13,92,105,1696508,3217601,88684,32579,689662,5035373,5725036,18887
2026-03-04,2026,3,4,chokepoint7,Cape of Good Hope,29,65,6,2,15,102,117,1670355,3537385,43192,0,244745,5250934,5495679,18888
2026-03-05,2026,3,5,chokepoint7,Cape of Good Hope,27,59,10,6,14,102,116,1738445,4752397,93184,43873,762352,6627900,7390252,18889
2026-03-06,2026,3,6,chokepoint7,Cape of Good Hope,24,36,5,2,12,67,79,1409799,2202803,57859,18072,1191063,3688534,4879598,18890
2026-03-07,2026,3,7,chokepoint7,Cape of Good Hope,11,45,3,4,10,63,73,883009,2719655,60856,21457,527326,3684979,4212305,18891
2026-03-08,2026,3,8,chokepoint7,Cape of Good Hope,23,40,2,3,14,68,82,1277011,2246510,18427,2838,1353966,3544788,4898754,18892
2026-03-09,2026,3,9,chokepoint7,Cape of Good Hope,20,61,2,4,18,87,105,964739,3339105,7356,16732,1008309,4327933,5336243,18893
2026-03-10,2026,3,10,chokepoint7,Cape of Good Hope,23,47,5,4,13,79,92,1511274,2661933,56359,20236,304461,4249803,4554265,18894
2026-03-11,2026,3,11,chokepoint7,Cape of Good Hope,20,54,5,7,12,86,98,1453807,3335564,33645,42112,617831,4865130,5482962,18895
2026-03-12,2026,3,12,chokepoint7,Cape of Good Hope,19,45,5,3,11,72,83,1177833,3437547,37216,12740,574686,4665338,5240024,18896
2026-03-13,2026,3,13,chokepoint7,Cape of Good Hope,30,41,6,3,11,80,91,1821714,2901924,52425,5950,874819,4782014,5656834,18897
2026-03-14,2026,3,14,chokepoint7,Cape of Good Hope,14,40,8,2,20,64,84,909427,2170177,87486,10313,1175453,3177404,4352857,18898
2026-03-15,2026,3,15,chokepoint7,Cape of Good Hope,26,36,0,5,24,67,91,1904698,1891538,0,17707,1601971,3813945,5415916,18899
2026-03-16,2026,3,16,chokepoint7,Cape of Good Hope,16,47,5,2,13,70,83,985017,3879833,76959,4248,296040,4946058,5242098,18900
2026-03-17,2026,3,17,chokepoint7,Cape of Good Hope,19,46,1,4,28,70,98,1258005,2976497,16221,17904,2543112,4268629,6811742,18901
2026-03-18,2026,3,18,chokepoint7,Cape of Good Hope,25,54,8,5,14,92,106,1731722,2830417,37601,18632,247267,4618373,4865640,18902
2026-03-19,2026,3,19,chokepoint7,Cape of Good Hope,21,39,7,3,20,70,90,1281534,2378917,35469,18389,1302221,3714311,5016533,18903
2026-03-20,2026,3,20,chokepoint7,Cape of Good Hope,16,46,1,2,24,65,89,966036,3226791,5194,20289,1262306,4218311,5480617,18904
2026-03-21,2026,3,21,chokepoint7,Cape of Good Hope,20,44,3,3,19,70,89,1405145,3045224,20613,17052,886920,4488036,5374957,18905
2026-03-22,2026,3,22,chokepoint7,Cape of Good Hope,27,36,3,4,16,70,86,1573757,2299279,7246,18665,522889,3898948,4421837,18906
2026-03-23,2026,3,23,chokepoint7,Cape of Good Hope,15,37,5,5,23,62,85,835720,1854781,77669,18830,1041897,2787001,3828899,18907
2026-03-24,2026,3,24,chokepoint7,Cape of Good Hope,11,42,6,7,21,66,87,587627,2159602,80062,26735,684766,2854027,3538794,18908
2026-03-25,2026,3,25,chokepoint7,Cape of Good Hope,16,41,5,5,25,67,92,1000093,3414184,25399,24807,1055836,4464484,5520321,18909
2026-03-26,2026,3,26,chokepoint7,Cape of Good Hope,29,40,2,8,24,79,103,1748943,3652829,6532,25659,1286847,5433964,6720811,18910
2026-03-27,2026,3,27,chokepoint7,Cape of Good Hope,20,37,5,3,21,65,86,1355792,3470770,83222,15946,811867,4925731,5737599,18911
2026-03-28,2026,3,28,chokepoint7,Cape of Good Hope,15,35,5,3,29,58,87,979725,2039636,42742,6384,1036308,3068489,4104797,18912
2026-03-29,2026,3,29,chokepoint7,Cape of Good Hope,21,39,3,4,23,67,90,1652330,2897642,37358,12845,1516569,4600176,6116745,18913
2026-03-30,2026,3,30,chokepoint7,Cape of Good Hope,16,40,5,3,16,64,80,953822,2639098,8614,18858,546456,3620393,4166850,18914
2026-03-31,2026,3,31,chokepoint7,Cape of Good Hope,20,51,6,1,21,78,99,1218295,4207986,47193,0,924739,5473475,6398214,18915
2026-03-01,2026,3,1,chokepoint8,Gibraltar Strait,35,14,19,4,45,72,117,942750,471685,81514,570,1400655,1496521,2897176,23663
2026-03-02,2026,3,2,chokepoint8,Gibraltar Strait,24,29,22,5,52,80,132,776666,770366,67950,5562,1233464,1620546,2854011,23664
2026-03-03,2026,3,3,chokepoint8,Gibraltar Strait,41,25,24,5,61,95,156,1229095,1092296,104988,2091,1779332,2428472,4207805,23665
2026-03-04,2026,3,4,chokepoint8,Gibraltar Strait,25,23,21,7,46,76,122,725863,713774,81530,8035,1692509,1529204,3221713,23666
2026-03-05,2026,3,5,chokepoint8,Gibraltar Strait,31,29,25,4,45,89,134,1016568,801911,119658,11972,1980433,1950111,3930544,23667
2026-03-06,2026,3,6,chokepoint8,Gibraltar Strait,29,30,27,7,52,93,145,1064683,806532,89810,9583,1773369,1970608,3743977,23668
2026-03-07,2026,3,7,chokepoint8,Gibraltar Strait,26,25,24,7,48,82,130,730591,942143,90148,17207,969825,1780091,2749917,23669
2026-03-08,2026,3,8,chokepoint8,Gibraltar Strait,33,32,23,11,56,99,155,1347808,1456891,117917,36553,1656154,2959171,4615326,23670
2026-03-09,2026,3,9,chokepoint8,Gibraltar Strait,35,26,28,6,47,95,142,1364524,1219438,107042,7829,1344968,2698835,4043803,23671
2026-03-10,2026,3,10,chokepoint8,Gibraltar Strait,33,36,27,5,52,101,153,987224,1538054,112676,15888,1321275,2653843,3975118,23672
2026-03-11,2026,3,11,chokepoint8,Gibraltar Strait,41,26,29,3,44,99,143,1492825,877680,73222,16146,1505533,2459873,3965407,23673
2026-03-12,2026,3,12,chokepoint8,Gibraltar Strait,34,27,30,7,50,98,148,1224945,1191169,93549,22618,1669210,2532283,4201493,23674
2026-03-13,2026,3,13,chokepoint8,Gibraltar Strait,26,28,20,5,50,79,129,1098786,634220,80008,21342,1085538,1834358,2919897,23675
2026-03-14,2026,3,14,chokepoint8,Gibraltar Strait,33,28,28,9,55,98,153,1007878,767448,92605,16139,1614343,1884073,3498416,23676
2026-03-15,2026,3,15,chokepoint8,Gibraltar Strait,28,31,20,9,44,88,132,814332,1159835,65800,10291,657903,2050259,2708162,23677
2026-03-16,2026,3,16,chokepoint8,Gibraltar Strait,37,32,18,5,44,92,136,1078145,1023129,75384,8852,1237841,2185510,3423351,23678
2026-03-17,2026,3,17,chokepoint8,Gibraltar Strait,32,29,20,3,53,84,137,1123192,1344194,84631,8040,1566900,2560060,4126960,23679
2026-03-18,2026,3,18,chokepoint8,Gibraltar Strait,31,27,29,5,51,92,143,1030080,1227549,135691,17011,1197068,2410332,3607401,23680
2026-03-19,2026,3,19,chokepoint8,Gibraltar Strait,34,32,26,7,44,99,143,1090906,970181,76791,4574,1366980,2142454,3509434,23681
2026-03-20,2026,3,20,chokepoint8,Gibraltar Strait,21,33,24,7,49,85,134,713560,1695625,191346,14204,1419928,2614737,4034665,23682
2026-03-21,2026,3,21,chokepoint8,Gibraltar Strait,30,20,35,4,29,89,118,1112277,789813,168777,9306,1011791,2080175,3091966,23683
2026-03-22,2026,3,22,chokepoint8,Gibraltar Strait,30,28,28,7,46,93,139,762259,1291721,123206,9135,1668142,2186323,3854466,23684
2026-03-23,2026,3,23,chokepoint8,Gibraltar Strait,38,28,33,10,63,109,172,1171381,1055302,182534,16829,1872611,2426048,4298659,23685
2026-03-24,2026,3,24,chokepoint8,Gibraltar Strait,33,30,16,4,51,83,134,1203034,1031761,64574,10868,1833756,2310239,4143995,23686
2026-03-25,2026,3,25,chokepoint8,Gibraltar Strait,28,13,20,5,54,66,120,1012425,583419,86439,7778,2160273,1690063,3850336,23687
2026-03-26,2026,3,26,chokepoint8,Gibraltar Strait,33,30,22,6,54,91,145,950111,1002015,99547,9827,2042066,2061501,4103568,23688
2026-03-27,2026,3,27,chokepoint8,Gibraltar Strait,26,37,28,3,47,94,141,967690,2162945,64148,7744,1249975,3202528,4452504,23689
2026-03-28,2026,3,28,chokepoint8,Gibraltar Strait,36,28,13,6,32,83,115,1191613,899024,27845,8177,1311967,2126661,3438628,23690
2026-03-29,2026,3,29,chokepoint8,Gibraltar Strait,34,30,16,8,46,88,134,1107084,1584804,71058,18421,1742259,2781368,4523628,23691
2026-03-30,2026,3,30,chokepoint8,Gibraltar Strait,31,20,24,5,39,80,119,865312,895667,122988,15969,845326,1899937,2745264,23692
2026-03-31,2026,3,31,chokepoint8,Gibraltar Strait,34,20,20,2,40,76,116,1500198,737362,69244,6086,1018337,2312892,3331229,23693
2026-03-01,2026,3,1,chokepoint9,Dover Strait,43,29,47,11,58,130,188,1172931,706185,119520,32123,1322370,2030761,3353132,24041
2026-03-02,2026,3,2,chokepoint9,Dover Strait,32,28,31,5,69,96,165,1111444,1194106,95815,10548,1355786,2411915,3767701,24042
2026-03-03,2026,3,3,chokepoint9,Dover Strait,31,30,49,9,65,119,184,945404,1142686,131207,8077,1553943,2227375,3781319,24043
2026-03-04,2026,3,4,chokepoint9,Dover Strait,36,33,52,11,61,132,193,775676,1292826,157514,21269,898072,2247287,3145359,24044
2026-03-05,2026,3,5,chokepoint9,Dover Strait,38,22,53,9,62,122,184,982966,581292,177890,20082,1575368,1762232,3337600,24045
2026-03-06,2026,3,6,chokepoint9,Dover Strait,30,24,45,12,69,111,180,977660,754558,88948,21670,2026953,1842838,3869792,24046
2026-03-07,2026,3,7,chokepoint9,Dover Strait,38,22,52,8,52,120,172,1067605,828739,150208,15274,1653342,2061828,3715171,24047
2026-03-08,2026,3,8,chokepoint9,Dover Strait,37,22,44,17,51,120,171,988607,1480252,130489,48057,1667863,2647407,4315270,24048
2026-03-09,2026,3,9,chokepoint9,Dover Strait,35,22,34,10,67,101,168,876739,739423,150214,16520,1263397,1782897,3046295,24049
2026-03-10,2026,3,10,chokepoint9,Dover Strait,36,28,31,12,72,107,179,919237,1305264,83004,35297,1605012,2342805,3947817,24050
2026-03-11,2026,3,11,chokepoint9,Dover Strait,27,34,44,5,75,110,185,844986,1394094,106604,17306,1749575,2362992,4112567,24051
2026-03-12,2026,3,12,chokepoint9,Dover Strait,23,31,33,5,49,92,141,518215,1068531,126082,10907,1338251,1723736,3061988,24052
2026-03-13,2026,3,13,chokepoint9,Dover Strait,40,23,38,13,77,114,191,1449757,739393,111216,34290,1810757,2334657,4145414,24053
2026-03-14,2026,3,14,chokepoint9,Dover Strait,34,22,53,10,63,119,182,935386,680353,143793,27315,2052802,1786849,3839651,24054
2026-03-15,2026,3,15,chokepoint9,Dover Strait,45,24,46,12,71,127,198,1264175,883641,95775,35880,1667771,2279473,3947244,24055
2026-03-16,2026,3,16,chokepoint9,Dover Strait,38,29,39,14,82,120,202,1330144,1077881,114750,33699,2150547,2556477,4707024,24056
2026-03-17,2026,3,17,chokepoint9,Dover Strait,34,34,53,13,68,134,202,1000415,1451220,201909,32705,1689143,2686250,4375394,24057
2026-03-18,2026,3,18,chokepoint9,Dover Strait,43,33,49,10,75,135,210,862890,1203507,135256,27375,2554021,2229029,4783051,24058
2026-03-19,2026,3,19,chokepoint9,Dover Strait,33,19,44,12,73,108,181,1025485,974821,132884,32756,1139382,2165948,3305331,24059
2026-03-20,2026,3,20,chokepoint9,Dover Strait,41,36,45,12,69,134,203,1318164,1005551,142842,25449,2110374,2492008,4602382,24060
2026-03-21,2026,3,21,chokepoint9,Dover Strait,41,21,51,13,73,126,199,1077113,1112280,150478,33181,1599609,2373055,3972664,24061
2026-03-22,2026,3,22,chokepoint9,Dover Strait,46,45,35,14,63,140,203,1144798,1637934,90877,27729,1590825,2901340,4492165,24062
2026-03-23,2026,3,23,chokepoint9,Dover Strait,23,17,42,8,67,90,157,532972,785611,122653,6395,1649059,1447633,3096693,24063
2026-03-24,2026,3,24,chokepoint9,Dover Strait,35,26,40,13,78,114,192,1152865,1235312,107913,41298,1939450,2537389,4476840,24064
2026-03-25,2026,3,25,chokepoint9,Dover Strait,44,20,39,7,51,110,161,1415103,818353,170054,24876,1201039,2428386,3629425,24065
2026-03-26,2026,3,26,chokepoint9,Dover Strait,19,20,38,10,50,87,137,447328,1162429,140184,35775,675114,1785717,2460832,24066
2026-03-27,2026,3,27,chokepoint9,Dover Strait,38,10,53,15,70,116,186,1168676,479842,164026,41022,1133630,1853567,2987198,24067
2026-03-28,2026,3,28,chokepoint9,Dover Strait,41,31,50,13,62,135,197,1269961,1259567,113276,34477,1646914,2677282,4324197,24068
2026-03-29,2026,3,29,chokepoint9,Dover Strait,40,22,42,13,59,117,176,1376938,843540,90473,23711,1326394,2334663,3661058,24069
2026-03-30,2026,3,30,chokepoint9,Dover Strait,35,26,39,5,51,105,156,1056597,973012,115654,8430,1220613,2153695,3374309,24070
2026-03-31,2026,3,31,chokepoint9,Dover Strait,39,27,48,7,61,121,182,1272435,1248691,144060,3758,1069485,2668944,3738430,24071
2026-03-01,2026,3,1,chokepoint10,Oresund Strait,12,5,18,2,11,37,48,32083,4086,29574,5727,9336,71472,80808,26419
2026-03-02,2026,3,2,chokepoint10,Oresund Strait,3,5,18,3,6,29,35,10823,15006,23084,0,117349,48915,166265,26420
2026-03-03,2026,3,3,chokepoint10,Oresund Strait,4,5,23,5,22,37,59,4620,0,31664,7099,43609,43384,86994,26421
2026-03-04,2026,3,4,chokepoint10,Oresund Strait,6,5,22,1,12,34,46,10424,0,32677,1239,54607,44342,98949,26422
2026-03-05,2026,3,5,chokepoint10,Oresund Strait,4,6,18,3,14,31,45,8138,0,37774,5776,34761,51689,86451,26423
2026-03-06,2026,3,6,chokepoint10,Oresund Strait,7,4,18,4,11,33,44,12508,0,30209,679,13480,43397,56877,26424
2026-03-07,2026,3,7,chokepoint10,Oresund Strait,4,5,21,3,9,33,42,8080,7275,42340,5042,54102,62738,116840,26425
2026-03-08,2026,3,8,chokepoint10,Oresund Strait,5,3,14,1,16,23,39,14287,0,20235,3704,27120,38226,65347,26426
2026-03-09,2026,3,9,chokepoint10,Oresund Strait,3,3,13,2,5,21,26,6048,0,13009,1343,4336,20402,24738,26427
2026-03-10,2026,3,10,chokepoint10,Oresund Strait,6,4,27,1,13,38,51,6679,8651,29285,2180,69107,46797,115904,26428
2026-03-11,2026,3,11,chokepoint10,Oresund Strait,6,6,18,1,5,31,36,20915,8671,31755,0,6874,61342,68216,26429
2026-03-12,2026,3,12,chokepoint10,Oresund Strait,4,3,22,3,11,32,43,3293,0,33458,2421,29244,39174,68418,26430
2026-03-13,2026,3,13,chokepoint10,Oresund Strait,4,5,9,3,11,21,32,7097,27371,12359,34,62884,46863,109747,26431
2026-03-14,2026,3,14,chokepoint10,Oresund Strait,5,6,24,4,14,39,53,16712,21632,46596,3704,10845,88645,99490,26432
2026-03-15,2026,3,15,chokepoint10,Oresund Strait,6,5,14,2,11,27,38,11357,73715,25841,5411,21678,116324,138003,26433
2026-03-16,2026,3,16,chokepoint10,Oresund Strait,7,4,9,3,9,23,32,9660,44588,6455,1410,24800,62115,86916,26434
2026-03-17,2026,3,17,chokepoint10,Oresund Strait,5,8,19,3,10,35,45,3642,4086,35153,5388,97736,48271,146007,26435
2026-03-18,2026,3,18,chokepoint10,Oresund Strait,6,3,22,0,9,31,40,16472,0,33641,0,7146,50114,57261,26436
2026-03-19,2026,3,19,chokepoint10,Oresund Strait,5,7,17,3,10,32,42,18604,3100,25354,730,3407,47789,51197,26437
2026-03-20,2026,3,20,chokepoint10,Oresund Strait,8,7,22,2,18,39,57,24329,36793,54501,0,25737,115624,141361,26438
2026-03-21,2026,3,21,chokepoint10,Oresund Strait,5,7,26,3,11,41,52,13719,0,38148,5033,26427,56901,83329,26439
2026-03-22,2026,3,22,chokepoint10,Oresund Strait,7,7,25,2,10,41,51,15418,0,42791,3727,20415,61937,82352,26440
2026-03-23,2026,3,23,chokepoint10,Oresund Strait,4,4,17,5,13,30,43,8061,28252,22037,1033,22145,59384,81529,26441
2026-03-24,2026,3,24,chokepoint10,Oresund Strait,3,7,23,2,7,35,42,1624,0,37428,2205,6535,41258,47794,26442
2026-03-25,2026,3,25,chokepoint10,Oresund Strait,2,4,16,2,11,24,35,7483,7275,21121,1609,68595,37490,106085,26443
2026-03-26,2026,3,26,chokepoint10,Oresund Strait,8,3,17,3,13,31,44,17315,6398,29487,0,26897,53202,80099,26444
2026-03-27,2026,3,27,chokepoint10,Oresund Strait,1,5,14,1,6,21,27,1595,30493,26180,0,5464,58269,63733,26445
2026-03-28,2026,3,28,chokepoint10,Oresund Strait,9,9,17,7,15,42,57,22821,7345,29245,9419,32413,68831,101244,26446
2026-03-29,2026,3,29,chokepoint10,Oresund Strait,5,7,13,1,10,26,36,13279,32309,18919,0,17518,64508,82027,26447
2026-03-30,2026,3,30,chokepoint10,Oresund Strait,4,7,16,1,17,28,45,6628,101921,23970,0,42082,132520,174602,26448
2026-03-31,2026,3,31,chokepoint10,Oresund Strait,5,9,18,2,8,34,42,9034,34086,32755,2103,5630,77979,83610,26449
2026-03-05,2026,3,5,chokepoint11,Taiwan Strait,70,60,31,4,53,165,218,1323712,3390442,246029,8430,635619,4968614,5604234,31541
2026-03-01,2026,3,1,chokepoint11,Taiwan Strait,79,49,15,6,41,149,190,1640599,2123153,87739,5276,1041805,3856769,4898575,31598
2026-03-02,2026,3,2,chokepoint11,Taiwan Strait,83,61,17,7,41,168,209,1435941,2605437,107447,14453,1049830,4163279,5213109,31599
2026-03-03,2026,3,3,chokepoint11,Taiwan Strait,78,32,24,5,36,139,175,1314137,2046416,163626,25887,609317,3550067,4159384,31600
2026-03-04,2026,3,4,chokepoint11,Taiwan Strait,78,51,23,4,46,156,202,1420432,2803829,119119,9310,940147,4352692,5292839,31601
2026-03-06,2026,3,6,chokepoint11,Taiwan Strait,85,55,15,7,34,162,196,1705719,2108985,65917,25003,324205,3905625,4229831,31602
2026-03-07,2026,3,7,chokepoint11,Taiwan Strait,92,38,17,9,41,156,197,1783302,2551393,58123,12529,879642,4405349,5284992,31603
2026-03-08,2026,3,8,chokepoint11,Taiwan Strait,72,70,31,7,61,180,241,1652550,2690781,122781,12684,725213,4478796,5204010,31604
2026-03-09,2026,3,9,chokepoint11,Taiwan Strait,85,58,21,3,51,167,218,1711456,2825430,155085,4951,736805,4696923,5433729,31605
2026-03-10,2026,3,10,chokepoint11,Taiwan Strait,85,63,21,6,64,175,239,1456522,3479652,107927,18892,841180,5062993,5904173,31606
2026-03-11,2026,3,11,chokepoint11,Taiwan Strait,92,68,39,6,61,205,266,1982547,3493717,174057,9342,1681554,5659664,7341218,31607
2026-03-12,2026,3,12,chokepoint11,Taiwan Strait,85,62,17,8,46,172,218,1822842,2427953,48623,12106,472728,4311525,4784254,31608
2026-03-13,2026,3,13,chokepoint11,Taiwan Strait,102,52,19,6,43,179,222,2055092,2248923,142042,16246,1137320,4462304,5599624,31609
2026-03-14,2026,3,14,chokepoint11,Taiwan Strait,83,61,34,12,49,190,239,1539353,3560937,150955,33865,541986,5285111,5827097,31610
2026-03-15,2026,3,15,chokepoint11,Taiwan Strait,101,64,23,4,49,192,241,2014351,2765404,134009,9922,1143323,4923687,6067011,31611
2026-03-16,2026,3,16,chokepoint11,Taiwan Strait,85,61,39,6,46,191,237,1940797,2872999,188376,30494,405405,5032668,5438074,31612
2026-03-17,2026,3,17,chokepoint11,Taiwan Strait,105,71,29,9,44,214,258,1626201,3350287,204716,14608,1181164,5195814,6376978,31613
2026-03-18,2026,3,18,chokepoint11,Taiwan Strait,88,74,35,4,58,201,259,1563654,2680775,226257,4028,1320625,4474717,5795342,31614
2026-03-19,2026,3,19,chokepoint11,Taiwan Strait,83,66,22,5,60,176,236,1563951,3300333,96121,14174,715536,4974580,5690116,31615
2026-03-20,2026,3,20,chokepoint11,Taiwan Strait,82,59,26,8,39,175,214,1674718,2188440,133204,28957,417135,4025321,4442456,31616
2026-03-21,2026,3,21,chokepoint11,Taiwan Strait,104,54,23,10,46,191,237,2461040,2090922,102946,24897,873060,4679807,5552868,31617
2026-03-22,2026,3,22,chokepoint11,Taiwan Strait,91,60,30,3,57,184,241,2059584,2991779,207424,10676,815005,5269465,6084471,31618
2026-03-23,2026,3,23,chokepoint11,Taiwan Strait,92,63,27,4,36,186,222,1835673,3083803,111657,4668,435284,5035802,5471086,31619
2026-03-24,2026,3,24,chokepoint11,Taiwan Strait,98,62,35,1,39,196,235,2264893,2726677,186286,1310,502840,5179167,5682007,31620
2026-03-25,2026,3,25,chokepoint11,Taiwan Strait,98,66,24,5,48,193,241,2252045,3366610,164825,21063,579278,5804543,6383822,31621
2026-03-26,2026,3,26,chokepoint11,Taiwan Strait,71,57,17,5,43,150,193,1420994,2990099,82115,7980,688876,4501189,5190066,31622
2026-03-27,2026,3,27,chokepoint11,Taiwan Strait,92,53,31,7,49,183,232,2256038,2223401,210629,13613,606899,4703682,5310581,31623
2026-03-28,2026,3,28,chokepoint11,Taiwan Strait,93,80,26,9,54,208,262,2034842,4656620,119997,4393,671508,6815854,7487362,31624
2026-03-29,2026,3,29,chokepoint11,Taiwan Strait,94,65,24,3,40,186,226,1820229,3552548,74314,18990,501811,5466083,5967894,31625
2026-03-30,2026,3,30,chokepoint11,Taiwan Strait,80,72,19,8,31,179,210,1492294,3638122,101675,19189,372407,5251281,5623688,31626
2026-03-31,2026,3,31,chokepoint11,Taiwan Strait,85,56,28,9,46,178,224,1915896,3028545,219585,13452,776477,5177479,5953957,31627
2026-03-01,2026,3,1,chokepoint12,Korea Strait,52,33,54,8,47,147,194,868099,1146141,113537,19640,858775,2147418,3006193,32376
2026-03-02,2026,3,2,chokepoint12,Korea Strait,41,29,18,4,36,92,128,940798,904506,45351,3582,752173,1894237,2646411,32377
2026-03-03,2026,3,3,chokepoint12,Korea Strait,57,33,43,8,54,141,195,1127900,1510405,105015,8128,611698,2751449,3363148,32378
2026-03-04,2026,3,4,chokepoint12,Korea Strait,54,36,70,15,64,175,239,908315,558951,117583,20297,512123,1605147,2117270,32379
2026-03-05,2026,3,5,chokepoint12,Korea Strait,58,63,56,11,69,188,257,994127,2255687,106450,17051,1060954,3373316,4434271,32380
2026-03-06,2026,3,6,chokepoint12,Korea Strait,44,39,49,6,46,138,184,738629,1273364,127969,7592,882117,2147556,3029674,32381
2026-03-07,2026,3,7,chokepoint12,Korea Strait,52,28,46,5,54,131,185,914912,1105260,102485,4365,1037719,2127023,3164743,32382
2026-03-08,2026,3,8,chokepoint12,Korea Strait,52,34,55,5,59,146,205,946410,1210099,131147,6130,1176923,2293787,3470711,32383
2026-03-09,2026,3,9,chokepoint12,Korea Strait,46,39,47,6,65,138,203,792809,1269913,100997,6232,755968,2169953,2925921,32384
2026-03-10,2026,3,10,chokepoint12,Korea Strait,56,41,45,10,48,152,200,1018243,1321447,107220,7717,805137,2454628,3259766,32385
2026-03-11,2026,3,11,chokepoint12,Korea Strait,50,40,43,10,49,143,192,848418,962499,85387,11499,382387,1907805,2290192,32386
2026-03-12,2026,3,12,chokepoint12,Korea Strait,51,31,51,8,51,141,192,797970,678995,168425,8520,790991,1653912,2444903,32387
2026-03-13,2026,3,13,chokepoint12,Korea Strait,71,36,41,7,55,155,210,1518767,978696,84261,13297,852533,2595023,3447557,32388
2026-03-14,2026,3,14,chokepoint12,Korea Strait,56,41,76,8,58,181,239,1154129,785591,161477,8509,974930,2109708,3084638,32389
2026-03-15,2026,3,15,chokepoint12,Korea Strait,50,38,48,7,57,143,200,863913,1709439,124327,2794,945843,2700474,3646317,32390
2026-03-16,2026,3,16,chokepoint12,Korea Strait,57,37,51,4,64,149,213,952049,1362743,120235,19889,1083721,2454919,3538641,32391
2026-03-17,2026,3,17,chokepoint12,Korea Strait,45,33,54,9,58,141,199,743475,765252,112851,13748,931131,1635327,2566458,32392
2026-03-18,2026,3,18,chokepoint12,Korea Strait,43,36,43,11,51,133,184,820615,924560,135631,12787,950207,1893594,2843802,32393
2026-03-19,2026,3,19,chokepoint12,Korea Strait,46,28,44,8,48,126,174,1022709,773638,111125,14555,1032377,1922030,2954407,32394
2026-03-20,2026,3,20,chokepoint12,Korea Strait,69,40,53,9,51,171,222,1378994,1101287,162178,13554,422835,2656014,3078850,32395
2026-03-21,2026,3,21,chokepoint12,Korea Strait,48,33,47,11,60,139,199,778841,1025999,101273,15493,641650,1921607,2563258,32396
2026-03-22,2026,3,22,chokepoint12,Korea Strait,66,40,43,7,45,156,201,1214018,1701469,118197,5831,656504,3039517,3696021,32397
2026-03-23,2026,3,23,chokepoint12,Korea Strait,52,41,42,12,52,147,199,949549,1609225,92576,6013,557034,2657365,3214399,32398
2026-03-24,2026,3,24,chokepoint12,Korea Strait,49,39,48,10,61,146,207,790912,901472,97520,6570,1034731,1796475,2831206,32399
2026-03-25,2026,3,25,chokepoint12,Korea Strait,51,36,56,9,54,152,206,681644,959562,173928,5573,708595,1820709,2529304,32400
2026-03-26,2026,3,26,chokepoint12,Korea Strait,52,36,60,14,51,162,213,958550,949163,169366,15666,618565,2092746,2711312,32401
2026-03-27,2026,3,27,chokepoint12,Korea Strait,58,46,58,7,54,169,223,1217021,1569341,130492,5742,537135,2922596,3459732,33570
2026-03-28,2026,3,28,chokepoint12,Korea Strait,56,47,48,7,49,158,207,962957,1115027,144719,14689,180559,2237394,2417954,33572
2026-03-29,2026,3,29,chokepoint12,Korea Strait,51,36,46,13,44,146,190,716913,867837,97276,11573,641179,1693600,2334780,33574
2026-03-30,2026,3,30,chokepoint12,Korea Strait,58,36,53,6,53,153,206,1023516,1103594,169375,7803,767404,2304289,3071694,33576
2026-03-31,2026,3,31,chokepoint12,Korea Strait,52,39,45,11,53,147,200,913284,1400372,89873,15936,554747,2419466,2974213,33578
2026-03-01,2026,3,1,chokepoint13,Tsugaru Strait,7,9,7,3,12,26,38,367388,223227,25435,12037,355950,628089,984039,34353
2026-03-02,2026,3,2,chokepoint13,Tsugaru Strait,6,12,17,1,17,36,53,227066,522202,18058,0,54936,767327,822264,34354
2026-03-03,2026,3,3,chokepoint13,Tsugaru Strait,6,9,10,4,10,29,39,374258,100253,13696,16228,159152,504437,663589,34355
2026-03-04,2026,3,4,chokepoint13,Tsugaru Strait,8,13,2,1,6,24,30,363543,320083,3957,0,66842,687584,754426,34356
2026-03-05,2026,3,5,chokepoint13,Tsugaru Strait,13,17,4,0,16,34,50,751376,916025,6686,0,179570,1674089,1853659,34357
2026-03-06,2026,3,6,chokepoint13,Tsugaru Strait,11,11,9,1,14,32,46,474057,534281,10616,4554,195558,1023509,1219068,34358
2026-03-07,2026,3,7,chokepoint13,Tsugaru Strait,10,11,6,3,6,30,36,447576,453039,23537,4412,206872,928566,1135438,34359
2026-03-08,2026,3,8,chokepoint13,Tsugaru Strait,16,11,9,3,13,39,52,373506,258929,11123,8890,31415,652449,683865,34360
2026-03-09,2026,3,9,chokepoint13,Tsugaru Strait,8,15,12,3,17,38,55,307675,392753,34012,4723,181862,739164,921027,34361
2026-03-10,2026,3,10,chokepoint13,Tsugaru Strait,12,7,9,2,11,30,41,407673,159334,11821,6137,58129,584967,643096,34362
2026-03-11,2026,3,11,chokepoint13,Tsugaru Strait,10,8,9,2,18,29,47,289463,310200,36551,4548,335581,640765,976346,34363
2026-03-12,2026,3,12,chokepoint13,Tsugaru Strait,16,11,9,0,9,36,45,872203,218310,10869,0,10785,1101383,1112169,34364
2026-03-13,2026,3,13,chokepoint13,Tsugaru Strait,7,14,10,0,11,31,42,238087,511141,18826,0,83438,768055,851493,34365
2026-03-14,2026,3,14,chokepoint13,Tsugaru Strait,12,13,19,3,16,47,63,501188,552382,16996,16113,174985,1086680,1261666,34366
2026-03-15,2026,3,15,chokepoint13,Tsugaru Strait,8,20,14,2,16,44,60,351318,798371,41067,530,517223,1191288,1708511,34367
2026-03-16,2026,3,16,chokepoint13,Tsugaru Strait,13,18,7,1,15,39,54,591365,442612,6708,0,68671,1040686,1109358,34368
2026-03-17,2026,3,17,chokepoint13,Tsugaru Strait,15,11,19,4,15,49,64,573368,299908,34955,14092,36797,922324,959121,34369
2026-03-18,2026,3,18,chokepoint13,Tsugaru Strait,14,16,16,2,8,48,56,489979,350024,24834,7593,328380,872432,1200812,34370
2026-03-19,2026,3,19,chokepoint13,Tsugaru Strait,16,8,12,2,11,38,49,575750,270799,37095,10797,188301,894443,1082744,34371
2026-03-20,2026,3,20,chokepoint13,Tsugaru Strait,8,8,2,2,8,20,28,353531,201507,10876,2969,52361,568885,621246,34372
2026-03-21,2026,3,21,chokepoint13,Tsugaru Strait,9,12,8,3,14,32,46,351512,531658,4857,5867,103762,893895,997657,34373
2026-03-22,2026,3,22,chokepoint13,Tsugaru Strait,11,16,17,6,18,50,68,322276,384343,45646,12251,206644,764517,971161,34374
2026-03-23,2026,3,23,chokepoint13,Tsugaru Strait,12,9,11,1,18,33,51,551724,448659,21918,0,39260,1022302,1061562,34375
2026-03-24,2026,3,24,chokepoint13,Tsugaru Strait,18,9,7,5,14,39,53,659756,237522,6819,17081,150642,921179,1071822,34376
2026-03-25,2026,3,25,chokepoint13,Tsugaru Strait,9,23,12,2,10,46,56,457947,989461,26897,1013,255926,1475319,1731245,34377
2026-03-26,2026,3,26,chokepoint13,Tsugaru Strait,17,12,5,1,15,35,50,496012,173895,6456,4587,214685,680951,895637,34378
2026-03-27,2026,3,27,chokepoint13,Tsugaru Strait,13,9,9,1,15,32,47,613969,352899,8325,4529,194728,979724,1174452,34379
2026-03-28,2026,3,28,chokepoint13,Tsugaru Strait,15,8,11,3,19,37,56,567788,209146,23787,7857,359809,808579,1168389,34380
2026-03-29,2026,3,29,chokepoint13,Tsugaru Strait,13,12,9,3,7,37,44,570064,448998,6502,15773,109264,1041339,1150604,34381
2026-03-30,2026,3,30,chokepoint13,Tsugaru Strait,7,17,12,3,14,39,53,195728,713673,34271,3878,134945,947552,1082497,34382
2026-03-31,2026,3,31,chokepoint13,Tsugaru Strait,15,13,8,4,16,40,56,566359,369588,24674,4641,204580,965264,1169845,34383
2026-03-01,2026,3,1,chokepoint14,Luzon Strait,12,24,5,4,17,45,62,256944,2212328,30777,12496,1303508,2512546,3816054,39531
2026-03-02,2026,3,2,chokepoint14,Luzon Strait,8,27,2,2,28,39,67,220982,1780463,15253,6292,1850249,2022991,3873241,39532
2026-03-03,2026,3,3,chokepoint14,Luzon Strait,11,25,7,3,27,46,73,220247,2700764,58495,13744,2166877,2993251,5160129,39533
2026-03-04,2026,3,4,chokepoint14,Luzon Strait,6,23,7,3,18,39,57,119812,1843477,24863,8817,684922,1996969,2681892,39534
2026-03-05,2026,3,5,chokepoint14,Luzon Strait,11,31,7,4,14,53,67,438681,3514309,42164,11942,1175399,4007097,5182497,39535
2026-03-06,2026,3,6,chokepoint14,Luzon Strait,11,24,7,1,25,43,68,283508,2242446,26358,6492,1529445,2558806,4088251,39536
2026-03-07,2026,3,7,chokepoint14,Luzon Strait,8,23,3,2,23,36,59,283477,1971316,7963,5728,1048884,2268485,3317369,39537
2026-03-08,2026,3,8,chokepoint14,Luzon Strait,13,38,9,3,25,63,88,191674,3463631,49662,6134,1073156,3711102,4784259,39538
2026-03-09,2026,3,9,chokepoint14,Luzon Strait,6,33,6,3,25,48,73,182284,2182960,34423,3884,1447081,2403552,3850634,39539
2026-03-10,2026,3,10,chokepoint14,Luzon Strait,6,25,5,2,17,38,55,337577,2188689,43765,9305,256261,2579337,2835599,39540
2026-03-11,2026,3,11,chokepoint14,Luzon Strait,6,29,2,2,24,39,63,122346,2221838,30441,14522,1689783,2389149,4078933,39541
2026-03-12,2026,3,12,chokepoint14,Luzon Strait,6,23,3,3,16,35,51,153044,1967727,13574,8908,1092448,2143255,3235704,39542
2026-03-13,2026,3,13,chokepoint14,Luzon Strait,4,23,2,1,11,30,41,79655,2064951,10268,0,736255,2154875,2891130,39543
2026-03-14,2026,3,14,chokepoint14,Luzon Strait,11,23,11,5,17,50,67,416933,2551141,55496,11386,1204031,3034958,4238989,39544
2026-03-15,2026,3,15,chokepoint14,Luzon Strait,9,27,8,5,24,49,73,201509,2770986,45950,0,1039611,3018446,4058058,39545
2026-03-16,2026,3,16,chokepoint14,Luzon Strait,8,25,9,4,25,46,71,141392,1964337,38098,11230,1773853,2155058,3928912,39546
2026-03-17,2026,3,17,chokepoint14,Luzon Strait,10,27,8,5,18,50,68,238832,2623341,31785,13775,1118865,2907735,4026601,39547
2026-03-18,2026,3,18,chokepoint14,Luzon Strait,14,21,12,3,15,50,65,360841,1590117,110550,7676,972375,2069185,3041561,39548
2026-03-19,2026,3,19,chokepoint14,Luzon Strait,4,36,5,1,15,46,61,90449,2745296,58579,0,802075,2894324,3696400,39549
2026-03-20,2026,3,20,chokepoint14,Luzon Strait,12,24,8,4,16,48,64,337758,1659986,40307,11391,831558,2049443,2881002,39550
2026-03-21,2026,3,21,chokepoint14,Luzon Strait,12,21,5,2,23,40,63,317697,2094438,37316,2510,1233405,2451962,3685367,39551
2026-03-22,2026,3,22,chokepoint14,Luzon Strait,9,30,2,3,17,44,61,192349,2713909,5066,30332,1005617,2941657,3947274,39552
2026-03-23,2026,3,23,chokepoint14,Luzon Strait,8,19,6,2,14,35,49,191629,985203,27953,13527,316712,1218313,1535026,39553
2026-03-24,2026,3,24,chokepoint14,Luzon Strait,5,21,4,3,17,33,50,242774,2045549,33213,5450,503551,2326987,2830538,39554
2026-03-25,2026,3,25,chokepoint14,Luzon Strait,9,25,6,3,15,43,58,185968,2243284,61667,1406,1135178,2492326,3627504,39555
2026-03-26,2026,3,26,chokepoint14,Luzon Strait,10,24,4,2,12,40,52,278990,2496993,18281,6595,698655,2800859,3499515,39556
2026-03-27,2026,3,27,chokepoint14,Luzon Strait,9,33,2,1,21,45,66,190162,1931892,15967,7267,397780,2145289,2543070,39557
2026-03-28,2026,3,28,chokepoint14,Luzon Strait,7,20,2,4,25,33,58,163219,2283648,20239,12278,1331362,2479386,3810748,39558
2026-03-29,2026,3,29,chokepoint14,Luzon Strait,6,21,8,5,19,40,59,140240,2187653,59121,16241,1137614,2403255,3540870,39559
2026-03-30,2026,3,30,chokepoint14,Luzon Strait,6,24,5,4,16,39,55,165414,1863215,33985,2609,537003,2065225,2602228,39560
2026-03-31,2026,3,31,chokepoint14,Luzon Strait,8,45,3,2,22,58,80,88954,4023173,43419,6149,846574,4161695,5008270,39561
2026-03-01,2026,3,1,chokepoint15,Lombok Strait,1,24,3,0,7,28,35,817,2032189,13686,0,199004,2046692,2245696,41109
2026-03-02,2026,3,2,chokepoint15,Lombok Strait,0,25,3,1,6,29,35,0,2772908,40814,0,117392,2813722,2931114,41110
2026-03-03,2026,3,3,chokepoint15,Lombok Strait,0,27,2,1,8,30,38,0,3414734,8929,0,127486,3423663,3551150,41111
2026-03-04,2026,3,4,chokepoint15,Lombok Strait,0,21,3,0,8,24,32,0,1898287,9825,0,225854,1908113,2133967,41112
2026-03-05,2026,3,5,chokepoint15,Lombok Strait,0,28,1,0,8,29,37,0,1648047,0,0,208234,1648047,1856282,41113
2026-03-06,2026,3,6,chokepoint15,Lombok Strait,0,21,1,1,11,23,34,0,2204005,5378,4759,247100,2214143,2461243,41114
2026-03-07,2026,3,7,chokepoint15,Lombok Strait,0,36,2,0,5,38,43,0,1880999,0,0,81061,1880999,1962060,41115
2026-03-08,2026,3,8,chokepoint15,Lombok Strait,1,30,1,1,8,33,41,6480,3409909,3896,0,154790,3420286,3575077,41116
2026-03-09,2026,3,9,chokepoint15,Lombok Strait,0,20,1,0,10,21,31,0,2271320,0,0,173711,2271320,2445031,41117
2026-03-10,2026,3,10,chokepoint15,Lombok Strait,0,31,1,0,5,32,37,0,4121825,2108,0,120059,4123934,4243993,41118
2026-03-11,2026,3,11,chokepoint15,Lombok Strait,0,25,1,0,10,26,36,0,2694056,17661,0,157181,2711717,2868899,41119
2026-03-12,2026,3,12,chokepoint15,Lombok Strait,1,26,6,0,14,33,47,2201,1860419,14153,0,132888,1876774,2009662,41120
2026-03-13,2026,3,13,chokepoint15,Lombok Strait,0,36,1,0,9,37,46,0,3436933,0,0,106690,3436933,3543623,41121
2026-03-14,2026,3,14,chokepoint15,Lombok Strait,0,33,0,0,9,33,42,0,3370016,0,0,184753,3370016,3554770,41122
2026-03-15,2026,3,15,chokepoint15,Lombok Strait,0,28,2,0,7,30,37,0,2539280,6785,0,11454,2546065,2557520,41123
2026-03-16,2026,3,16,chokepoint15,Lombok Strait,0,36,1,0,8,37,45,0,3765040,2660,0,203124,3767700,3970825,41124
2026-03-17,2026,3,17,chokepoint15,Lombok Strait,0,33,2,0,5,35,40,0,3746920,6098,0,140439,3753018,3893458,41125
2026-03-18,2026,3,18,chokepoint15,Lombok Strait,0,27,1,0,9,28,37,0,2548493,1049,0,356724,2549542,2906267,41126
2026-03-19,2026,3,19,chokepoint15,Lombok Strait,0,37,1,1,7,39,46,0,3300840,2065,0,161280,3302906,3464186,41127
2026-03-20,2026,3,20,chokepoint15,Lombok Strait,0,22,3,0,12,25,37,0,3000037,11250,0,180166,3011288,3191454,41128
2026-03-21,2026,3,21,chokepoint15,Lombok Strait,0,28,2,0,8,30,38,0,2445562,12650,0,170032,2458212,2628244,41129
2026-03-22,2026,3,22,chokepoint15,Lombok Strait,0,26,1,1,8,28,36,0,2527929,0,0,608051,2527929,3135980,41130
2026-03-23,2026,3,23,chokepoint15,Lombok Strait,0,37,1,1,8,39,47,0,2969560,840,4210,341732,2974611,3316343,41131
2026-03-24,2026,3,24,chokepoint15,Lombok Strait,0,25,0,0,6,25,31,0,2878611,0,0,58337,2878611,2936948,41132
2026-03-25,2026,3,25,chokepoint15,Lombok Strait,0,32,1,0,12,33,45,0,3521370,3120,0,145764,3524491,3670255,41133
2026-03-26,2026,3,26,chokepoint15,Lombok Strait,0,35,4,0,6,39,45,0,3571030,9857,0,208427,3580887,3789314,41134
2026-03-27,2026,3,27,chokepoint15,Lombok Strait,0,22,0,0,5,22,27,0,1395578,0,0,124895,1395578,1520474,41135
2026-03-28,2026,3,28,chokepoint15,Lombok Strait,0,13,4,0,6,17,23,0,918921,32257,0,241105,951178,1192284,41136
2026-03-29,2026,3,29,chokepoint15,Lombok Strait,0,19,1,1,4,21,25,0,890965,19754,0,7259,910720,917979,41137
2026-03-30,2026,3,30,chokepoint15,Lombok Strait,1,22,4,0,8,27,35,2074,1851355,26395,0,122079,1879825,2001905,41138
2026-03-31,2026,3,31,chokepoint15,Lombok Strait,0,16,3,0,11,19,30,0,1344928,10036,0,129389,1354965,1484354,41139
2026-03-01,2026,3,1,chokepoint16,Ombai Strait,0,4,0,0,4,4,8,0,1896002,0,0,84915,1896002,1980918,45487
2026-03-02,2026,3,2,chokepoint16,Ombai Strait,1,6,1,0,4,8,12,0,1652919,0,0,146066,1652919,1798986,45488
2026-03-03,2026,3,3,chokepoint16,Ombai Strait,0,3,0,0,3,3,6,0,475696,0,0,84434,475696,560131,45489
2026-03-04,2026,3,4,chokepoint16,Ombai Strait,1,6,0,0,7,7,14,29090,1209277,0,0,144234,1238367,1382601,45490
2026-03-05,2026,3,5,chokepoint16,Ombai Strait,0,2,0,0,2,2,4,0,124352,0,0,0,124352,124352,45491
2026-03-06,2026,3,6,chokepoint16,Ombai Strait,1,6,1,1,4,9,13,29716,1762775,2926,3738,165803,1799156,1964960,45492
2026-03-07,2026,3,7,chokepoint16,Ombai Strait,0,4,0,0,1,4,5,0,55861,0,0,87798,55861,143659,45493
2026-03-08,2026,3,8,chokepoint16,Ombai Strait,1,1,1,0,3,3,6,6938,242576,0,0,0,249515,249515,45494
2026-03-09,2026,3,9,chokepoint16,Ombai Strait,1,3,2,0,3,6,9,21648,115776,7331,0,89962,144757,234719,45495
2026-03-10,2026,3,10,chokepoint16,Ombai Strait,1,5,0,0,2,6,8,3550,1735769,0,0,0,1739320,1739320,45496
2026-03-11,2026,3,11,chokepoint16,Ombai Strait,1,4,0,0,2,5,7,13121,225799,0,0,68165,238921,307086,45497
2026-03-12,2026,3,12,chokepoint16,Ombai Strait,0,2,1,1,4,4,8,0,352690,2152,2945,45663,357789,403452,45498
2026-03-13,2026,3,13,chokepoint16,Ombai Strait,2,4,0,1,4,7,11,27132,391658,0,409,34969,419200,454169,45499
2026-03-14,2026,3,14,chokepoint16,Ombai Strait,1,8,1,0,4,10,14,1002,2575988,491,0,96511,2577481,2673993,45500
2026-03-15,2026,3,15,chokepoint16,Ombai Strait,4,1,0,0,4,5,9,67941,76238,0,0,48555,144179,192735,45501
2026-03-16,2026,3,16,chokepoint16,Ombai Strait,0,4,1,0,5,5,10,0,427876,0,0,5236,427876,433112,45502
2026-03-17,2026,3,17,chokepoint16,Ombai Strait,2,5,2,0,2,9,11,67279,320381,11697,0,88196,399358,487555,45503
2026-03-18,2026,3,18,chokepoint16,Ombai Strait,0,4,0,0,0,4,4,0,308963,0,0,0,308963,308963,45504
2026-03-19,2026,3,19,chokepoint16,Ombai Strait,2,4,0,0,4,6,10,14837,466378,0,0,49095,481216,530312,45505
2026-03-20,2026,3,20,chokepoint16,Ombai Strait,2,4,0,0,4,6,10,53486,204935,0,0,8043,258422,266465,45506
2026-03-21,2026,3,21,chokepoint16,Ombai Strait,3,5,0,1,4,9,13,59466,270551,0,2214,81303,332231,413535,45507
2026-03-22,2026,3,22,chokepoint16,Ombai Strait,0,10,0,0,4,10,14,0,2494741,0,0,197709,2494741,2692451,45508
2026-03-23,2026,3,23,chokepoint16,Ombai Strait,0,3,0,0,1,3,4,0,0,0,0,87718,0,87718,45509
2026-03-24,2026,3,24,chokepoint16,Ombai Strait,1,5,0,0,0,6,6,27464,1677334,0,0,0,1704798,1704798,45510
2026-03-25,2026,3,25,chokepoint16,Ombai Strait,2,5,0,0,5,7,12,42476,1572476,0,0,0,1614953,1614953,45511
2026-03-26,2026,3,26,chokepoint16,Ombai Strait,1,3,1,0,4,5,9,42340,199815,6089,0,122614,248246,370860,45512
2026-03-27,2026,3,27,chokepoint16,Ombai Strait,0,2,0,0,2,2,4,0,31583,0,0,0,31583,31583,45513
2026-03-28,2026,3,28,chokepoint16,Ombai Strait,2,4,2,0,6,8,14,32367,112823,4559,0,215339,149750,365090,45514
2026-03-29,2026,3,29,chokepoint16,Ombai Strait,1,3,2,0,5,6,11,4332,887934,2108,0,16630,894374,911005,45515
2026-03-30,2026,3,30,chokepoint16,Ombai Strait,2,2,0,0,0,4,4,11249,33854,0,0,0,45103,45103,45516
2026-03-31,2026,3,31,chokepoint16,Ombai Strait,0,6,1,0,5,7,12,0,401629,9334,0,234857,410964,645821,45517
2026-03-01,2026,3,1,chokepoint17,Bohai Strait,14,84,19,2,34,119,153,335981,4518487,115344,1301,802167,4971115,5773283,46666
2026-03-02,2026,3,2,chokepoint17,Bohai Strait,17,87,17,2,34,123,157,324706,5430205,73316,1318,409303,5829547,6238850,46667
2026-03-03,2026,3,3,chokepoint17,Bohai Strait,23,77,16,0,37,116,153,530597,5338197,54615,0,1400287,5923409,7323696,46668
2026-03-04,2026,3,4,chokepoint17,Bohai Strait,16,83,17,3,39,119,158,302439,3757262,70347,1318,676489,4131368,4807857,46669
2026-03-05,2026,3,5,chokepoint17,Bohai Strait,18,91,23,1,40,133,173,260077,4927965,56077,0,1295108,5244120,6539228,46670
2026-03-06,2026,3,6,chokepoint17,Bohai Strait,16,87,14,3,36,120,156,296287,4677047,100783,2571,687104,5076690,5763794,46671
2026-03-07,2026,3,7,chokepoint17,Bohai Strait,20,75,17,1,46,113,159,325505,3862260,91453,3848,1356544,4283067,5639612,46672
2026-03-08,2026,3,8,chokepoint17,Bohai Strait,20,85,24,0,38,129,167,511949,4818680,118917,0,951918,5449547,6401465,46673
2026-03-09,2026,3,9,chokepoint17,Bohai Strait,16,81,15,2,37,114,151,228520,4401402,67773,9215,1047829,4706912,5754741,46674
2026-03-10,2026,3,10,chokepoint17,Bohai Strait,27,104,17,2,40,150,190,503994,4937086,92996,0,1145730,5534077,6679808,46675
2026-03-11,2026,3,11,chokepoint17,Bohai Strait,26,80,24,1,47,131,178,600633,4096467,89247,7307,1518926,4793655,6312582,46676
2026-03-12,2026,3,12,chokepoint17,Bohai Strait,24,104,24,3,41,155,196,556734,7164994,133072,5416,740701,7860218,8600919,46677
2026-03-13,2026,3,13,chokepoint17,Bohai Strait,23,98,9,3,35,133,168,452109,5219232,35067,4028,460009,5710437,6170447,46678
2026-03-14,2026,3,14,chokepoint17,Bohai Strait,22,78,16,1,37,117,154,405804,3554317,46776,7307,640043,4014205,4654248,46679
2026-03-15,2026,3,15,chokepoint17,Bohai Strait,18,85,23,2,40,128,168,217877,5380272,109457,9910,412833,5717517,6130351,46680
2026-03-16,2026,3,16,chokepoint17,Bohai Strait,23,93,23,1,45,140,185,474806,4315087,86471,1163,757071,4877528,5634600,46681
2026-03-17,2026,3,17,chokepoint17,Bohai Strait,26,86,17,0,39,129,168,376081,6644473,89009,0,953393,7109564,8062958,46682
2026-03-18,2026,3,18,chokepoint17,Bohai Strait,20,89,21,3,38,133,171,189408,4800390,82478,1857,482913,5074134,5557048,46683
2026-03-19,2026,3,19,chokepoint17,Bohai Strait,23,97,17,1,30,138,168,421226,5648158,54575,3066,474238,6127027,6601265,46684
2026-03-20,2026,3,20,chokepoint17,Bohai Strait,30,84,23,2,36,139,175,482592,4148638,133012,2537,941088,4766780,5707868,46685
2026-03-21,2026,3,21,chokepoint17,Bohai Strait,21,101,19,1,40,142,182,327069,5901716,55495,1259,804145,6285542,7089687,46686
2026-03-22,2026,3,22,chokepoint17,Bohai Strait,19,98,16,2,40,135,175,343267,6261721,86533,0,643003,6691521,7334525,46687
2026-03-23,2026,3,23,chokepoint17,Bohai Strait,13,50,13,2,33,78,111,210154,2910393,75150,9215,1354897,3204913,4559810,46688
2026-03-24,2026,3,24,chokepoint17,Bohai Strait,27,122,25,1,40,175,215,507360,7945771,154531,2701,620644,8610365,9231009,46689
2026-03-25,2026,3,25,chokepoint17,Bohai Strait,24,101,19,0,48,144,192,557531,6318784,101788,0,562849,6978103,7540952,46690
2026-03-26,2026,3,26,chokepoint17,Bohai Strait,23,73,15,2,34,113,147,546215,3988014,97987,1879,640184,4634095,5274280,46691
2026-03-27,2026,3,27,chokepoint17,Bohai Strait,20,97,17,3,30,137,167,470057,4780808,51570,9928,568301,5312365,5880667,46692
2026-03-28,2026,3,28,chokepoint17,Bohai Strait,23,117,26,1,38,167,205,505905,6521343,89637,0,516209,7116886,7633096,46693
2026-03-29,2026,3,29,chokepoint17,Bohai Strait,24,90,22,1,38,137,175,581042,5213597,107352,1902,874185,5903894,6778079,46694
2026-03-30,2026,3,30,chokepoint17,Bohai Strait,20,98,17,0,35,135,170,323399,5809275,89525,0,315987,6222200,6538187,46695
2026-03-31,2026,3,31,chokepoint17,Bohai Strait,34,87,18,0,36,139,175,775465,4578930,98178,0,495179,5452573,5947753,46696
2026-03-01,2026,3,1,chokepoint18,Torres Strait,0,4,0,0,1,4,5,0,36575,0,0,0,36575,36575,48243
2026-03-02,2026,3,2,chokepoint18,Torres Strait,1,5,0,0,0,6,6,24177,46177,0,0,0,70354,70354,48244
2026-03-03,2026,3,3,chokepoint18,Torres Strait,2,4,3,0,1,9,10,63736,111633,2890,0,2781,178260,181042,48245
2026-03-04,2026,3,4,chokepoint18,Torres Strait,1,3,1,0,2,5,7,29716,63751,574,0,79979,94042,174022,48246
2026-03-05,2026,3,5,chokepoint18,Torres Strait,0,4,2,0,3,6,9,0,102908,7893,0,91672,110802,202475,48247
2026-03-06,2026,3,6,chokepoint18,Torres Strait,2,3,0,0,4,5,9,51772,46371,0,0,12830,98144,110974,48248
2026-03-07,2026,3,7,chokepoint18,Torres Strait,1,4,1,0,1,6,7,21648,80690,1318,0,0,103657,103657,48249
2026-03-08,2026,3,8,chokepoint18,Torres Strait,2,3,0,0,1,5,6,31332,0,0,0,40168,31332,71501,48250
2026-03-09,2026,3,9,chokepoint18,Torres Strait,1,5,2,1,0,9,9,15512,181812,5078,5349,0,207753,207753,48251
2026-03-10,2026,3,10,chokepoint18,Torres Strait,1,7,1,0,1,9,10,51168,227239,0,0,32224,278408,310632,48252
2026-03-11,2026,3,11,chokepoint18,Torres Strait,0,5,0,0,1,5,6,0,83970,0,0,0,83970,83970,48253
2026-03-12,2026,3,12,chokepoint18,Torres Strait,1,3,1,0,2,5,7,15731,131605,574,0,11939,147911,159851,48254
2026-03-13,2026,3,13,chokepoint18,Torres Strait,2,3,1,1,0,7,7,56572,58391,2705,2470,0,120140,120140,48255
2026-03-14,2026,3,14,chokepoint18,Torres Strait,0,6,2,0,1,8,9,0,151401,4531,0,0,155933,155933,48256
2026-03-15,2026,3,15,chokepoint18,Torres Strait,4,2,0,0,2,6,8,74723,0,0,0,82471,74723,157194,48257
2026-03-16,2026,3,16,chokepoint18,Torres Strait,1,7,1,0,0,9,9,24183,265838,2604,0,0,292626,292626,48258
2026-03-17,2026,3,17,chokepoint18,Torres Strait,3,5,1,0,3,9,12,61861,94205,0,0,42783,156066,198850,48259
2026-03-18,2026,3,18,chokepoint18,Torres Strait,2,2,1,0,3,5,8,49394,0,574,0,90147,49969,140116,48260
2026-03-19,2026,3,19,chokepoint18,Torres Strait,1,4,0,1,0,6,6,27855,107463,0,4659,0,139978,139978,48261
2026-03-20,2026,3,20,chokepoint18,Torres Strait,1,7,0,0,1,8,9,21277,0,0,0,0,21277,21277,48262
2026-03-21,2026,3,21,chokepoint18,Torres Strait,1,5,2,0,0,8,8,10046,178451,1462,0,0,189959,189959,48263
2026-03-22,2026,3,22,chokepoint18,Torres Strait,0,5,2,0,3,7,10,0,85751,5209,0,19069,90960,110030,48264
2026-03-23,2026,3,23,chokepoint18,Torres Strait,4,4,0,1,3,9,12,133264,109622,0,2214,147311,245101,392413,48265
2026-03-24,2026,3,24,chokepoint18,Torres Strait,0,2,1,0,3,3,6,0,0,0,0,87059,0,87059,48266
2026-03-25,2026,3,25,chokepoint18,Torres Strait,0,4,2,0,3,6,9,0,106727,1342,0,0,108070,108070,48267
2026-03-26,2026,3,26,chokepoint18,Torres Strait,1,1,1,0,5,3,8,10724,0,2108,0,44284,12832,57117,48268
2026-03-27,2026,3,27,chokepoint18,Torres Strait,3,10,0,0,0,13,13,73880,380320,0,0,0,454201,454201,48269
2026-03-28,2026,3,28,chokepoint18,Torres Strait,2,7,1,0,1,10,11,68915,120691,1462,0,18795,191068,209864,48270
2026-03-29,2026,3,29,chokepoint18,Torres Strait,0,2,1,0,4,3,7,0,68199,1797,0,44258,69996,114255,48271
2026-03-30,2026,3,30,chokepoint18,Torres Strait,4,2,1,0,1,7,8,85395,0,6089,0,32075,91485,123560,48272
2026-03-31,2026,3,31,chokepoint18,Torres Strait,0,4,1,0,3,5,8,0,176790,0,0,46572,176790,223363,48273
2026-03-01,2026,3,1,chokepoint19,Sunda Strait,9,22,4,1,10,36,46,465894,1469273,14703,0,105616,1949871,2055488,52221
2026-03-02,2026,3,2,chokepoint19,Sunda Strait,1,11,5,1,6,18,24,2443,465754,43583,7307,79105,519088,598193,52222
2026-03-03,2026,3,3,chokepoint19,Sunda Strait,2,16,3,0,13,21,34,46819,1360354,27592,0,552681,1434766,1987447,52223
2026-03-04,2026,3,4,chokepoint19,Sunda Strait,6,17,4,1,8,28,36,112002,1010494,6051,4184,8585,1132732,1141318,52224
2026-03-05,2026,3,5,chokepoint19,Sunda Strait,0,11,1,1,14,13,27,0,559111,4775,0,540765,563887,1104653,52225
2026-03-06,2026,3,6,chokepoint19,Sunda Strait,3,7,2,0,7,12,19,20235,209266,9730,0,407341,239232,646574,52226
2026-03-07,2026,3,7,chokepoint19,Sunda Strait,8,12,6,0,12,26,38,239104,973766,17762,0,70600,1230633,1301233,52227
2026-03-08,2026,3,8,chokepoint19,Sunda Strait,6,11,2,1,11,20,31,136446,980305,7838,17711,569657,1142302,1711959,52228
2026-03-09,2026,3,9,chokepoint19,Sunda Strait,2,10,2,2,17,16,33,17540,734081,18016,2334,342414,771972,1114387,52229
2026-03-10,2026,3,10,chokepoint19,Sunda Strait,4,17,8,1,9,30,39,98833,1706189,19958,6742,249276,1831724,2081001,52230
2026-03-11,2026,3,11,chokepoint19,Sunda Strait,5,15,4,2,11,26,37,236790,1000378,52274,17141,627024,1306585,1933610,52231
2026-03-12,2026,3,12,chokepoint19,Sunda Strait,1,14,2,1,12,18,30,4422,598201,28755,3094,387164,634474,1021638,52232
2026-03-13,2026,3,13,chokepoint19,Sunda Strait,8,14,3,3,11,28,39,223788,719526,32221,18775,491045,994313,1485358,52233
2026-03-14,2026,3,14,chokepoint19,Sunda Strait,5,14,8,0,16,27,43,111456,555150,70119,0,350382,736727,1087109,52234
2026-03-15,2026,3,15,chokepoint19,Sunda Strait,4,14,3,0,11,21,32,81108,540446,4209,0,111695,625765,737460,52235
2026-03-16,2026,3,16,chokepoint19,Sunda Strait,3,15,4,1,14,23,37,77877,728614,2180,0,157685,808672,966358,52236
2026-03-17,2026,3,17,chokepoint19,Sunda Strait,2,12,2,1,11,17,28,16983,1531857,1311,0,231107,1550152,1781260,52237
2026-03-18,2026,3,18,chokepoint19,Sunda Strait,4,17,2,0,13,23,36,129769,1254511,10529,0,552859,1394810,1947669,52238
2026-03-19,2026,3,19,chokepoint19,Sunda Strait,2,12,6,0,15,20,35,21960,381056,42978,0,520429,445995,966425,52239
2026-03-20,2026,3,20,chokepoint19,Sunda Strait,6,16,1,2,7,25,32,112331,1076308,7654,0,42038,1196294,1238332,52240
2026-03-21,2026,3,21,chokepoint19,Sunda Strait,3,14,1,0,11,18,29,74141,964514,3248,0,402185,1041904,1444089,52241
2026-03-22,2026,3,22,chokepoint19,Sunda Strait,1,15,5,2,10,23,33,31082,783271,33870,14666,529015,862891,1391907,52242
2026-03-23,2026,3,23,chokepoint19,Sunda Strait,1,9,4,1,8,15,23,4216,485664,61610,0,378672,551491,930164,52243
2026-03-24,2026,3,24,chokepoint19,Sunda Strait,2,13,3,2,12,20,32,69959,1079134,22034,0,111959,1171128,1283088,52244
2026-03-25,2026,3,25,chokepoint19,Sunda Strait,4,19,2,0,10,25,35,100482,1389303,14754,0,141149,1504539,1645689,52245
2026-03-26,2026,3,26,chokepoint19,Sunda Strait,4,11,2,0,11,17,28,179098,874103,8847,0,264909,1062049,1326959,52246
2026-03-27,2026,3,27,chokepoint19,Sunda Strait,4,15,4,2,9,25,34,36123,1344306,20136,16859,132483,1417426,1549910,52247
2026-03-28,2026,3,28,chokepoint19,Sunda Strait,4,13,4,0,17,21,38,81212,1111086,16905,0,226713,1209204,1435918,52248
2026-03-29,2026,3,29,chokepoint19,Sunda Strait,4,6,6,2,14,18,32,130401,453617,14085,16410,360596,614514,975110,52249
2026-03-30,2026,3,30,chokepoint19,Sunda Strait,0,14,5,2,9,21,30,0,1270115,23938,11448,405664,1305501,1711166,52250
2026-03-31,2026,3,31,chokepoint19,Sunda Strait,0,14,4,0,12,18,30,0,533202,19222,0,111846,552425,664271,52251
2026-03-01,2026,3,1,chokepoint20,Makassar Strait,1,39,3,0,5,43,48,5941,2853864,11368,0,114443,2871174,2985618,54599
2026-03-02,2026,3,2,chokepoint20,Makassar Strait,1,37,3,1,4,42,46,7366,2401678,7250,2743,4600,2419038,2423638,54600
2026-03-03,2026,3,3,chokepoint20,Makassar Strait,3,52,1,0,2,56,58,28922,3095116,2798,0,158332,3126837,3285170,54601
2026-03-04,2026,3,4,chokepoint20,Makassar Strait,1,25,4,0,4,30,34,10141,2268613,19916,0,136564,2298671,2435235,54602
2026-03-05,2026,3,5,chokepoint20,Makassar Strait,1,47,1,0,7,49,56,0,3139183,2798,0,278001,3141982,3419983,54603
2026-03-06,2026,3,6,chokepoint20,Makassar Strait,1,32,3,0,5,36,41,6480,1869808,32271,0,125682,1908560,2034243,54604
2026-03-07,2026,3,7,chokepoint20,Makassar Strait,1,32,0,0,1,33,34,9898,1699698,0,0,4086,1709597,1713684,54605
2026-03-08,2026,3,8,chokepoint20,Makassar Strait,2,40,1,0,1,43,44,37734,2714007,0,0,0,2751741,2751741,54606
2026-03-09,2026,3,9,chokepoint20,Makassar Strait,1,35,6,1,6,43,49,5922,2996162,22435,0,41772,3024520,3066293,54607
2026-03-10,2026,3,10,chokepoint20,Makassar Strait,3,36,0,0,7,39,46,28504,2713137,0,0,46837,2741642,2788479,54608
2026-03-11,2026,3,11,chokepoint20,Makassar Strait,2,38,4,0,8,44,52,22006,2148392,5909,0,98910,2176307,2275218,54609
2026-03-12,2026,3,12,chokepoint20,Makassar Strait,1,35,3,0,3,39,42,21375,2406299,6420,0,10097,2434095,2444192,54610
2026-03-13,2026,3,13,chokepoint20,Makassar Strait,2,23,4,0,6,29,35,64863,1188287,38739,0,8211,1291889,1300101,54611
2026-03-14,2026,3,14,chokepoint20,Makassar Strait,1,42,2,0,6,45,51,7172,2196006,1365,0,8957,2204544,2213502,54612
2026-03-15,2026,3,15,chokepoint20,Makassar Strait,1,35,6,0,2,42,44,17003,3569709,13147,0,94900,3599859,3694760,54613
2026-03-16,2026,3,16,chokepoint20,Makassar Strait,3,23,2,0,3,28,31,42976,1610392,8818,0,7251,1662188,1669439,54614
2026-03-17,2026,3,17,chokepoint20,Makassar Strait,2,43,4,0,4,49,53,9453,3065728,19959,0,24049,3095141,3119191,54615
2026-03-18,2026,3,18,chokepoint20,Makassar Strait,2,33,0,0,2,35,37,32627,2769533,0,0,50255,2802160,2852415,54616
2026-03-19,2026,3,19,chokepoint20,Makassar Strait,0,35,4,0,6,39,45,0,2488254,3373,0,41835,2491628,2533463,54617
2026-03-20,2026,3,20,chokepoint20,Makassar Strait,1,45,2,1,6,49,55,18357,2640912,16511,0,86350,2675781,2762131,54618
2026-03-21,2026,3,21,chokepoint20,Makassar Strait,2,44,2,0,4,48,52,29197,2786498,18709,0,30032,2834405,2864437,54619
2026-03-22,2026,3,22,chokepoint20,Makassar Strait,1,38,1,0,6,40,46,21225,3272218,1417,0,31845,3294861,3326707,54620
2026-03-23,2026,3,23,chokepoint20,Makassar Strait,1,25,2,0,6,28,34,9511,1557399,0,0,348630,1566911,1915541,54621
2026-03-24,2026,3,24,chokepoint20,Makassar Strait,1,38,1,0,5,40,45,5191,2574241,3983,0,314921,2583417,2898338,54622
2026-03-25,2026,3,25,chokepoint20,Makassar Strait,1,35,4,0,3,40,43,7883,3337953,7545,0,89181,3353382,3442564,54623
2026-03-26,2026,3,26,chokepoint20,Makassar Strait,1,43,2,0,8,46,54,4674,3402964,6484,0,99753,3414123,3513877,54624
2026-03-27,2026,3,27,chokepoint20,Makassar Strait,1,43,2,0,6,46,52,54507,3857072,3038,0,94550,3914618,4009168,54625
2026-03-28,2026,3,28,chokepoint20,Makassar Strait,2,42,2,0,5,46,51,5941,2859305,4935,0,71627,2870182,2941809,54626
2026-03-29,2026,3,29,chokepoint20,Makassar Strait,1,26,2,0,5,29,34,21832,1275782,8917,0,15181,1306532,1321714,54627
2026-03-30,2026,3,30,chokepoint20,Makassar Strait,1,22,1,0,2,24,26,4943,1245805,5066,0,2128,1255814,1257943,54628
2026-03-31,2026,3,31,chokepoint20,Makassar Strait,1,33,2,0,5,36,41,0,1469452,0,0,92136,1469452,1561589,54629
2026-03-01,2026,3,1,chokepoint21,Magellan Strait,0,2,0,0,1,2,3,0,112291,0,0,18252,112291,130543,58608
2026-03-02,2026,3,2,chokepoint21,Magellan Strait,1,1,0,0,1,2,3,27801,58922,0,0,0,86724,86724,58609
2026-03-03,2026,3,3,chokepoint21,Magellan Strait,0,2,0,0,0,2,2,0,32949,0,0,0,32949,32949,58610
2026-03-04,2026,3,4,chokepoint21,Magellan Strait,0,1,0,0,0,1,1,0,24263,0,0,0,24263,24263,58611
2026-03-05,2026,3,5,chokepoint21,Magellan Strait,0,1,0,0,2,1,3,0,36923,0,0,212493,36923,249417,58612
2026-03-06,2026,3,6,chokepoint21,Magellan Strait,0,3,0,0,0,3,3,0,70745,0,0,0,70745,70745,58613
2026-03-07,2026,3,7,chokepoint21,Magellan Strait,0,3,1,0,1,4,5,0,126123,0,0,0,126123,126123,58614
2026-03-08,2026,3,8,chokepoint21,Magellan Strait,0,2,0,1,0,3,3,0,86140,0,7582,0,93722,93722,58615
2026-03-09,2026,3,9,chokepoint21,Magellan Strait,2,5,0,0,1,7,8,36826,169373,0,0,22478,206199,228678,58616
2026-03-10,2026,3,10,chokepoint21,Magellan Strait,0,1,1,0,0,2,2,0,0,3651,0,0,3651,3651,58617
2026-03-11,2026,3,11,chokepoint21,Magellan Strait,1,1,0,0,0,2,2,6389,35096,0,0,0,41486,41486,58618
2026-03-12,2026,3,12,chokepoint21,Magellan Strait,0,2,0,0,0,2,2,0,57709,0,0,0,57709,57709,58619
2026-03-13,2026,3,13,chokepoint21,Magellan Strait,1,3,0,0,0,4,4,26828,57303,0,0,0,84132,84132,58620
2026-03-14,2026,3,14,chokepoint21,Magellan Strait,0,3,0,0,0,3,3,0,100347,0,0,0,100347,100347,58621
2026-03-15,2026,3,15,chokepoint21,Magellan Strait,0,2,0,0,2,2,4,0,32796,0,0,213774,32796,246570,58622
2026-03-16,2026,3,16,chokepoint21,Magellan Strait,0,3,0,0,2,3,5,0,179112,0,0,78014,179112,257127,58623
2026-03-17,2026,3,17,chokepoint21,Magellan Strait,1,2,0,0,2,3,5,30841,33535,0,0,145516,64376,209893,58624
2026-03-18,2026,3,18,chokepoint21,Magellan Strait,0,1,1,0,1,2,3,0,41681,2716,0,0,44397,44397,58625
2026-03-19,2026,3,19,chokepoint21,Magellan Strait,1,2,0,0,0,3,3,9674,36778,0,0,0,46453,46453,58626
2026-03-20,2026,3,20,chokepoint21,Magellan Strait,0,2,0,0,0,2,2,0,91284,0,0,0,91284,91284,58627
2026-03-21,2026,3,21,chokepoint21,Magellan Strait,0,2,0,0,2,2,4,0,52912,0,0,0,52912,52912,58628
2026-03-22,2026,3,22,chokepoint21,Magellan Strait,0,4,0,0,1,4,5,0,142322,0,0,18916,142322,161238,58629
2026-03-23,2026,3,23,chokepoint21,Magellan Strait,0,3,0,1,0,4,4,0,125824,0,2850,0,128674,128674,58630
2026-03-24,2026,3,24,chokepoint21,Magellan Strait,1,2,0,0,1,3,4,26319,68879,0,0,0,95198,95198,58631
2026-03-25,2026,3,25,chokepoint21,Magellan Strait,1,4,0,0,0,5,5,2108,203678,0,0,0,205787,205787,58632
2026-03-26,2026,3,26,chokepoint21,Magellan Strait,0,0,1,1,2,2,4,0,0,3429,2409,117926,5839,123766,58633
2026-03-27,2026,3,27,chokepoint21,Magellan Strait,0,1,1,0,1,2,3,0,42866,3923,0,52713,46790,99503,58634
2026-03-28,2026,3,28,chokepoint21,Magellan Strait,1,2,0,1,2,4,6,27504,85834,0,4160,20699,117498,138197,58635
2026-03-29,2026,3,29,chokepoint21,Magellan Strait,1,3,1,0,1,5,6,20245,95406,5494,0,0,121147,121147,58636
2026-03-30,2026,3,30,chokepoint21,Magellan Strait,0,1,2,0,0,3,3,0,33550,26468,0,0,60018,60018,58637
2026-03-31,2026,3,31,chokepoint21,Magellan Strait,1,3,2,0,2,6,8,30108,121841,26147,0,0,178096,178096,58638
2026-03-01,2026,3,1,chokepoint22,Yucatan Channel,15,13,2,2,27,32,59,243516,423822,1645,2166,769038,671150,1440188,61355
2026-03-02,2026,3,2,chokepoint22,Yucatan Channel,10,8,1,1,21,20,41,121020,262435,4109,4923,445193,392487,837681,61356
2026-03-03,2026,3,3,chokepoint22,Yucatan Channel,7,6,2,1,29,16,45,108525,162813,24414,6670,1083153,302423,1385576,61357
2026-03-04,2026,3,4,chokepoint22,Yucatan Channel,10,8,3,1,26,22,48,103400,303234,31914,5369,924133,443919,1368053,61358
2026-03-05,2026,3,5,chokepoint22,Yucatan Channel,6,12,4,1,26,23,49,37141,391926,22502,5645,1046109,457215,1503324,61359
2026-03-06,2026,3,6,chokepoint22,Yucatan Channel,9,6,6,1,26,22,48,61624,149025,16676,0,1175081,227327,1402408,61360
2026-03-07,2026,3,7,chokepoint22,Yucatan Channel,10,7,7,0,27,24,51,174273,185037,17157,0,589977,376468,966445,61361
2026-03-08,2026,3,8,chokepoint22,Yucatan Channel,13,10,3,1,29,27,56,136880,234430,22158,6541,667878,400011,1067890,61362
2026-03-09,2026,3,9,chokepoint22,Yucatan Channel,8,10,5,0,20,23,43,194850,384794,58632,0,340379,638276,978656,61363
2026-03-10,2026,3,10,chokepoint22,Yucatan Channel,9,3,2,0,29,14,43,107142,131148,2201,0,1118987,240492,1359480,61364
2026-03-11,2026,3,11,chokepoint22,Yucatan Channel,13,11,3,0,27,27,54,149926,282230,10061,0,619293,442218,1061511,61365
2026-03-12,2026,3,12,chokepoint22,Yucatan Channel,7,14,4,1,22,26,48,125641,438312,47770,0,790012,611723,1401736,61366
2026-03-13,2026,3,13,chokepoint22,Yucatan Channel,13,10,2,1,28,26,54,163016,354055,34287,3448,482597,554807,1037404,61367
2026-03-14,2026,3,14,chokepoint22,Yucatan Channel,7,9,5,0,31,21,52,74509,336449,26525,0,719405,437484,1156890,61368
2026-03-15,2026,3,15,chokepoint22,Yucatan Channel,15,7,7,0,33,29,62,128079,324540,31488,0,816404,484108,1300513,61369
2026-03-16,2026,3,16,chokepoint22,Yucatan Channel,8,8,3,0,32,19,51,125669,257398,37911,0,744815,420979,1165795,61370
2026-03-17,2026,3,17,chokepoint22,Yucatan Channel,6,6,4,0,29,16,45,112283,244004,17835,0,562427,374123,936550,61371
2026-03-18,2026,3,18,chokepoint22,Yucatan Channel,8,9,5,2,25,24,49,124436,348630,19523,0,879015,492589,1371605,61372
2026-03-19,2026,3,19,chokepoint22,Yucatan Channel,6,6,1,0,25,13,38,45726,245798,3533,0,964054,295059,1259113,61373
2026-03-20,2026,3,20,chokepoint22,Yucatan Channel,13,8,1,1,25,23,48,144672,231533,3655,0,674452,379861,1054313,61374
2026-03-21,2026,3,21,chokepoint22,Yucatan Channel,9,8,0,2,44,19,63,135177,318641,0,6270,1821176,460090,2281266,61375
2026-03-22,2026,3,22,chokepoint22,Yucatan Channel,11,12,6,0,21,29,50,88480,372269,37411,0,689863,498161,1188024,61376
2026-03-23,2026,3,23,chokepoint22,Yucatan Channel,10,11,4,2,31,27,58,146409,456523,20898,0,1300536,623831,1924368,61377
2026-03-24,2026,3,24,chokepoint22,Yucatan Channel,6,6,5,0,26,17,43,58320,370346,28586,0,872348,457253,1329601,61378
2026-03-25,2026,3,25,chokepoint22,Yucatan Channel,10,18,5,1,40,34,74,98952,903188,57045,2586,1374470,1061773,2436243,61379
2026-03-26,2026,3,26,chokepoint22,Yucatan Channel,9,12,2,2,26,25,51,78026,438184,6772,7421,648120,530405,1178526,61380
2026-03-27,2026,3,27,chokepoint22,Yucatan Channel,10,10,0,1,19,21,40,84708,456570,0,0,562395,541278,1103673,61381
2026-03-28,2026,3,28,chokepoint22,Yucatan Channel,11,8,3,4,31,26,57,131604,248122,18211,5201,896623,403140,1299763,61382
2026-03-29,2026,3,29,chokepoint22,Yucatan Channel,13,10,7,1,39,31,70,142037,376519,63515,0,1764259,582071,2346330,61383
2026-03-30,2026,3,30,chokepoint22,Yucatan Channel,10,10,3,1,28,24,52,254843,371708,30168,8400,998072,665121,1663193,61384
2026-03-31,2026,3,31,chokepoint22,Yucatan Channel,11,5,4,2,30,22,52,138806,214725,44753,0,948953,398286,1347240,61385
2026-03-01,2026,3,1,chokepoint23,Windward Passage,9,1,1,3,2,14,16,254323,48430,1604,6683,35827,311042,346869,63468
2026-03-02,2026,3,2,chokepoint23,Windward Passage,13,5,1,1,1,20,21,171239,181766,0,0,6248,353005,359254,63470
2026-03-03,2026,3,3,chokepoint23,Windward Passage,10,3,3,2,2,18,20,157674,96673,2437,0,54639,256785,311424,63472
2026-03-04,2026,3,4,chokepoint23,Windward Passage,5,1,3,2,3,11,14,173808,51080,12349,4805,145882,242043,387926,63474
2026-03-05,2026,3,5,chokepoint23,Windward Passage,5,1,4,3,1,13,14,226070,39420,4605,4237,17668,274335,292003,63476
2026-03-06,2026,3,6,chokepoint23,Windward Passage,7,0,4,3,2,14,16,194866,0,8112,14591,76759,217569,294329,63478
2026-03-07,2026,3,7,chokepoint23,Windward Passage,9,0,2,1,1,12,13,201167,0,1226,3838,0,206232,206232,63480
2026-03-08,2026,3,8,chokepoint23,Windward Passage,10,3,6,4,2,23,25,156267,117946,14416,18206,0,306836,306836,63482
2026-03-09,2026,3,9,chokepoint23,Windward Passage,8,1,1,2,2,12,14,189631,52230,2620,13435,39604,257918,297523,63484
2026-03-10,2026,3,10,chokepoint23,Windward Passage,7,4,7,1,2,19,21,120620,171825,27810,8526,76962,328781,405744,63486
2026-03-11,2026,3,11,chokepoint23,Windward Passage,7,1,1,2,7,11,18,305769,12009,3971,4454,164900,326205,491105,63488
2026-03-12,2026,3,12,chokepoint23,Windward Passage,8,1,1,6,2,16,18,279267,0,661,36862,0,316792,316792,63490
2026-03-13,2026,3,13,chokepoint23,Windward Passage,10,3,4,3,3,20,23,277560,86205,16822,8044,7366,388632,395999,63492
2026-03-14,2026,3,14,chokepoint23,Windward Passage,9,1,4,2,4,16,20,186590,0,24429,5512,286921,216532,503454,63494
2026-03-15,2026,3,15,chokepoint23,Windward Passage,9,2,3,4,1,18,19,139777,100085,4294,6214,12197,250372,262569,63496
2026-03-16,2026,3,16,chokepoint23,Windward Passage,10,4,2,2,0,18,18,142603,167075,5665,5121,0,320465,320465,63498
2026-03-17,2026,3,17,chokepoint23,Windward Passage,9,2,0,2,2,13,15,169617,47974,0,6159,61122,223752,284874,63500
2026-03-18,2026,3,18,chokepoint23,Windward Passage,4,2,5,2,0,13,13,51913,0,14537,13222,0,79673,79673,63502
2026-03-19,2026,3,19,chokepoint23,Windward Passage,5,3,3,1,3,12,15,144850,77144,2062,0,62798,224056,286855,63504
2026-03-20,2026,3,20,chokepoint23,Windward Passage,8,2,1,3,3,14,17,139363,76952,0,0,96915,216316,313231,63506
2026-03-21,2026,3,21,chokepoint23,Windward Passage,11,1,4,1,3,17,20,351208,50711,21593,3863,0,427376,427376,63508
2026-03-22,2026,3,22,chokepoint23,Windward Passage,9,2,1,2,1,14,15,171193,34871,6941,2879,36163,215885,252049,63509
2026-03-23,2026,3,23,chokepoint23,Windward Passage,12,3,1,4,4,20,24,147859,62058,0,12680,81005,222599,303605,63511
2026-03-24,2026,3,24,chokepoint23,Windward Passage,12,5,2,4,3,23,26,262662,273459,6035,3121,108179,545279,653458,63516
2026-03-25,2026,3,25,chokepoint23,Windward Passage,3,0,5,1,2,9,11,61930,0,3907,0,11497,65838,77336,63518
2026-03-26,2026,3,26,chokepoint23,Windward Passage,3,3,2,4,1,12,13,136671,92898,2682,9022,38340,241275,279615,63520
2026-03-27,2026,3,27,chokepoint23,Windward Passage,6,1,4,1,2,12,14,78366,0,21690,0,47972,100056,148029,63523
2026-03-28,2026,3,28,chokepoint23,Windward Passage,7,1,2,1,2,11,13,219356,32475,1260,0,33877,253092,286969,63525
2026-03-29,2026,3,29,chokepoint23,Windward Passage,7,1,1,5,1,14,15,110622,0,513,16892,38976,128028,167004,63527
2026-03-30,2026,3,30,chokepoint23,Windward Passage,12,1,0,2,1,15,16,179115,61702,0,671,11497,241490,252987,63529
2026-03-31,2026,3,31,chokepoint23,Windward Passage,10,2,1,4,1,17,18,143096,88698,880,12777,858,245453,246312,63531
2026-03-01,2026,3,1,chokepoint24,Mona Passage,2,6,4,0,1,12,13,69677,338766,33297,0,0,441741,441741,66111
2026-03-02,2026,3,2,chokepoint24,Mona Passage,3,3,2,0,5,8,13,22848,200785,1665,0,53912,225300,279212,66112
2026-03-03,2026,3,3,chokepoint24,Mona Passage,5,1,2,2,7,10,17,102735,61863,2464,2765,83217,169828,253046,66113
2026-03-04,2026,3,4,chokepoint24,Mona Passage,2,5,1,0,1,8,9,9123,321514,1992,0,0,332630,332630,66114
2026-03-05,2026,3,5,chokepoint24,Mona Passage,7,3,2,0,1,12,13,183892,112014,6333,0,0,302240,302240,66115
2026-03-06,2026,3,6,chokepoint24,Mona Passage,3,3,1,1,3,8,11,101523,202833,6100,0,54143,310457,364601,66116
2026-03-07,2026,3,7,chokepoint24,Mona Passage,3,4,2,0,2,9,11,114848,149102,4162,0,53003,268113,321116,66117
2026-03-08,2026,3,8,chokepoint24,Mona Passage,3,2,1,1,4,7,11,83990,109340,4178,1954,192984,199463,392448,66118
2026-03-09,2026,3,9,chokepoint24,Mona Passage,3,7,0,1,4,11,15,102654,411780,0,0,7768,514434,522203,66119
2026-03-10,2026,3,10,chokepoint24,Mona Passage,4,4,0,0,4,8,12,81241,159197,0,0,81472,240439,321911,66120
2026-03-11,2026,3,11,chokepoint24,Mona Passage,4,7,0,0,6,11,17,105079,260477,0,0,159379,365556,524936,66121
2026-03-12,2026,3,12,chokepoint24,Mona Passage,3,5,2,1,4,11,15,38228,347737,6201,7338,157351,399506,556858,66122
2026-03-13,2026,3,13,chokepoint24,Mona Passage,5,4,2,0,1,11,12,127610,371155,7022,0,32842,505787,538630,66123
2026-03-14,2026,3,14,chokepoint24,Mona Passage,5,0,3,1,3,9,12,180949,0,4466,6296,50214,191712,241926,66124
2026-03-15,2026,3,15,chokepoint24,Mona Passage,3,4,2,3,1,12,13,26714,180082,6633,0,17478,213430,230908,66125
2026-03-16,2026,3,16,chokepoint24,Mona Passage,3,3,0,0,4,6,10,68523,168736,0,0,8288,237260,245548,66126
2026-03-17,2026,3,17,chokepoint24,Mona Passage,4,5,1,2,2,12,14,60326,261647,6029,12020,54554,340024,394579,66127
2026-03-18,2026,3,18,chokepoint24,Mona Passage,5,7,0,0,4,12,16,172341,338556,0,0,120338,510898,631236,66128
2026-03-19,2026,3,19,chokepoint24,Mona Passage,5,3,1,0,3,9,12,88112,173938,11445,0,157428,273496,430925,66129
2026-03-20,2026,3,20,chokepoint24,Mona Passage,4,4,2,0,6,10,16,80558,164342,15758,0,145481,260659,406140,66130
2026-03-21,2026,3,21,chokepoint24,Mona Passage,2,3,0,0,2,5,7,75737,110980,0,0,16423,186718,203142,66131
2026-03-22,2026,3,22,chokepoint24,Mona Passage,3,3,1,0,0,7,7,76518,107706,3404,0,0,187629,187629,66132
2026-03-23,2026,3,23,chokepoint24,Mona Passage,6,4,0,1,1,11,12,109822,259862,0,4576,24481,374261,398742,66133
2026-03-24,2026,3,24,chokepoint24,Mona Passage,4,2,2,1,3,9,12,44281,79189,645,0,69465,124116,193581,66134
2026-03-25,2026,3,25,chokepoint24,Mona Passage,0,2,2,2,3,6,9,0,146959,7787,0,286042,154746,440789,66135
2026-03-26,2026,3,26,chokepoint24,Mona Passage,8,4,0,1,3,13,16,134148,198165,0,8204,111359,340518,451878,66136
2026-03-27,2026,3,27,chokepoint24,Mona Passage,4,0,2,0,0,6,6,119291,0,2766,0,0,122058,122058,66137
2026-03-28,2026,3,28,chokepoint24,Mona Passage,6,3,2,0,2,11,13,174223,157700,6474,0,6525,338399,344924,66138
2026-03-29,2026,3,29,chokepoint24,Mona Passage,2,5,2,1,1,10,11,37478,178470,8592,0,39386,224541,263927,66139
2026-03-30,2026,3,30,chokepoint24,Mona Passage,2,4,1,0,5,7,12,67612,324435,0,0,225226,392047,617274,66140
2026-03-31,2026,3,31,chokepoint24,Mona Passage,2,6,2,1,0,11,11,23005,221529,21747,0,0,266282,266282,66141
2026-03-01,2026,3,1,chokepoint25,Balabac Strait,0,5,2,0,4,7,11,0,78848,8265,0,25463,87113,112577,68889
2026-03-02,2026,3,2,chokepoint25,Balabac Strait,0,2,1,1,8,4,12,0,37090,0,5106,124452,42196,166648,68890
2026-03-03,2026,3,3,chokepoint25,Balabac Strait,1,1,0,0,1,2,3,8347,36199,0,0,6170,44547,50718,68891
2026-03-04,2026,3,4,chokepoint25,Balabac Strait,1,7,0,0,8,8,16,4255,202070,0,0,115929,206326,322256,68892
2026-03-05,2026,3,5,chokepoint25,Balabac Strait,1,3,0,0,2,4,6,7635,75062,0,0,4377,82697,87075,68893
2026-03-06,2026,3,6,chokepoint25,Balabac Strait,2,4,1,0,5,7,12,42283,208471,5829,0,18709,256583,275293,68894
2026-03-07,2026,3,7,chokepoint25,Balabac Strait,0,6,0,0,2,6,8,0,171794,0,0,51850,171794,223645,68895
2026-03-08,2026,3,8,chokepoint25,Balabac Strait,1,4,3,0,5,8,13,84827,173221,9604,0,32868,267653,300521,68896
2026-03-09,2026,3,9,chokepoint25,Balabac Strait,0,8,1,0,2,9,11,0,619118,2250,0,11385,621368,632753,68897
2026-03-10,2026,3,10,chokepoint25,Balabac Strait,0,1,0,0,3,1,4,0,19266,0,0,49614,19266,68880,68898
2026-03-11,2026,3,11,chokepoint25,Balabac Strait,0,7,0,0,3,7,10,0,316468,0,0,22718,316468,339186,68899
2026-03-12,2026,3,12,chokepoint25,Balabac Strait,2,4,2,0,2,8,10,19690,96898,2033,0,5056,118623,123680,68900
2026-03-13,2026,3,13,chokepoint25,Balabac Strait,0,7,1,0,4,8,12,0,384913,7125,0,51438,392038,443477,68901
2026-03-14,2026,3,14,chokepoint25,Balabac Strait,1,1,1,0,4,3,7,6316,56733,0,0,62977,63049,126027,68902
2026-03-15,2026,3,15,chokepoint25,Balabac Strait,0,7,1,0,2,8,10,0,127412,0,0,3235,127412,130648,68903
2026-03-16,2026,3,16,chokepoint25,Balabac Strait,0,3,4,0,2,7,9,0,61912,10748,0,44878,72661,117539,68904
2026-03-17,2026,3,17,chokepoint25,Balabac Strait,1,5,0,0,2,6,8,38589,110486,0,0,92815,149076,241892,68905
2026-03-18,2026,3,18,chokepoint25,Balabac Strait,0,4,1,0,5,5,10,0,171448,259,0,70671,171707,242378,68906
2026-03-19,2026,3,19,chokepoint25,Balabac Strait,0,1,2,0,6,3,9,0,152200,3525,0,47581,155725,203307,68907
2026-03-20,2026,3,20,chokepoint25,Balabac Strait,0,2,1,0,1,3,4,0,133947,7599,0,2914,141547,144461,68908
2026-03-21,2026,3,21,chokepoint25,Balabac Strait,1,2,0,0,3,3,6,9538,166034,0,0,14126,175572,189698,68909
2026-03-22,2026,3,22,chokepoint25,Balabac Strait,0,4,2,0,5,6,11,0,152188,15345,0,88880,167534,256414,68910
2026-03-23,2026,3,23,chokepoint25,Balabac Strait,2,3,3,0,2,8,10,5839,27392,2802,0,69567,36034,105601,68911
2026-03-24,2026,3,24,chokepoint25,Balabac Strait,1,4,5,0,4,10,14,7583,118130,12036,0,4531,137750,142282,68912
2026-03-25,2026,3,25,chokepoint25,Balabac Strait,0,2,1,0,2,3,5,0,78591,0,0,30733,78591,109324,68913
2026-03-26,2026,3,26,chokepoint25,Balabac Strait,0,3,0,0,7,3,10,0,127680,0,0,177309,127680,304990,68914
2026-03-27,2026,3,27,chokepoint25,Balabac Strait,0,2,1,0,3,3,6,0,53902,4782,0,16963,58684,75648,68915
2026-03-28,2026,3,28,chokepoint25,Balabac Strait,0,3,3,0,2,6,8,0,59784,24528,0,6042,84312,90355,68916
2026-03-29,2026,3,29,chokepoint25,Balabac Strait,0,6,3,0,2,9,11,0,289925,4828,0,8652,294753,303406,68917
2026-03-30,2026,3,30,chokepoint25,Balabac Strait,0,4,0,0,3,4,7,0,97366,0,0,11612,97366,108979,68918
2026-03-31,2026,3,31,chokepoint25,Balabac Strait,3,10,2,0,3,15,18,20725,390618,9754,0,37612,421099,458711,68919
2026-03-01,2026,3,1,chokepoint26,Bering Strait,0,0,0,0,0,0,0,0,0,0,0,0,0,0,72067
2026-03-02,2026,3,2,chokepoint26,Bering Strait,0,0,0,0,0,0,0,0,0,0,0,0,0,0,72068
2026-03-03,2026,3,3,chokepoint26,Bering Strait,0,0,0,0,0,0,0,0,0,0,0,0,0,0,72069
2026-03-04,2026,3,4,chokepoint26,Bering Strait,0,0,0,0,0,0,0,0,0,0,0,0,0,0,72070
2026-03-05,2026,3,5,chokepoint26,Bering Strait,0,0,0,0,0,0,0,0,0,0,0,0,0,0,72071
2026-03-06,2026,3,6,chokepoint26,Bering Strait,0,0,0,0,0,0,0,0,0,0,0,0,0,0,72072
2026-03-07,2026,3,7,chokepoint26,Bering Strait,0,0,0,0,0,0,0,0,0,0,0,0,0,0,72073
2026-03-08,2026,3,8,chokepoint26,Bering Strait,0,0,0,0,0,0,0,0,0,0,0,0,0,0,72074
2026-03-09,2026,3,9,chokepoint26,Bering Strait,0,0,0,0,0,0,0,0,0,0,0,0,0,0,72075
2026-03-10,2026,3,10,chokepoint26,Bering Strait,0,0,0,0,0,0,0,0,0,0,0,0,0,0,72076
2026-03-11,2026,3,11,chokepoint26,Bering Strait,0,0,0,0,0,0,0,0,0,0,0,0,0,0,72077
2026-03-12,2026,3,12,chokepoint26,Bering Strait,0,0,0,0,0,0,0,0,0,0,0,0,0,0,72078
2026-03-13,2026,3,13,chokepoint26,Bering Strait,0,0,0,0,0,0,0,0,0,0,0,0,0,0,72079
2026-03-14,2026,3,14,chokepoint26,Bering Strait,0,0,0,0,0,0,0,0,0,0,0,0,0,0,72080
2026-03-15,2026,3,15,chokepoint26,Bering Strait,0,0,0,0,0,0,0,0,0,0,0,0,0,0,72081
2026-03-16,2026,3,16,chokepoint26,Bering Strait,0,0,0,0,0,0,0,0,0,0,0,0,0,0,72082
2026-03-17,2026,3,17,chokepoint26,Bering Strait,0,0,0,0,0,0,0,0,0,0,0,0,0,0,72083
2026-03-18,2026,3,18,chokepoint26,Bering Strait,1,0,0,0,0,1,1,16362,0,0,0,0,16362,16362,72084
2026-03-19,2026,3,19,chokepoint26,Bering Strait,0,0,0,0,0,0,0,0,0,0,0,0,0,0,72085
2026-03-20,2026,3,20,chokepoint26,Bering Strait,0,0,0,0,0,0,0,0,0,0,0,0,0,0,72086
2026-03-21,2026,3,21,chokepoint26,Bering Strait,0,0,0,0,0,0,0,0,0,0,0,0,0,0,72087
2026-03-22,2026,3,22,chokepoint26,Bering Strait,0,0,0,0,0,0,0,0,0,0,0,0,0,0,72088
2026-03-23,2026,3,23,chokepoint26,Bering Strait,0,0,0,0,0,0,0,0,0,0,0,0,0,0,72089
2026-03-24,2026,3,24,chokepoint26,Bering Strait,0,0,0,0,0,0,0,0,0,0,0,0,0,0,72090
2026-03-25,2026,3,25,chokepoint26,Bering Strait,0,1,0,0,0,1,1,0,0,0,0,0,0,0,72091
2026-03-26,2026,3,26,chokepoint26,Bering Strait,0,0,0,0,0,0,0,0,0,0,0,0,0,0,72092
2026-03-27,2026,3,27,chokepoint26,Bering Strait,0,0,0,0,0,0,0,0,0,0,0,0,0,0,72093
2026-03-28,2026,3,28,chokepoint26,Bering Strait,0,1,0,0,0,1,1,0,33356,0,0,0,33356,33356,72094
2026-03-29,2026,3,29,chokepoint26,Bering Strait,0,0,0,0,0,0,0,0,0,0,0,0,0,0,72095
2026-03-30,2026,3,30,chokepoint26,Bering Strait,0,1,1,0,0,2,2,0,0,0,0,0,0,0,72096
2026-03-31,2026,3,31,chokepoint26,Bering Strait,0,0,0,0,0,0,0,0,0,0,0,0,0,0,72097
2026-03-01,2026,3,1,chokepoint27,Mindoro Strait,3,32,4,0,2,39,41,28166,1946019,21946,0,0,1996132,1996132,74045
2026-03-02,2026,3,2,chokepoint27,Mindoro Strait,4,27,5,0,7,36,43,33721,1256481,19714,0,231982,1309917,1541899,74046
2026-03-03,2026,3,3,chokepoint27,Mindoro Strait,3,31,2,0,6,36,42,23209,2020600,9562,0,85219,2053373,2138593,74047
2026-03-04,2026,3,4,chokepoint27,Mindoro Strait,2,27,3,0,1,32,33,21017,1554814,7388,0,0,1583221,1583221,74048
2026-03-05,2026,3,5,chokepoint27,Mindoro Strait,0,25,0,0,4,25,29,0,1854311,0,0,83753,1854311,1938065,74049
2026-03-06,2026,3,6,chokepoint27,Mindoro Strait,3,34,6,0,3,43,46,21034,1926867,18071,0,5698,1965973,1971671,74050
2026-03-07,2026,3,7,chokepoint27,Mindoro Strait,3,22,3,0,4,28,32,29335,1317580,3028,0,128047,1349944,1477991,74051
2026-03-08,2026,3,8,chokepoint27,Mindoro Strait,2,25,6,0,5,33,38,30365,2102127,27428,0,77836,2159921,2237758,74052
2026-03-09,2026,3,9,chokepoint27,Mindoro Strait,0,24,2,0,1,26,27,0,1018885,32175,0,4092,1051061,1055153,74053
2026-03-10,2026,3,10,chokepoint27,Mindoro Strait,0,21,8,0,5,29,34,0,752998,37330,0,53900,790329,844229,74054
2026-03-11,2026,3,11,chokepoint27,Mindoro Strait,2,32,3,1,2,38,40,7861,1892176,3825,0,16314,1903863,1920177,74055
2026-03-12,2026,3,12,chokepoint27,Mindoro Strait,0,27,2,0,4,29,33,0,1752966,11022,0,9331,1763988,1773320,74056
2026-03-13,2026,3,13,chokepoint27,Mindoro Strait,4,21,3,0,8,28,36,31391,1367724,11477,0,101837,1410593,1512431,74057
2026-03-14,2026,3,14,chokepoint27,Mindoro Strait,3,17,4,0,2,24,26,63015,899878,4729,0,0,967623,967623,74058
2026-03-15,2026,3,15,chokepoint27,Mindoro Strait,2,28,2,1,2,33,35,6136,2455027,11680,1579,5886,2474423,2480309,74059
2026-03-16,2026,3,16,chokepoint27,Mindoro Strait,3,25,7,0,4,35,39,43613,1327802,52538,0,20729,1423955,1444685,74060
2026-03-17,2026,3,17,chokepoint27,Mindoro Strait,0,41,5,0,3,46,49,0,2225936,39493,0,155373,2265429,2420803,74061
2026-03-18,2026,3,18,chokepoint27,Mindoro Strait,2,20,2,0,3,24,27,9034,1718440,3355,0,51062,1730831,1781893,74062
2026-03-19,2026,3,19,chokepoint27,Mindoro Strait,1,27,3,0,3,31,34,10152,2269555,15841,0,0,2295548,2295548,74063
2026-03-20,2026,3,20,chokepoint27,Mindoro Strait,1,21,6,1,2,29,31,11011,1474979,33650,1936,2193,1521578,1523771,74064
2026-03-21,2026,3,21,chokepoint27,Mindoro Strait,3,26,2,0,4,31,35,21187,1104399,11523,0,6643,1137110,1143754,74065
2026-03-22,2026,3,22,chokepoint27,Mindoro Strait,4,32,6,0,6,42,48,57469,1967006,28166,0,84646,2052642,2137289,74066
2026-03-23,2026,3,23,chokepoint27,Mindoro Strait,0,28,4,0,4,32,36,0,2286502,8300,0,89656,2294802,2384459,74067
2026-03-24,2026,3,24,chokepoint27,Mindoro Strait,3,23,2,0,3,28,31,36181,1375808,8848,0,23123,1420839,1443962,74068
2026-03-25,2026,3,25,chokepoint27,Mindoro Strait,1,24,0,0,3,25,28,9511,1402998,0,0,82613,1412510,1495124,74069
2026-03-26,2026,3,26,chokepoint27,Mindoro Strait,2,22,2,0,4,26,30,9742,896959,9709,0,53980,916412,970392,74070
2026-03-27,2026,3,27,chokepoint27,Mindoro Strait,2,19,4,0,3,25,28,16962,2060414,22649,0,316104,2100026,2416131,74071
2026-03-28,2026,3,28,chokepoint27,Mindoro Strait,2,27,0,0,7,29,36,27009,1516263,0,0,91837,1543273,1635110,74072
2026-03-29,2026,3,29,chokepoint27,Mindoro Strait,3,24,2,0,5,29,34,78478,1304369,15993,0,147718,1398840,1546559,74073
2026-03-30,2026,3,30,chokepoint27,Mindoro Strait,2,32,2,0,5,36,41,6739,2691747,3497,0,73597,2701984,2775582,74074
2026-03-31,2026,3,31,chokepoint27,Mindoro Strait,1,25,6,0,3,32,35,11056,1964979,19388,0,19420,1995424,2014845,74075
2026-03-01,2026,3,1,chokepoint28,Kerch Strait,0,2,6,0,3,8,11,0,0,8677,0,40859,8677,49537,76285
2026-03-02,2026,3,2,chokepoint28,Kerch Strait,0,7,18,0,4,25,29,0,78228,33614,0,132651,111842,244493,76286
2026-03-03,2026,3,3,chokepoint28,Kerch Strait,0,3,12,0,6,15,21,0,6328,13492,0,72107,19821,91929,76287
2026-03-04,2026,3,4,chokepoint28,Kerch Strait,0,5,7,0,1,12,13,0,0,12419,0,6701,12419,19121,76288
2026-03-05,2026,3,5,chokepoint28,Kerch Strait,0,7,10,0,3,17,20,0,55904,11164,0,8817,67068,75886,76289
2026-03-06,2026,3,6,chokepoint28,Kerch Strait,0,1,13,0,3,14,17,0,0,17563,0,0,17563,17563,76290
2026-03-07,2026,3,7,chokepoint28,Kerch Strait,0,4,8,0,6,12,18,0,72356,9572,0,80683,81929,162613,76291
2026-03-08,2026,3,8,chokepoint28,Kerch Strait,0,2,10,0,5,12,17,0,0,15535,0,19870,15535,35406,76292
2026-03-09,2026,3,9,chokepoint28,Kerch Strait,0,11,11,0,7,22,29,0,38896,7824,0,89376,46720,136097,76293
2026-03-10,2026,3,10,chokepoint28,Kerch Strait,1,3,5,0,5,9,14,2663,0,6171,0,36208,8835,45043,76294
2026-03-11,2026,3,11,chokepoint28,Kerch Strait,0,4,9,0,4,13,17,0,17008,25022,0,9040,42030,51070,76295
2026-03-12,2026,3,12,chokepoint28,Kerch Strait,0,2,6,0,2,8,10,0,0,9415,0,2190,9415,11606,76296
2026-03-13,2026,3,13,chokepoint28,Kerch Strait,0,6,10,0,3,16,19,0,0,18886,0,5160,18886,24046,76297
2026-03-14,2026,3,14,chokepoint28,Kerch Strait,0,7,21,0,3,28,31,0,681590,26628,0,50062,708218,758281,76298
2026-03-15,2026,3,15,chokepoint28,Kerch Strait,0,1,3,0,7,4,11,0,0,2929,0,12701,2929,15630,76299
2026-03-16,2026,3,16,chokepoint28,Kerch Strait,0,3,10,0,4,13,17,0,181493,15998,0,8053,197492,205545,76300
2026-03-17,2026,3,17,chokepoint28,Kerch Strait,0,2,6,0,2,8,10,0,0,7816,0,34716,7816,42532,76301
2026-03-18,2026,3,18,chokepoint28,Kerch Strait,0,1,14,0,1,15,16,0,0,23519,0,6385,23519,29905,76302
2026-03-19,2026,3,19,chokepoint28,Kerch Strait,0,7,12,0,5,19,24,0,610543,16444,0,10443,626987,637430,76303
2026-03-20,2026,3,20,chokepoint28,Kerch Strait,0,5,6,0,8,11,19,0,79605,9395,0,13233,89001,102234,76304
2026-03-21,2026,3,21,chokepoint28,Kerch Strait,0,5,7,0,3,12,15,0,24271,10798,0,7813,35070,42884,76305
2026-03-22,2026,3,22,chokepoint28,Kerch Strait,0,1,7,0,2,8,10,0,0,8787,0,10397,8787,19185,76306
2026-03-23,2026,3,23,chokepoint28,Kerch Strait,0,1,1,0,3,2,5,0,0,1743,0,0,1743,1743,76307
2026-03-24,2026,3,24,chokepoint28,Kerch Strait,0,4,7,0,6,11,17,0,44764,13219,0,46577,57984,104562,76308
2026-03-25,2026,3,25,chokepoint28,Kerch Strait,1,4,5,0,5,10,15,2358,0,11961,0,56026,14320,70346,76309
2026-03-26,2026,3,26,chokepoint28,Kerch Strait,0,4,14,0,2,18,20,0,52901,27447,0,6516,80349,86865,76310
2026-03-27,2026,3,27,chokepoint28,Kerch Strait,0,3,6,0,2,9,11,0,0,12011,0,10985,12011,22996,76311
2026-03-28,2026,3,28,chokepoint28,Kerch Strait,1,3,11,0,5,15,20,2663,44764,17595,0,11820,65024,76844,76312
2026-03-29,2026,3,29,chokepoint28,Kerch Strait,0,2,9,0,1,11,12,0,54389,16516,0,0,70906,70906,76313
2026-03-30,2026,3,30,chokepoint28,Kerch Strait,0,2,12,0,4,14,18,0,0,17609,0,11386,17609,28995,76314
2026-03-31,2026,3,31,chokepoint28,Kerch Strait,0,5,7,0,0,12,12,0,37501,13958,0,0,51459,51459,76315
2026-04-01,2026,4,1,chokepoint1,Suez Canal,4,18,6,2,21,30,51,83919,881257,44055,2988,678406,1012220,1690627,2248
2026-04-02,2026,4,2,chokepoint1,Suez Canal,6,15,2,1,24,24,48,110759,727532,10833,0,1022365,849125,1871490,2249
2026-04-03,2026,4,3,chokepoint1,Suez Canal,9,9,2,0,15,20,35,366060,299813,3228,0,883680,669102,1552783,2250
2026-04-04,2026,4,4,chokepoint1,Suez Canal,12,9,7,0,24,28,52,175617,333804,57862,0,346367,567284,913652,2251
2026-04-05,2026,4,5,chokepoint1,Suez Canal,5,17,2,2,22,26,48,86407,987841,5831,8790,654892,1088870,1743762,2252
2026-04-06,2026,4,6,chokepoint1,Suez Canal,8,8,4,0,17,20,37,182917,324856,15755,0,408930,523528,932459,2253
2026-04-07,2026,4,7,chokepoint1,Suez Canal,8,10,2,1,18,21,39,223576,491221,4586,1377,834377,720761,1555139,2254
2026-04-08,2026,4,8,chokepoint1,Suez Canal,8,10,4,4,14,26,40,166229,457421,8305,20776,612849,652732,1265582,2255
2026-04-09,2026,4,9,chokepoint1,Suez Canal,6,8,4,0,16,18,34,113634,530508,22908,0,740479,667051,1407530,2256
2026-04-10,2026,4,10,chokepoint1,Suez Canal,11,9,4,2,19,26,45,255175,626404,24326,0,611758,905906,1517664,2257
2026-04-11,2026,4,11,chokepoint1,Suez Canal,5,12,4,0,26,21,47,38914,557481,38494,0,394846,634890,1029737,2258
2026-04-12,2026,4,12,chokepoint1,Suez Canal,7,11,6,2,17,26,43,253984,578588,33079,4501,602972,870154,1473127,2259
2026-04-13,2026,4,13,chokepoint1,Suez Canal,8,10,4,1,19,23,42,175818,658751,24020,0,710056,858590,1568646,2260
2026-04-14,2026,4,14,chokepoint1,Suez Canal,8,9,4,2,12,23,35,97166,404651,30133,13603,595676,545554,1141230,2261
2026-04-15,2026,4,15,chokepoint1,Suez Canal,5,7,6,0,25,18,43,124717,493141,51307,0,837499,669166,1506666,2262
2026-04-16,2026,4,16,chokepoint1,Suez Canal,7,7,7,4,12,25,37,191419,143590,23147,3363,441738,361521,803260,2263
2026-04-17,2026,4,17,chokepoint1,Suez Canal,9,8,5,0,12,22,34,184192,425051,19347,0,477190,628591,1105781,2264
2026-04-18,2026,4,18,chokepoint1,Suez Canal,8,10,5,0,11,23,34,158738,361054,40663,0,392238,560456,952694,2265
2026-04-19,2026,4,19,chokepoint1,Suez Canal,10,7,7,1,18,25,43,190338,326846,37093,0,701986,554278,1256265,2266
2026-04-20,2026,4,20,chokepoint1,Suez Canal,9,12,7,2,17,30,47,351851,909986,86969,11114,804639,1359921,2164561,2267
2026-04-21,2026,4,21,chokepoint1,Suez Canal,12,12,1,2,20,27,47,263439,478191,20834,4733,440463,767200,1207663,2268
2026-04-22,2026,4,22,chokepoint1,Suez Canal,4,15,1,5,25,25,50,58436,851033,729,18467,924361,928666,1853028,2269
2026-04-23,2026,4,23,chokepoint1,Suez Canal,10,15,2,1,18,28,46,393729,823726,40590,3517,867524,1261563,2129087,2270
2026-04-24,2026,4,24,chokepoint1,Suez Canal,6,9,2,0,15,17,32,37087,552256,18357,0,418297,607701,1025998,2271
2026-04-25,2026,4,25,chokepoint1,Suez Canal,10,13,5,0,15,28,43,121241,653885,23056,0,717970,798183,1516153,2272
2026-04-26,2026,4,26,chokepoint1,Suez Canal,11,16,4,0,12,31,43,225338,559892,37300,0,506667,822530,1329198,2273
2026-04-27,2026,4,27,chokepoint1,Suez Canal,8,13,1,1,11,23,34,297410,403211,746,6528,581371,707897,1289268,2274
2026-04-28,2026,4,28,chokepoint1,Suez Canal,10,6,4,0,18,20,38,299611,253487,61390,0,748398,614488,1362886,2275
2026-04-29,2026,4,29,chokepoint1,Suez Canal,11,8,4,4,18,27,45,408278,396304,17458,21062,1000132,843103,1843236,2276
2026-04-30,2026,4,30,chokepoint1,Suez Canal,10,10,5,1,23,26,49,320247,598819,24633,0,832230,943700,1775930,2277
2026-04-01,2026,4,1,chokepoint2,Panama Canal,7,3,5,0,19,15,34,332735,104447,42077,0,429007,479261,908268,4226
2026-04-02,2026,4,2,chokepoint2,Panama Canal,6,6,3,1,18,16,34,304963,255483,5643,0,365045,566089,931134,4227
2026-04-03,2026,4,3,chokepoint2,Panama Canal,8,2,1,4,20,15,35,357643,87904,6244,11548,548188,463341,1011530,4228
2026-04-04,2026,4,4,chokepoint2,Panama Canal,12,6,6,1,11,25,36,390478,275119,20522,7631,353037,693751,1046789,4229
2026-04-05,2026,4,5,chokepoint2,Panama Canal,7,3,3,6,17,19,36,282936,116047,8179,5427,423807,412592,836399,4230
2026-04-06,2026,4,6,chokepoint2,Panama Canal,8,4,2,1,18,15,33,319624,223436,30086,8998,562340,582146,1144486,4231
2026-04-07,2026,4,7,chokepoint2,Panama Canal,7,7,3,0,12,17,29,292647,362809,20687,0,268620,676144,944765,4232
2026-04-08,2026,4,8,chokepoint2,Panama Canal,8,4,0,0,13,12,25,301169,143368,0,0,289035,444537,733573,4233
2026-04-09,2026,4,9,chokepoint2,Panama Canal,4,4,0,2,18,10,28,117112,175474,0,0,475552,292587,768140,4234
2026-04-10,2026,4,10,chokepoint2,Panama Canal,6,3,4,4,19,17,36,332054,151244,11445,12713,503313,507458,1010772,4235
2026-04-11,2026,4,11,chokepoint2,Panama Canal,11,7,0,2,14,20,34,382883,323217,0,19937,428711,726038,1154750,4236
2026-04-12,2026,4,12,chokepoint2,Panama Canal,11,5,1,1,17,18,35,467339,232813,4053,0,341370,704206,1045576,4237
2026-04-13,2026,4,13,chokepoint2,Panama Canal,9,1,2,5,21,17,38,303971,49311,7908,15089,486724,376281,863005,4238
2026-04-14,2026,4,14,chokepoint2,Panama Canal,6,6,2,4,16,18,34,281669,249030,18101,4821,387888,553622,941511,4239
2026-04-15,2026,4,15,chokepoint2,Panama Canal,7,9,4,1,21,21,42,233413,484128,14388,6360,546514,738289,1284804,4240
2026-04-16,2026,4,16,chokepoint2,Panama Canal,8,9,5,3,12,25,37,281295,291118,39190,11109,374602,622714,997316,4241
2026-04-17,2026,4,17,chokepoint2,Panama Canal,7,7,1,3,19,18,37,358300,242852,4956,11055,553696,617165,1170862,4242
2026-04-18,2026,4,18,chokepoint2,Panama Canal,9,2,3,2,20,16,36,334189,101116,16218,15204,435995,466728,902724,4243
2026-04-19,2026,4,19,chokepoint2,Panama Canal,9,7,2,4,16,22,38,363357,305000,13361,18786,615425,700505,1315931,4244
2026-04-20,2026,4,20,chokepoint2,Panama Canal,8,4,2,4,14,18,32,312575,179555,4799,15719,587058,512650,1099709,4245
2026-04-21,2026,4,21,chokepoint2,Panama Canal,2,7,1,3,19,13,32,112272,455601,20778,17887,317193,606540,923733,4246
2026-04-22,2026,4,22,chokepoint2,Panama Canal,8,6,2,4,15,20,35,208920,291540,8753,12885,552460,522099,1074560,4247
2026-04-23,2026,4,23,chokepoint2,Panama Canal,7,8,0,4,15,19,34,255898,491909,0,15786,289947,763595,1053542,4248
2026-04-24,2026,4,24,chokepoint2,Panama Canal,9,6,2,1,15,18,33,281963,310061,20963,0,413749,612988,1026738,4249
2026-04-25,2026,4,25,chokepoint2,Panama Canal,8,9,3,2,15,22,37,350409,252305,17502,7928,447363,628145,1075509,4250
2026-04-26,2026,4,26,chokepoint2,Panama Canal,10,6,4,3,13,23,36,431808,248915,13938,23380,304323,718043,1022366,4251
2026-04-27,2026,4,27,chokepoint2,Panama Canal,4,8,4,4,13,20,33,233038,355501,12626,18058,396034,619225,1015259,4252
2026-04-28,2026,4,28,chokepoint2,Panama Canal,10,7,3,1,15,21,36,420316,314618,6161,5554,317838,746651,1064489,4253
2026-04-29,2026,4,29,chokepoint2,Panama Canal,9,7,1,5,16,22,38,359018,273544,8107,24921,474667,665591,1140259,4254
2026-04-30,2026,4,30,chokepoint2,Panama Canal,9,7,2,2,13,20,33,345096,302458,10158,8098,343041,665812,1008854,4255
2026-04-01,2026,4,1,chokepoint3,Bosporus Strait,10,18,43,1,25,72,97,100901,659870,167159,3992,492904,931924,1424828,8604
2026-04-02,2026,4,2,chokepoint3,Bosporus Strait,13,14,17,0,19,44,63,73809,150299,39916,0,288936,264025,552961,8605
2026-04-03,2026,4,3,chokepoint3,Bosporus Strait,10,15,37,0,22,62,84,54217,524096,71807,0,550199,650121,1200320,8606
2026-04-04,2026,4,4,chokepoint3,Bosporus Strait,3,20,26,1,18,50,68,25931,549906,56421,1760,233236,634019,867256,8607
2026-04-05,2026,4,5,chokepoint3,Bosporus Strait,7,15,38,0,20,60,80,40385,488100,120975,0,662663,649462,1312125,8608
2026-04-06,2026,4,6,chokepoint3,Bosporus Strait,7,23,34,1,17,65,82,41613,518788,53288,571,165708,614260,779969,8609
2026-04-07,2026,4,7,chokepoint3,Bosporus Strait,8,32,40,0,23,80,103,50504,782805,78066,0,695197,911377,1606574,8610
2026-04-08,2026,4,8,chokepoint3,Bosporus Strait,11,17,45,0,37,73,110,51615,562699,101934,0,459443,716250,1175694,8611
2026-04-09,2026,4,9,chokepoint3,Bosporus Strait,13,31,36,0,25,80,105,81874,770195,46971,0,544036,899041,1443077,8612
2026-04-10,2026,4,10,chokepoint3,Bosporus Strait,8,26,42,0,25,76,101,47812,638797,103026,0,340612,789637,1130249,8613
2026-04-11,2026,4,11,chokepoint3,Bosporus Strait,10,21,31,0,16,62,78,105023,511066,88430,0,233288,704520,937808,8614
2026-04-12,2026,4,12,chokepoint3,Bosporus Strait,9,16,53,0,27,78,105,48627,498715,135648,0,498160,682992,1181152,8615
2026-04-13,2026,4,13,chokepoint3,Bosporus Strait,13,17,31,2,25,63,88,86889,478436,88601,0,709625,653927,1363553,8616
2026-04-14,2026,4,14,chokepoint3,Bosporus Strait,14,25,39,0,24,78,102,117764,554720,111977,0,567449,784462,1351912,8617
2026-04-15,2026,4,15,chokepoint3,Bosporus Strait,11,16,30,2,34,59,93,73030,241296,45070,571,328213,359968,688182,8618
2026-04-16,2026,4,16,chokepoint3,Bosporus Strait,9,30,28,0,22,67,89,35815,693831,101890,0,622347,831537,1453884,8619
2026-04-17,2026,4,17,chokepoint3,Bosporus Strait,14,18,37,1,27,70,97,90947,433600,77757,2586,476085,604890,1080976,8620
2026-04-18,2026,4,18,chokepoint3,Bosporus Strait,9,29,31,0,24,69,93,42712,1100382,81314,0,335597,1224409,1560007,8621
2026-04-19,2026,4,19,chokepoint3,Bosporus Strait,11,9,30,0,14,50,64,48358,270942,61090,0,120387,380391,500779,8622
2026-04-20,2026,4,20,chokepoint3,Bosporus Strait,10,20,42,0,21,72,93,60316,586698,101822,0,393992,748836,1142828,8623
2026-04-21,2026,4,21,chokepoint3,Bosporus Strait,11,24,40,1,33,76,109,61599,498793,63848,0,903864,624240,1528105,8624
2026-04-22,2026,4,22,chokepoint3,Bosporus Strait,7,25,44,0,24,76,100,46151,656548,87143,0,635844,789843,1425688,8625
2026-04-23,2026,4,23,chokepoint3,Bosporus Strait,6,17,23,0,22,46,68,35973,537763,32552,0,448515,606289,1054804,8626
2026-04-24,2026,4,24,chokepoint3,Bosporus Strait,16,17,58,1,27,92,119,92918,594476,164411,923,908411,852730,1761141,8627
2026-04-25,2026,4,25,chokepoint3,Bosporus Strait,13,27,33,1,20,74,94,50500,892385,65800,571,703566,1009257,1712824,8628
2026-04-26,2026,4,26,chokepoint3,Bosporus Strait,14,30,39,0,15,83,98,95497,695277,70283,0,309541,861059,1170601,8629
2026-04-27,2026,4,27,chokepoint3,Bosporus Strait,8,22,35,0,19,65,84,47581,717788,100595,0,442620,865964,1308584,8630
2026-04-28,2026,4,28,chokepoint3,Bosporus Strait,10,21,30,0,15,61,76,58107,647508,104228,0,389504,809844,1199348,8631
2026-04-29,2026,4,29,chokepoint3,Bosporus Strait,11,21,43,0,23,75,98,75778,451228,71012,0,897539,598018,1495558,8632
2026-04-30,2026,4,30,chokepoint3,Bosporus Strait,10,24,44,0,25,78,103,64656,871303,132860,0,515457,1068820,1584278,8633
2026-04-01,2026,4,1,chokepoint4,Bab el-Mandeb Strait,6,10,5,2,19,23,42,71020,401184,11176,3633,1027081,487015,1514096,11290
2026-04-02,2026,4,2,chokepoint4,Bab el-Mandeb Strait,4,13,5,3,15,25,40,30403,564882,36739,14694,490710,646719,1137429,11293
2026-04-03,2026,4,3,chokepoint4,Bab el-Mandeb Strait,1,9,5,0,13,15,28,15910,1017624,29557,0,1069279,1063093,2132373,11296
2026-04-04,2026,4,4,chokepoint4,Bab el-Mandeb Strait,7,9,2,1,20,19,39,95939,442856,48816,6105,691071,593718,1284790,11299
2026-04-05,2026,4,5,chokepoint4,Bab el-Mandeb Strait,7,7,5,1,16,20,36,72633,263169,49270,0,693635,385073,1078709,11302
2026-04-06,2026,4,6,chokepoint4,Bab el-Mandeb Strait,3,10,6,1,20,20,40,29651,513860,39193,1801,733613,584507,1318121,11305
2026-04-07,2026,4,7,chokepoint4,Bab el-Mandeb Strait,4,10,2,1,21,17,38,37751,649260,4451,4621,1130642,696084,1826727,11308
2026-04-08,2026,4,8,chokepoint4,Bab el-Mandeb Strait,4,8,3,1,15,16,31,44595,553882,27211,0,799830,625689,1425520,11311
2026-04-09,2026,4,9,chokepoint4,Bab el-Mandeb Strait,10,10,5,1,11,26,37,170839,431233,73050,0,560744,675124,1235868,11314
2026-04-10,2026,4,10,chokepoint4,Bab el-Mandeb Strait,6,9,5,1,11,21,32,100017,634840,17199,12491,338064,764549,1102613,11317
2026-04-11,2026,4,11,chokepoint4,Bab el-Mandeb Strait,6,8,6,0,18,20,38,82269,271790,36002,0,788281,390062,1178343,11320
2026-04-12,2026,4,12,chokepoint4,Bab el-Mandeb Strait,5,10,5,2,11,22,33,100166,513111,6235,9607,1183204,629120,1812324,11329
2026-04-13,2026,4,13,chokepoint4,Bab el-Mandeb Strait,7,8,3,1,15,19,34,76244,301658,6017,1801,687925,385722,1073648,11334
2026-04-14,2026,4,14,chokepoint4,Bab el-Mandeb Strait,5,9,4,0,16,18,34,59621,565699,37060,0,1075435,662381,1737817,11337
2026-04-15,2026,4,15,chokepoint4,Bab el-Mandeb Strait,10,7,7,1,16,25,41,137311,289945,102284,0,601672,529540,1131212,11340
2026-04-16,2026,4,16,chokepoint4,Bab el-Mandeb Strait,7,20,5,0,16,32,48,144355,1269947,23457,0,891524,1437760,2329284,11343
2026-04-17,2026,4,17,chokepoint4,Bab el-Mandeb Strait,2,11,2,0,11,15,26,20200,524254,9405,0,436361,553859,990221,11346
2026-04-18,2026,4,18,chokepoint4,Bab el-Mandeb Strait,4,7,4,1,6,16,22,35120,376396,70690,6889,324134,489095,813230,11349
2026-04-19,2026,4,19,chokepoint4,Bab el-Mandeb Strait,7,9,7,2,17,25,42,107276,284172,53337,12511,666459,457298,1123757,11352
2026-04-20,2026,4,20,chokepoint4,Bab el-Mandeb Strait,11,17,7,1,15,36,51,115781,911724,52084,9043,856609,1088634,1945244,11355
2026-04-21,2026,4,21,chokepoint4,Bab el-Mandeb Strait,6,13,3,0,14,22,36,91946,299372,35457,0,450416,426776,877193,11358
2026-04-22,2026,4,22,chokepoint4,Bab el-Mandeb Strait,4,9,8,2,12,23,35,32971,274659,55146,4621,429745,367398,797144,11361
2026-04-23,2026,4,23,chokepoint4,Bab el-Mandeb Strait,8,7,2,2,9,19,28,103233,376057,10371,13628,451157,503291,954448,11364
2026-04-24,2026,4,24,chokepoint4,Bab el-Mandeb Strait,9,8,11,2,16,30,46,218942,336005,58693,656,1060731,614297,1675029,11367
2026-04-25,2026,4,25,chokepoint4,Bab el-Mandeb Strait,4,14,6,2,13,26,39,61839,768669,89091,16974,471963,936575,1408538,11370
2026-04-26,2026,4,26,chokepoint4,Bab el-Mandeb Strait,2,12,4,2,18,20,38,27890,601543,44367,13498,773358,687299,1460658,11372
2026-04-27,2026,4,27,chokepoint4,Bab el-Mandeb Strait,6,16,2,1,8,25,33,130696,828454,35854,0,635930,995005,1630936,11375
2026-04-28,2026,4,28,chokepoint4,Bab el-Mandeb Strait,3,10,3,1,19,17,36,31830,728275,15822,3521,1103120,779450,1882571,11378
2026-04-29,2026,4,29,chokepoint4,Bab el-Mandeb Strait,6,10,0,0,11,16,27,112345,468562,0,0,932934,580908,1513842,11381
2026-04-30,2026,4,30,chokepoint4,Bab el-Mandeb Strait,9,10,6,1,15,26,41,125585,460332,113546,0,885967,699463,1585430,11384
2026-04-01,2026,4,1,chokepoint5,Malacca Strait,54,54,16,6,62,130,192,1245074,2763248,75812,30479,2092273,4114614,6206887,12608
2026-04-02,2026,4,2,chokepoint5,Malacca Strait,52,53,19,3,77,127,204,1554427,3500204,89499,12269,2985395,5156401,8141797,12609
2026-04-03,2026,4,3,chokepoint5,Malacca Strait,64,69,16,7,71,156,227,2219476,5435837,113464,16880,2001063,7785658,9786722,12610
2026-04-04,2026,4,4,chokepoint5,Malacca Strait,65,68,22,5,72,160,232,2332390,3899847,133258,18335,2685919,6383832,9069751,12611
2026-04-05,2026,4,5,chokepoint5,Malacca Strait,58,58,18,11,71,145,216,1871184,3066045,95340,39035,3284928,5071604,8356532,12612
2026-04-06,2026,4,6,chokepoint5,Malacca Strait,59,63,20,2,72,144,216,1597789,3108938,91896,0,3055153,4798624,7853778,12613
2026-04-07,2026,4,7,chokepoint5,Malacca Strait,52,68,18,8,82,146,228,1643546,3896485,73647,25232,3206719,5638911,8845631,12614
2026-04-08,2026,4,8,chokepoint5,Malacca Strait,54,59,16,6,65,135,200,1611304,3469882,85448,25195,1175453,5191830,6367284,12615
2026-04-09,2026,4,9,chokepoint5,Malacca Strait,66,67,22,8,68,163,231,2098289,3542013,93951,15803,1623179,5750057,7373236,12616
2026-04-10,2026,4,10,chokepoint5,Malacca Strait,71,57,14,10,81,152,233,2356543,3349535,57796,41901,2643336,5805776,8449112,12617
2026-04-11,2026,4,11,chokepoint5,Malacca Strait,55,75,18,10,76,158,234,1833916,3794024,78627,47943,2824568,5754512,8579080,12618
2026-04-12,2026,4,12,chokepoint5,Malacca Strait,62,61,17,6,66,146,212,1986232,3227777,58406,18746,1977978,5291163,7269141,12619
2026-04-13,2026,4,13,chokepoint5,Malacca Strait,64,76,20,9,80,169,249,1744720,4277111,76897,30113,2402687,6128842,8531530,12620
2026-04-14,2026,4,14,chokepoint5,Malacca Strait,49,60,20,4,87,133,220,1936312,3186752,123580,5755,2171456,5252401,7423857,12621
2026-04-15,2026,4,15,chokepoint5,Malacca Strait,56,64,23,7,82,150,232,1822560,2949568,149519,23441,3251597,4945090,8196687,12622
2026-04-16,2026,4,16,chokepoint5,Malacca Strait,71,73,22,6,72,172,244,1809823,3846962,90608,4695,3091849,5752089,8843938,12623
2026-04-17,2026,4,17,chokepoint5,Malacca Strait,54,57,19,7,71,137,208,1523911,3351762,171945,12379,1632716,5059998,6692715,12624
2026-04-18,2026,4,18,chokepoint5,Malacca Strait,51,54,20,8,74,133,207,1668328,3220566,79322,5536,1928081,4973753,6901835,12625
2026-04-19,2026,4,19,chokepoint5,Malacca Strait,70,66,19,2,58,157,215,1912315,4133957,113641,0,1954007,6159913,8113920,12626
2026-04-20,2026,4,20,chokepoint5,Malacca Strait,58,63,19,5,77,145,222,1906117,3664724,96252,10857,2509505,5677951,8187457,12627
2026-04-21,2026,4,21,chokepoint5,Malacca Strait,60,58,13,8,72,139,211,2072423,3041280,51049,22319,2055522,5187073,7242595,12628
2026-04-22,2026,4,22,chokepoint5,Malacca Strait,60,67,16,5,56,148,204,1473945,3776280,85686,19653,1482396,5355565,6837962,12629
2026-04-23,2026,4,23,chokepoint5,Malacca Strait,60,76,15,7,80,158,238,1608794,3527731,88831,8028,3136721,5233385,8370107,12630
2026-04-24,2026,4,24,chokepoint5,Malacca Strait,62,53,20,6,71,141,212,2167965,3423901,122764,28739,2285244,5743370,8028615,12631
2026-04-25,2026,4,25,chokepoint5,Malacca Strait,59,59,22,5,73,145,218,1803192,2773976,113030,13582,2678127,4703782,7381909,12632
2026-04-26,2026,4,26,chokepoint5,Malacca Strait,73,67,15,5,69,160,229,2001039,3845796,135265,16052,2286641,5998154,8284796,12633
2026-04-27,2026,4,27,chokepoint5,Malacca Strait,55,67,18,9,79,149,228,1598494,3560912,100850,30435,1782851,5290693,7073545,12634
2026-04-28,2026,4,28,chokepoint5,Malacca Strait,57,46,20,6,73,129,202,2125111,2456636,83079,19183,3386976,4684010,8070987,12635
2026-04-29,2026,4,29,chokepoint5,Malacca Strait,53,82,25,6,64,166,230,1803920,4261625,176714,22892,2081616,6265152,8346768,12636
2026-04-30,2026,4,30,chokepoint5,Malacca Strait,61,65,14,3,75,143,218,1762535,3405718,29205,5412,3213531,5202871,8416403,12637
2026-04-01,2026,4,1,chokepoint6,Strait of Hormuz,0,4,1,0,1,5,6,0,79292,2340,0,4062,81633,85696,17338
2026-04-02,2026,4,2,chokepoint6,Strait of Hormuz,0,1,0,0,0,1,1,0,40276,0,0,0,40276,40276,17339
2026-04-03,2026,4,3,chokepoint6,Strait of Hormuz,0,1,0,0,2,1,3,0,50383,0,0,97195,50383,147579,17340
2026-04-04,2026,4,4,chokepoint6,Strait of Hormuz,1,6,0,0,3,7,10,25200,71283,0,0,38238,96483,134722,17341
2026-04-05,2026,4,5,chokepoint6,Strait of Hormuz,0,0,0,0,4,0,4,0,0,0,0,264106,0,264106,17342
2026-04-06,2026,4,6,chokepoint6,Strait of Hormuz,1,3,1,0,0,5,5,3504,103810,0,0,0,107315,107315,17343
2026-04-07,2026,4,7,chokepoint6,Strait of Hormuz,0,1,0,0,2,1,3,0,43988,0,0,69890,43988,113878,17344
2026-04-08,2026,4,8,chokepoint6,Strait of Hormuz,0,3,0,0,0,3,3,0,35363,0,0,0,35363,35363,17345
2026-04-09,2026,4,9,chokepoint6,Strait of Hormuz,0,2,0,0,5,2,7,0,51274,0,0,164591,51274,215865,17346
2026-04-10,2026,4,10,chokepoint6,Strait of Hormuz,0,3,0,0,0,3,3,0,0,0,0,0,0,0,17347
2026-04-11,2026,4,11,chokepoint6,Strait of Hormuz,1,2,0,0,3,3,6,70087,44690,0,0,287665,114777,402443,17348
2026-04-12,2026,4,12,chokepoint6,Strait of Hormuz,1,8,0,0,3,9,12,19937,154589,0,0,33937,174526,208464,17349
2026-04-13,2026,4,13,chokepoint6,Strait of Hormuz,1,0,1,0,3,2,5,32074,0,0,0,34634,32074,66709,17350
2026-04-14,2026,4,14,chokepoint6,Strait of Hormuz,1,1,0,0,2,2,4,52152,31086,0,0,30952,83239,114192,17351
2026-04-15,2026,4,15,chokepoint6,Strait of Hormuz,1,2,0,0,4,3,7,22735,314972,0,0,6839,337708,344547,17352
2026-04-16,2026,4,16,chokepoint6,Strait of Hormuz,1,1,0,0,1,2,3,3441,0,0,0,75745,3441,79186,17353
2026-04-17,2026,4,17,chokepoint6,Strait of Hormuz,0,5,0,0,3,5,8,0,0,0,0,5366,0,5366,17354
2026-04-18,2026,4,18,chokepoint6,Strait of Hormuz,4,4,0,0,12,8,20,127378,184207,0,0,516261,311586,827847,17355
2026-04-19,2026,4,19,chokepoint6,Strait of Hormuz,0,0,1,0,1,1,2,0,0,4793,0,6839,4793,11633,17356
2026-04-20,2026,4,20,chokepoint6,Strait of Hormuz,1,0,0,0,2,1,3,19702,0,0,0,36579,19702,56282,17357
2026-04-21,2026,4,21,chokepoint6,Strait of Hormuz,0,0,0,0,2,0,2,0,0,0,0,75113,0,75113,17358
2026-04-22,2026,4,22,chokepoint6,Strait of Hormuz,2,1,0,0,2,3,5,72964,47075,0,0,0,120039,120039,17359
2026-04-23,2026,4,23,chokepoint6,Strait of Hormuz,0,1,0,0,0,1,1,0,33377,0,0,0,33377,33377,17360
2026-04-24,2026,4,24,chokepoint6,Strait of Hormuz,0,1,2,0,2,3,5,0,38488,794,0,33283,39282,72566,17361
2026-04-25,2026,4,25,chokepoint6,Strait of Hormuz,0,1,1,0,1,2,3,0,53679,107,0,42882,53786,96668,17362
2026-04-26,2026,4,26,chokepoint6,Strait of Hormuz,0,0,1,0,1,1,2,0,0,11122,0,0,11122,11122,17363
2026-04-27,2026,4,27,chokepoint6,Strait of Hormuz,0,0,0,0,0,0,0,0,0,0,0,0,0,0,17364
2026-04-28,2026,4,28,chokepoint6,Strait of Hormuz,0,1,2,0,2,3,5,0,46585,13090,0,323392,59676,383069,17365
2026-04-29,2026,4,29,chokepoint6,Strait of Hormuz,0,1,1,0,3,2,5,0,314972,591,0,11036,315564,326600,17366
2026-04-30,2026,4,30,chokepoint6,Strait of Hormuz,1,1,0,0,4,2,6,0,0,0,0,64253,0,64253,17367
2026-04-01,2026,4,1,chokepoint7,Cape of Good Hope,19,49,2,4,11,74,85,1103097,3077944,19875,7203,122505,4208120,4330626,18916
2026-04-02,2026,4,2,chokepoint7,Cape of Good Hope,15,44,2,4,24,65,89,1077552,2217812,9526,10435,439734,3315326,3755061,18917
2026-04-03,2026,4,3,chokepoint7,Cape of Good Hope,23,43,6,6,24,78,102,1390936,2693929,42389,22069,889247,4149324,5038572,18918
2026-04-04,2026,4,4,chokepoint7,Cape of Good Hope,32,39,6,9,27,86,113,1792669,2781576,31166,37649,1196569,4643062,5839631,18919
2026-04-05,2026,4,5,chokepoint7,Cape of Good Hope,9,32,1,0,24,42,66,460576,2201412,0,0,1480767,2661989,4142757,18920
2026-04-06,2026,4,6,chokepoint7,Cape of Good Hope,14,28,1,1,20,44,64,1053145,2111386,14731,0,1057701,3179263,4236964,18921
2026-04-07,2026,4,7,chokepoint7,Cape of Good Hope,17,39,4,1,15,61,76,1112093,3391155,62205,5943,729598,4571396,5300995,18922
2026-04-08,2026,4,8,chokepoint7,Cape of Good Hope,32,43,3,6,32,84,116,1725236,2966339,26753,23221,1290452,4741550,6032002,18923
2026-04-09,2026,4,9,chokepoint7,Cape of Good Hope,21,43,7,3,31,74,105,1557355,2568278,75920,15670,1777532,4217224,5994757,18924
2026-04-10,2026,4,10,chokepoint7,Cape of Good Hope,26,39,6,5,25,76,101,1727091,2542689,46590,22413,1196895,4338785,5535681,18925
2026-04-11,2026,4,11,chokepoint7,Cape of Good Hope,17,50,2,5,19,74,93,926393,4741451,6282,34250,1173972,5708376,6882349,18926
2026-04-12,2026,4,12,chokepoint7,Cape of Good Hope,25,42,3,7,19,77,96,1977066,3376272,37048,33435,1129057,5423823,6552880,18927
2026-04-13,2026,4,13,chokepoint7,Cape of Good Hope,24,41,4,6,29,75,104,1628259,3627535,51830,23104,1211593,5330730,6542323,18928
2026-04-14,2026,4,14,chokepoint7,Cape of Good Hope,26,44,5,3,28,78,106,1549948,3160769,78627,18806,726080,4808152,5534232,18929
2026-04-15,2026,4,15,chokepoint7,Cape of Good Hope,16,45,5,2,22,68,90,893999,4442626,42512,6720,1395609,5385858,6781468,18930
2026-04-16,2026,4,16,chokepoint7,Cape of Good Hope,17,37,1,5,35,60,95,864559,2732054,34132,13887,1531010,3644634,5175645,18931
2026-04-17,2026,4,17,chokepoint7,Cape of Good Hope,28,41,2,2,22,73,95,1986219,3740881,18676,4933,1266764,5750710,7017474,18932
2026-04-18,2026,4,18,chokepoint7,Cape of Good Hope,26,37,3,6,19,72,91,1379744,1774350,28214,24390,979750,3206699,4186449,18933
2026-04-19,2026,4,19,chokepoint7,Cape of Good Hope,4,51,4,0,27,59,86,294438,3511898,25672,0,1283539,3832009,5115548,18934
2026-04-20,2026,4,20,chokepoint7,Cape of Good Hope,10,30,2,5,19,47,66,770276,2328684,37241,19894,809100,3156097,3965198,18935
2026-04-21,2026,4,21,chokepoint7,Cape of Good Hope,11,48,4,0,19,63,82,820323,2709760,59743,0,541374,3589827,4131201,18936
2026-04-22,2026,4,22,chokepoint7,Cape of Good Hope,18,25,3,4,25,50,75,1239758,2866307,33004,27987,1473054,4167057,5640112,18937
2026-04-23,2026,4,23,chokepoint7,Cape of Good Hope,38,47,5,8,23,98,121,2527400,3992663,47232,28016,951200,6595313,7546514,18938
2026-04-24,2026,4,24,chokepoint7,Cape of Good Hope,33,55,10,12,22,110,132,1996981,4824664,161848,40009,1735067,7023504,8758572,18939
2026-04-25,2026,4,25,chokepoint7,Cape of Good Hope,28,66,5,7,24,106,130,1911296,5523309,30397,40257,2545517,7505261,10050778,18940
2026-04-26,2026,4,26,chokepoint7,Cape of Good Hope,13,43,0,2,24,58,82,948214,3967991,0,11510,796693,4927716,5724410,18941
2026-04-27,2026,4,27,chokepoint7,Cape of Good Hope,5,41,1,5,14,52,66,279096,3111581,25739,15846,1071985,3432263,4504249,18942
2026-04-28,2026,4,28,chokepoint7,Cape of Good Hope,27,20,2,0,21,49,70,1480515,1699332,37689,0,1332745,3217537,4550282,18943
2026-04-29,2026,4,29,chokepoint7,Cape of Good Hope,16,33,4,1,21,54,75,794869,2527872,68948,5540,503184,3397230,3900415,18944
2026-04-30,2026,4,30,chokepoint7,Cape of Good Hope,29,50,1,4,24,84,108,1874379,3063227,45113,20077,1469059,5002796,6471856,18945
2026-04-01,2026,4,1,chokepoint8,Gibraltar Strait,31,33,28,6,53,98,151,933575,1061755,55712,12173,1603408,2063216,3666625,23694
2026-04-02,2026,4,2,chokepoint8,Gibraltar Strait,34,22,22,6,45,84,129,708146,865206,60099,30495,1086314,1663947,2750261,23695
2026-04-03,2026,4,3,chokepoint8,Gibraltar Strait,22,19,16,5,52,62,114,954990,1022442,69836,6653,1580312,2053923,3634236,23696
2026-04-04,2026,4,4,chokepoint8,Gibraltar Strait,22,32,18,6,26,78,104,755334,1324246,82390,12698,864419,2174670,3039090,23697
2026-04-05,2026,4,5,chokepoint8,Gibraltar Strait,34,34,11,6,60,85,145,959538,1609462,49698,10524,1667563,2629223,4296787,23698
2026-04-06,2026,4,6,chokepoint8,Gibraltar Strait,34,19,27,8,39,88,127,1020373,1064256,115831,20645,1076405,2221106,3297512,23699
2026-04-07,2026,4,7,chokepoint8,Gibraltar Strait,40,31,27,4,48,102,150,1252000,1516077,124427,11925,1126136,2904431,4030567,23700
2026-04-08,2026,4,8,chokepoint8,Gibraltar Strait,27,28,19,5,39,79,118,1065777,803750,66441,7064,842960,1943034,2785995,23701
2026-04-09,2026,4,9,chokepoint8,Gibraltar Strait,35,33,12,4,51,84,135,987095,1268660,28274,14652,770645,2298682,3069327,23702
2026-04-10,2026,4,10,chokepoint8,Gibraltar Strait,18,30,22,5,45,75,120,585690,1227740,81889,4705,726788,1900026,2626814,23703
2026-04-11,2026,4,11,chokepoint8,Gibraltar Strait,38,27,20,4,36,89,125,1320548,1059268,58100,14967,949530,2452884,3402414,23704
2026-04-12,2026,4,12,chokepoint8,Gibraltar Strait,37,19,20,3,28,79,107,1025443,880982,86875,7249,452109,2000551,2452661,23705
2026-04-13,2026,4,13,chokepoint8,Gibraltar Strait,28,26,26,8,43,88,131,934168,563914,107561,10325,1568140,1615970,3184111,23706
2026-04-14,2026,4,14,chokepoint8,Gibraltar Strait,27,35,24,1,58,87,145,556404,1493883,95661,5195,1513024,2151145,3664170,23707
2026-04-15,2026,4,15,chokepoint8,Gibraltar Strait,33,32,11,7,48,83,131,998398,1001641,52216,20427,1379999,2072683,3452682,23708
2026-04-16,2026,4,16,chokepoint8,Gibraltar Strait,26,25,16,5,38,72,110,734505,1035179,65762,9210,814799,1844657,2659457,23709
2026-04-17,2026,4,17,chokepoint8,Gibraltar Strait,31,33,18,7,43,89,132,920114,1268765,113874,6572,1037856,2309327,3347184,23710
2026-04-18,2026,4,18,chokepoint8,Gibraltar Strait,31,35,27,5,56,98,154,799145,1247335,94604,7007,1104726,2148092,3252819,23711
2026-04-19,2026,4,19,chokepoint8,Gibraltar Strait,40,27,25,6,30,98,128,1259924,1058840,85827,14188,652331,2418781,3071112,23712
2026-04-20,2026,4,20,chokepoint8,Gibraltar Strait,27,30,22,1,40,80,120,1007985,1627771,114254,0,1222324,2750011,3972335,23713
2026-04-21,2026,4,21,chokepoint8,Gibraltar Strait,30,28,27,3,54,88,142,698064,891198,133255,4001,998102,1726519,2724621,23714
2026-04-22,2026,4,22,chokepoint8,Gibraltar Strait,43,37,30,5,44,115,159,948757,1662288,114559,7074,1330856,2732679,4063536,23715
2026-04-23,2026,4,23,chokepoint8,Gibraltar Strait,30,26,24,4,39,84,123,837028,1009093,87397,7009,1304592,1940529,3245122,23716
2026-04-24,2026,4,24,chokepoint8,Gibraltar Strait,36,27,27,6,48,96,144,1500677,921952,93078,12040,1424850,2527748,3952599,23717
2026-04-25,2026,4,25,chokepoint8,Gibraltar Strait,24,24,25,8,35,81,116,526833,924794,85354,17377,829011,1554358,2383370,23718
2026-04-26,2026,4,26,chokepoint8,Gibraltar Strait,35,26,26,7,47,94,141,979978,886287,116263,27737,1365528,2010266,3375794,23719
2026-04-27,2026,4,27,chokepoint8,Gibraltar Strait,32,29,20,6,35,87,122,872250,1038779,71988,17552,947342,2000571,2947914,23720
2026-04-28,2026,4,28,chokepoint8,Gibraltar Strait,28,31,21,4,54,84,138,775416,1089785,53212,17100,1397449,1935514,3332963,23721
2026-04-29,2026,4,29,chokepoint8,Gibraltar Strait,40,35,26,7,43,108,151,1513143,1082939,98627,13686,1573077,2708396,4281474,23722
2026-04-30,2026,4,30,chokepoint8,Gibraltar Strait,27,25,22,6,49,80,129,842657,1066437,144491,10869,1485849,2064455,3550305,23723
2026-04-01,2026,4,1,chokepoint9,Dover Strait,38,23,52,9,74,122,196,1158633,1003210,144018,11989,1254620,2317851,3572472,24072
2026-04-02,2026,4,2,chokepoint9,Dover Strait,30,32,46,9,53,117,170,533176,1116345,161298,21296,1431913,1832116,3264030,24073
2026-04-03,2026,4,3,chokepoint9,Dover Strait,40,34,43,17,52,134,186,1325882,1036629,130453,31573,1478713,2524538,4003252,24074
2026-04-04,2026,4,4,chokepoint9,Dover Strait,40,23,55,12,78,130,208,1065971,989448,153804,32800,1734562,2242025,3976587,24075
2026-04-05,2026,4,5,chokepoint9,Dover Strait,34,21,50,6,54,111,165,1005216,826175,168192,35609,1371977,2035193,3407171,24076
2026-04-06,2026,4,6,chokepoint9,Dover Strait,29,25,31,8,53,93,146,1087605,964406,104025,19268,1223214,2175305,3398520,24077
2026-04-07,2026,4,7,chokepoint9,Dover Strait,36,16,31,11,54,94,148,1157335,708284,99448,5282,1083634,1970351,3053986,24078
2026-04-08,2026,4,8,chokepoint9,Dover Strait,42,27,38,7,72,114,186,1443931,1089640,100881,23238,1438111,2657691,4095802,24079
2026-04-09,2026,4,9,chokepoint9,Dover Strait,31,23,33,10,61,97,158,687007,1008543,90332,18419,1461638,1804303,3265942,24080
2026-04-10,2026,4,10,chokepoint9,Dover Strait,26,17,25,9,50,77,127,487106,858260,66456,10668,1573630,1422491,2996122,24081
2026-04-11,2026,4,11,chokepoint9,Dover Strait,40,23,41,7,60,111,171,1057760,1315173,87239,29011,1366166,2489185,3855352,24082
2026-04-12,2026,4,12,chokepoint9,Dover Strait,41,30,39,16,69,126,195,796272,1212452,91630,31694,985810,2132049,3117859,24083
2026-04-13,2026,4,13,chokepoint9,Dover Strait,27,27,32,4,60,90,150,693344,987465,136092,14122,829770,1831024,2660795,24084
2026-04-14,2026,4,14,chokepoint9,Dover Strait,32,22,33,11,56,98,154,1248081,1078082,76572,23717,1085576,2426453,3512029,24085
2026-04-15,2026,4,15,chokepoint9,Dover Strait,38,20,47,7,55,112,167,997077,1111103,145469,33485,1319438,2287136,3606574,24086
2026-04-16,2026,4,16,chokepoint9,Dover Strait,45,26,53,11,51,135,186,1065307,1384835,162581,53118,1009110,2665843,3674953,24087
2026-04-17,2026,4,17,chokepoint9,Dover Strait,33,31,43,12,60,119,179,777756,1028254,97559,35336,1574293,1938906,3513200,24088
2026-04-18,2026,4,18,chokepoint9,Dover Strait,42,26,57,11,57,136,193,1336116,925283,121080,25231,1559250,2407711,3966962,24089
2026-04-19,2026,4,19,chokepoint9,Dover Strait,40,22,49,9,56,120,176,1019036,578090,105259,9702,1165999,1712088,2878088,24090
2026-04-20,2026,4,20,chokepoint9,Dover Strait,39,22,36,13,54,110,164,1425153,1176464,136827,15497,1148443,2753941,3902385,24091
2026-04-21,2026,4,21,chokepoint9,Dover Strait,34,28,32,8,60,102,162,994549,1297520,97733,12171,796525,2401974,3198499,24092
2026-04-22,2026,4,22,chokepoint9,Dover Strait,27,11,42,7,59,87,146,723716,298946,184116,7448,1299966,1214228,2514194,24093
2026-04-23,2026,4,23,chokepoint9,Dover Strait,37,22,51,10,47,120,167,895852,833481,133575,18134,890139,1881043,2771182,24094
2026-04-24,2026,4,24,chokepoint9,Dover Strait,38,39,45,13,65,135,200,1153594,1381374,88658,32582,1452389,2656209,4108598,24095
2026-04-25,2026,4,25,chokepoint9,Dover Strait,48,30,66,12,69,156,225,1761021,1333547,158752,35843,1133983,3289165,4423149,24096
2026-04-26,2026,4,26,chokepoint9,Dover Strait,30,24,39,14,59,107,166,994638,1019301,86360,43961,1242828,2144262,3387090,24097
2026-04-27,2026,4,27,chokepoint9,Dover Strait,39,19,33,7,48,98,146,957130,598397,105632,8379,1342228,1669539,3011767,24098
2026-04-28,2026,4,28,chokepoint9,Dover Strait,30,12,35,11,63,88,151,1007391,461942,119010,15251,1662093,1603596,3265690,24099
2026-04-29,2026,4,29,chokepoint9,Dover Strait,44,24,52,10,46,130,176,1061174,1091898,160902,24677,961547,2338652,3300200,24100
2026-04-30,2026,4,30,chokepoint9,Dover Strait,32,23,29,14,51,98,149,1401652,936220,82322,26328,962419,2446524,3408944,24101
2026-04-01,2026,4,1,chokepoint10,Oresund Strait,5,5,12,3,9,25,34,7487,56409,6561,3116,10760,73575,84336,26450
2026-04-02,2026,4,2,chokepoint10,Oresund Strait,11,6,18,2,12,37,49,27273,203904,36285,831,17937,268295,286232,26451
2026-04-03,2026,4,3,chokepoint10,Oresund Strait,5,10,24,1,15,40,55,9279,47198,33589,0,39794,90067,129861,26452
2026-04-04,2026,4,4,chokepoint10,Oresund Strait,10,7,12,4,12,33,45,31138,0,13336,8026,13579,52501,66080,26453
2026-04-05,2026,4,5,chokepoint10,Oresund Strait,5,8,17,2,11,32,43,9778,7275,17215,0,27344,34269,61614,26454
2026-04-06,2026,4,6,chokepoint10,Oresund Strait,2,2,14,4,3,22,25,4976,0,21834,3240,5208,30051,35260,26455
2026-04-07,2026,4,7,chokepoint10,Oresund Strait,3,8,11,3,14,25,39,2667,2544,18262,3888,29142,27363,56505,26456
2026-04-08,2026,4,8,chokepoint10,Oresund Strait,4,7,24,3,4,38,42,1074,76782,35109,2450,7165,115415,122581,26457
2026-04-09,2026,4,9,chokepoint10,Oresund Strait,2,5,14,0,12,21,33,2169,29062,17160,0,12591,48392,60983,26458
2026-04-10,2026,4,10,chokepoint10,Oresund Strait,5,3,12,3,10,23,33,4539,0,21416,0,28293,25956,54249,26459
2026-04-11,2026,4,11,chokepoint10,Oresund Strait,4,6,22,2,12,34,46,14130,0,29505,0,13828,43635,57464,26460
2026-04-12,2026,4,12,chokepoint10,Oresund Strait,9,5,17,1,11,32,43,16552,7681,36573,1385,33011,62193,95205,26461
2026-04-13,2026,4,13,chokepoint10,Oresund Strait,3,7,15,5,5,30,35,11329,5489,20615,5814,3987,43248,47236,26462
2026-04-14,2026,4,14,chokepoint10,Oresund Strait,6,5,19,3,7,33,40,12538,60159,29175,2717,49194,104590,153785,26463
2026-04-15,2026,4,15,chokepoint10,Oresund Strait,4,13,19,1,11,37,48,6504,12002,31987,730,22993,51225,74218,26464
2026-04-16,2026,4,16,chokepoint10,Oresund Strait,4,7,14,1,12,26,38,8298,44754,21443,0,19558,74495,94054,26465
2026-04-17,2026,4,17,chokepoint10,Oresund Strait,5,7,10,1,8,23,31,10075,7307,15291,1119,18701,33794,52495,26466
2026-04-18,2026,4,18,chokepoint10,Oresund Strait,9,4,24,3,9,40,49,16315,67052,33977,5042,12875,122388,135263,26467
2026-04-19,2026,4,19,chokepoint10,Oresund Strait,9,7,19,2,12,37,49,23282,34350,41893,4159,29079,103686,132766,26468
2026-04-20,2026,4,20,chokepoint10,Oresund Strait,3,6,19,3,11,31,42,5278,0,31611,2152,26553,39042,65596,26469
2026-04-21,2026,4,21,chokepoint10,Oresund Strait,2,6,16,0,6,24,30,3940,295800,30873,0,3050,330614,333664,26470
2026-04-22,2026,4,22,chokepoint10,Oresund Strait,2,3,19,4,11,28,39,4697,0,17485,1889,16791,24073,40864,26471
2026-04-23,2026,4,23,chokepoint10,Oresund Strait,3,6,18,3,11,30,41,4890,8488,23996,2000,29566,39375,68941,26472
2026-04-24,2026,4,24,chokepoint10,Oresund Strait,1,6,22,1,13,30,43,1227,6992,45662,1391,66096,55273,121370,26473
2026-04-25,2026,4,25,chokepoint10,Oresund Strait,7,6,17,5,8,35,43,13889,138241,29541,10316,12604,191989,204593,26474
2026-04-26,2026,4,26,chokepoint10,Oresund Strait,8,5,25,3,7,41,48,32291,4336,43891,3019,14435,83539,97975,26475
2026-04-27,2026,4,27,chokepoint10,Oresund Strait,4,4,17,1,12,26,38,7657,3049,28719,1119,18326,40546,58873,26476
2026-04-28,2026,4,28,chokepoint10,Oresund Strait,7,7,20,3,17,37,54,12471,4727,28060,4956,24271,50215,74487,26477
2026-04-29,2026,4,29,chokepoint10,Oresund Strait,4,7,20,2,9,33,42,17140,33332,28468,3272,12828,82214,95043,26478
2026-04-30,2026,4,30,chokepoint10,Oresund Strait,6,7,22,3,12,38,50,9427,33106,36951,3800,30305,83286,113591,26479
2026-04-01,2026,4,1,chokepoint11,Taiwan Strait,88,59,36,4,43,187,230,1724375,2321661,230124,10724,585313,4286886,4872200,31628
2026-04-02,2026,4,2,chokepoint11,Taiwan Strait,76,60,25,3,35,164,199,1568589,3048900,185953,0,639633,4803444,5443077,31629
2026-04-03,2026,4,3,chokepoint11,Taiwan Strait,83,62,28,9,46,182,228,2273362,3098767,121080,17246,1183474,5510456,6693931,31630
2026-04-04,2026,4,4,chokepoint11,Taiwan Strait,99,57,12,8,37,176,213,2340202,2352104,77820,32551,839174,4802677,5641852,31631
2026-04-05,2026,4,5,chokepoint11,Taiwan Strait,88,71,28,9,48,196,244,1758484,3580107,215295,27847,525855,5581736,6107591,31632
2026-04-06,2026,4,6,chokepoint11,Taiwan Strait,92,60,22,5,45,179,224,2083263,3021670,59201,14339,777287,5178475,5955763,31633
2026-04-07,2026,4,7,chokepoint11,Taiwan Strait,101,71,26,4,29,202,231,2135630,3389362,159579,18105,505923,5702678,6208601,31634
2026-04-08,2026,4,8,chokepoint11,Taiwan Strait,102,65,32,6,38,205,243,2111939,3014020,165142,13643,399494,5304746,5704241,31635
2026-04-09,2026,4,9,chokepoint11,Taiwan Strait,73,77,35,5,54,190,244,1343089,3070995,229618,9915,753137,4653619,5406757,31636
2026-04-10,2026,4,10,chokepoint11,Taiwan Strait,94,75,29,5,54,203,257,2151741,4059357,123976,14940,954150,6350016,7304166,31637
2026-04-11,2026,4,11,chokepoint11,Taiwan Strait,96,65,25,1,50,187,237,2024082,2752837,153281,1857,876555,4932059,5808614,31638
2026-04-12,2026,4,12,chokepoint11,Taiwan Strait,109,73,19,3,52,204,256,2407989,4431819,114672,3592,600212,6958072,7558285,31639
2026-04-13,2026,4,13,chokepoint11,Taiwan Strait,91,67,29,7,40,194,234,1888966,3234810,120325,16694,372253,5260796,5633050,31640
2026-04-14,2026,4,14,chokepoint11,Taiwan Strait,90,69,30,8,66,197,263,1823583,3637828,161964,22254,764816,5645632,6410449,31641
2026-04-15,2026,4,15,chokepoint11,Taiwan Strait,87,75,26,7,46,195,241,1971169,2687507,137594,9584,900048,4805855,5705903,31642
2026-04-16,2026,4,16,chokepoint11,Taiwan Strait,85,62,23,5,45,175,220,1681386,3494659,101292,12307,419348,5289645,5708993,31643
2026-04-17,2026,4,17,chokepoint11,Taiwan Strait,79,53,25,4,40,161,201,2108595,3297206,163106,6255,745593,5575163,6320757,31644
2026-04-18,2026,4,18,chokepoint11,Taiwan Strait,88,51,26,4,43,169,212,1936394,2019709,174978,11828,410825,4142911,4553736,31645
2026-04-19,2026,4,19,chokepoint11,Taiwan Strait,106,55,33,5,57,199,256,2292876,2629412,277795,22994,510685,5223079,5733765,31646
2026-04-20,2026,4,20,chokepoint11,Taiwan Strait,92,81,25,2,48,200,248,1881223,2965982,184103,6579,655370,5037888,5693258,31647
2026-04-21,2026,4,21,chokepoint11,Taiwan Strait,76,57,34,9,37,176,213,1730139,1929169,175256,17574,476009,3852138,4328148,31648
2026-04-22,2026,4,22,chokepoint11,Taiwan Strait,98,60,27,7,42,192,234,2005861,2667202,106590,17293,487677,4796948,5284625,31649
2026-04-23,2026,4,23,chokepoint11,Taiwan Strait,86,64,26,3,39,179,218,1856102,2381268,138305,4456,621313,4380133,5001446,31650
2026-04-24,2026,4,24,chokepoint11,Taiwan Strait,78,56,23,6,55,163,218,1495492,3226722,120156,7173,1057173,4849546,5906719,31651
2026-04-25,2026,4,25,chokepoint11,Taiwan Strait,91,73,22,6,43,192,235,2389788,3391073,107124,3056,339109,5891042,6230151,31652
2026-04-26,2026,4,26,chokepoint11,Taiwan Strait,104,70,30,9,55,213,268,2360644,3013681,159710,17088,954580,5551124,6505704,31653
2026-04-27,2026,4,27,chokepoint11,Taiwan Strait,88,70,26,8,45,192,237,2012656,3835281,134790,25427,331324,6008156,6339480,31654
2026-04-28,2026,4,28,chokepoint11,Taiwan Strait,87,67,28,6,49,188,237,1673351,3280852,105542,23616,785815,5083362,5869177,31655
2026-04-29,2026,4,29,chokepoint11,Taiwan Strait,99,76,27,4,43,206,249,2484269,3282308,137438,4432,714543,5908449,6622993,31656
2026-04-30,2026,4,30,chokepoint11,Taiwan Strait,75,65,22,3,42,165,207,1251830,3385071,109385,7451,653037,4753739,5406777,31657
2026-04-01,2026,4,1,chokepoint12,Korea Strait,48,23,46,5,55,122,177,661110,478275,86368,0,890299,1225754,2116054,33580
2026-04-02,2026,4,2,chokepoint12,Korea Strait,64,38,45,9,55,156,211,873719,1501600,110742,7291,671451,2493353,3164804,33582
2026-04-03,2026,4,3,chokepoint12,Korea Strait,69,30,43,6,57,148,205,1205589,848185,133692,13075,741818,2200541,2942360,33584
2026-04-04,2026,4,4,chokepoint12,Korea Strait,45,36,30,8,43,119,162,1018828,1021527,90607,7833,1187459,2138797,3326256,33586
2026-04-05,2026,4,5,chokepoint12,Korea Strait,45,25,62,12,68,144,212,919071,578042,166791,13937,1037650,1677843,2715493,33588
2026-04-06,2026,4,6,chokepoint12,Korea Strait,49,37,47,8,50,141,191,905209,1318448,117848,12303,723167,2353809,3076977,33590
2026-04-07,2026,4,7,chokepoint12,Korea Strait,57,39,44,9,64,149,213,1087517,891509,103101,19707,1023074,2101837,3124911,33592
2026-04-08,2026,4,8,chokepoint12,Korea Strait,50,45,48,14,46,157,203,873061,1411387,129492,43177,570080,2457119,3027200,33594
2026-04-09,2026,4,9,chokepoint12,Korea Strait,58,24,30,5,34,117,151,1270811,1139135,76025,12410,608873,2498382,3107256,33596
2026-04-10,2026,4,10,chokepoint12,Korea Strait,53,30,69,8,42,160,202,801925,878934,173838,9210,347635,1863908,2211544,33598
2026-04-11,2026,4,11,chokepoint12,Korea Strait,51,39,61,5,49,156,205,848623,1296166,171489,8589,354247,2324868,2679116,33600
2026-04-12,2026,4,12,chokepoint12,Korea Strait,56,44,58,8,58,166,224,892022,1345111,179852,7383,560758,2424371,2985129,33602
2026-04-13,2026,4,13,chokepoint12,Korea Strait,51,29,47,8,51,135,186,779894,829164,101247,17005,809909,1727311,2537220,33604
2026-04-14,2026,4,14,chokepoint12,Korea Strait,60,34,49,11,51,154,205,1231367,546908,143447,17641,595523,1939365,2534888,33606
2026-04-15,2026,4,15,chokepoint12,Korea Strait,56,38,58,10,48,162,210,1286151,871203,167152,25440,769069,2349947,3119017,33608
2026-04-16,2026,4,16,chokepoint12,Korea Strait,55,39,52,11,46,157,203,1196280,1270315,144010,22382,875243,2632988,3508232,33609
2026-04-17,2026,4,17,chokepoint12,Korea Strait,57,37,62,9,46,165,211,1199041,1243770,184039,22154,655509,2649005,3304515,33610
2026-04-18,2026,4,18,chokepoint12,Korea Strait,52,35,59,5,39,151,190,1027751,1003888,122774,13863,523998,2168278,2692276,33611
2026-04-19,2026,4,19,chokepoint12,Korea Strait,56,35,47,5,49,143,192,828601,778947,106881,1412,672712,1715843,2388555,33612
2026-04-20,2026,4,20,chokepoint12,Korea Strait,42,30,52,8,49,132,181,894648,1328610,145846,4428,584567,2373533,2958100,33613
2026-04-21,2026,4,21,chokepoint12,Korea Strait,51,38,51,10,58,150,208,906078,1259361,141919,34028,1084099,2341389,3425488,33614
2026-04-22,2026,4,22,chokepoint12,Korea Strait,47,42,34,6,51,129,180,826050,1054057,62947,9365,1232529,1952421,3184951,33615
2026-04-23,2026,4,23,chokepoint12,Korea Strait,52,21,46,14,50,133,183,1342590,485926,155118,11450,597238,1995085,2592324,33616
2026-04-24,2026,4,24,chokepoint12,Korea Strait,54,61,68,7,54,190,244,1009460,1594561,186264,3990,328804,2794277,3123081,33617
2026-04-25,2026,4,25,chokepoint12,Korea Strait,62,35,70,9,60,176,236,1203350,1077863,138300,17233,1149608,2436748,3586356,33618
2026-04-26,2026,4,26,chokepoint12,Korea Strait,63,23,34,8,65,128,193,1415751,620335,72101,6157,809209,2114346,2923555,33619
2026-04-27,2026,4,27,chokepoint12,Korea Strait,65,40,55,12,53,172,225,950655,1343378,126419,30072,714559,2450525,3165085,33620
2026-04-28,2026,4,28,chokepoint12,Korea Strait,37,39,53,5,53,134,187,647756,1090853,109337,5879,936684,1853827,2790511,33621
2026-04-29,2026,4,29,chokepoint12,Korea Strait,51,43,53,9,45,156,201,943475,963066,121142,13358,538210,2041042,2579252,33622
2026-04-30,2026,4,30,chokepoint12,Korea Strait,62,35,53,8,51,158,209,1400135,1008635,142774,8898,1257950,2560443,3818393,33623
2026-04-01,2026,4,1,chokepoint13,Tsugaru Strait,11,11,14,5,13,41,54,454469,150794,13165,5433,60852,623862,684715,34384
2026-04-02,2026,4,2,chokepoint13,Tsugaru Strait,16,14,4,2,12,36,48,584915,475651,9168,0,144822,1069736,1214559,34385
2026-04-03,2026,4,3,chokepoint13,Tsugaru Strait,10,13,8,3,15,34,49,292977,551973,16624,0,151578,861574,1013153,34386
2026-04-04,2026,4,4,chokepoint13,Tsugaru Strait,8,11,7,2,18,28,46,307541,379992,6836,4258,255503,698628,954132,34387
2026-04-05,2026,4,5,chokepoint13,Tsugaru Strait,14,17,5,1,15,37,52,415164,570188,2575,5428,242010,993357,1235367,34388
2026-04-06,2026,4,6,chokepoint13,Tsugaru Strait,11,24,10,5,5,50,55,442689,707284,15264,16623,51519,1181861,1233380,34389
2026-04-07,2026,4,7,chokepoint13,Tsugaru Strait,14,11,3,5,7,33,40,641286,468662,3628,7336,335720,1120913,1456634,34390
2026-04-08,2026,4,8,chokepoint13,Tsugaru Strait,10,12,14,2,19,38,57,509750,424447,43460,7840,185070,985499,1170569,34391
2026-04-09,2026,4,9,chokepoint13,Tsugaru Strait,8,15,19,0,9,42,51,336506,614184,31681,0,25042,982372,1007415,34392
2026-04-10,2026,4,10,chokepoint13,Tsugaru Strait,10,11,4,3,5,28,33,456810,236427,6410,19318,49773,718966,768740,34393
2026-04-11,2026,4,11,chokepoint13,Tsugaru Strait,9,10,1,4,5,24,29,353059,290138,2128,4467,78578,649794,728372,34394
2026-04-12,2026,4,12,chokepoint13,Tsugaru Strait,13,8,6,3,10,30,40,713991,285742,6435,8143,156527,1014312,1170840,34395
2026-04-13,2026,4,13,chokepoint13,Tsugaru Strait,11,12,22,2,17,47,64,489998,583059,47938,11789,118820,1132786,1251607,34396
2026-04-14,2026,4,14,chokepoint13,Tsugaru Strait,8,12,5,5,13,30,43,364465,323683,15470,4584,53488,708204,761692,34397
2026-04-15,2026,4,15,chokepoint13,Tsugaru Strait,16,8,15,2,16,41,57,565096,266810,31017,6333,173656,869257,1042914,34398
2026-04-16,2026,4,16,chokepoint13,Tsugaru Strait,9,13,8,2,13,32,45,370939,320194,14843,10475,522952,716453,1239406,34399
2026-04-17,2026,4,17,chokepoint13,Tsugaru Strait,18,13,15,4,12,50,62,704948,376400,44204,8038,223704,1133591,1357296,34400
2026-04-18,2026,4,18,chokepoint13,Tsugaru Strait,14,17,7,3,12,41,53,567528,793321,18133,9043,253193,1388026,1641220,37601
2026-04-19,2026,4,19,chokepoint13,Tsugaru Strait,18,18,8,5,19,49,68,813259,690943,27225,17648,361724,1549077,1910801,37602
2026-04-20,2026,4,20,chokepoint13,Tsugaru Strait,10,13,14,3,11,40,51,322991,565001,49006,5897,162196,942896,1105093,37603
2026-04-21,2026,4,21,chokepoint13,Tsugaru Strait,13,10,3,5,9,31,40,547150,321891,1584,4062,209015,874690,1083705,37604
2026-04-22,2026,4,22,chokepoint13,Tsugaru Strait,15,10,10,0,14,35,49,572270,301367,6915,0,108352,880553,988905,37605
2026-04-23,2026,4,23,chokepoint13,Tsugaru Strait,16,11,13,1,16,41,57,695538,296955,15449,966,285765,1008909,1294675,37606
2026-04-24,2026,4,24,chokepoint13,Tsugaru Strait,9,9,6,1,8,25,33,366738,296400,8054,0,90187,671194,761381,37607
2026-04-25,2026,4,25,chokepoint13,Tsugaru Strait,13,14,13,2,16,42,58,557882,527908,14908,10673,158453,1111373,1269826,37608
2026-04-26,2026,4,26,chokepoint13,Tsugaru Strait,20,13,6,2,19,41,60,867274,417991,12150,10184,540046,1307600,1847647,37609
2026-04-27,2026,4,27,chokepoint13,Tsugaru Strait,8,12,9,0,13,29,42,453095,418430,5515,0,150936,877041,1027977,37610
2026-04-28,2026,4,28,chokepoint13,Tsugaru Strait,10,11,6,6,12,33,45,288624,407056,9339,9800,197859,714821,912680,37611
2026-04-29,2026,4,29,chokepoint13,Tsugaru Strait,9,15,11,5,9,40,49,442322,679782,42167,14566,89543,1178838,1268381,37612
2026-04-30,2026,4,30,chokepoint13,Tsugaru Strait,8,13,6,1,6,28,34,340258,502502,3399,0,48250,846160,894410,37613
2026-04-01,2026,4,1,chokepoint14,Luzon Strait,8,34,7,5,13,54,67,119490,2897111,48485,4855,1295063,3069943,4365006,39562
2026-04-02,2026,4,2,chokepoint14,Luzon Strait,9,30,2,3,11,44,55,283259,3299368,7370,10002,186976,3600000,3786976,39563
2026-04-03,2026,4,3,chokepoint14,Luzon Strait,8,32,6,5,14,51,65,188557,2646586,48689,13100,251454,2896933,3148388,39564
2026-04-04,2026,4,4,chokepoint14,Luzon Strait,12,25,5,7,21,49,70,312406,1593788,19004,13246,827585,1938446,2766031,39565
2026-04-05,2026,4,5,chokepoint14,Luzon Strait,8,13,5,1,13,27,40,213599,1380549,18217,2060,968433,1614426,2582860,39566
2026-04-06,2026,4,6,chokepoint14,Luzon Strait,7,17,8,4,16,36,52,145705,1326631,30046,24297,247633,1526680,1774313,39567
2026-04-07,2026,4,7,chokepoint14,Luzon Strait,8,34,4,4,15,50,65,314474,3425789,44837,8764,1034988,3793865,4828854,39568
2026-04-08,2026,4,8,chokepoint14,Luzon Strait,13,19,9,3,19,44,63,198082,1385463,46563,14547,706530,1644657,2351187,39569
2026-04-09,2026,4,9,chokepoint14,Luzon Strait,9,36,5,2,24,52,76,191183,3369651,28254,0,1019807,3589089,4608897,39570
2026-04-10,2026,4,10,chokepoint14,Luzon Strait,12,28,5,5,23,50,73,269357,3275339,48536,17079,1722083,3610312,5332395,39571
2026-04-11,2026,4,11,chokepoint14,Luzon Strait,5,29,5,1,11,40,51,84001,2406235,65799,2333,642518,2558370,3200888,39572
2026-04-12,2026,4,12,chokepoint14,Luzon Strait,9,29,6,6,21,50,71,248747,1699655,24035,4334,1306368,1976772,3283141,39573
2026-04-13,2026,4,13,chokepoint14,Luzon Strait,8,19,6,2,26,35,61,134135,1805737,5810,7686,1191291,1953369,3144661,39574
2026-04-14,2026,4,14,chokepoint14,Luzon Strait,6,28,2,1,19,37,56,131981,2007940,9589,1645,986474,2151156,3137630,39575
2026-04-15,2026,4,15,chokepoint14,Luzon Strait,7,33,10,2,20,52,72,94866,2010424,61023,0,1010182,2166315,3176497,39576
2026-04-16,2026,4,16,chokepoint14,Luzon Strait,8,28,10,2,18,48,66,234002,3279982,73630,3226,538028,3590842,4128870,39577
2026-04-17,2026,4,17,chokepoint14,Luzon Strait,7,19,5,1,16,32,48,232549,1735546,29176,0,1933939,1997272,3931211,39578
2026-04-18,2026,4,18,chokepoint14,Luzon Strait,7,31,3,1,18,42,60,101526,2223218,13795,2510,913702,2341051,3254754,39579
2026-04-19,2026,4,19,chokepoint14,Luzon Strait,5,23,4,5,13,37,50,90355,1336475,19514,0,457949,1446345,1904295,39580
2026-04-20,2026,4,20,chokepoint14,Luzon Strait,5,25,4,2,22,36,58,65525,2848452,52354,10266,947345,2976599,3923944,39581
2026-04-21,2026,4,21,chokepoint14,Luzon Strait,5,17,6,3,25,31,56,313827,1621242,59723,9677,1601514,2004469,3605984,39582
2026-04-22,2026,4,22,chokepoint14,Luzon Strait,11,37,9,1,19,58,77,239386,2537548,57556,6540,1101834,2841031,3942865,39583
2026-04-23,2026,4,23,chokepoint14,Luzon Strait,7,29,4,3,24,43,67,125929,1548116,71820,4159,876058,1750026,2626084,39584
2026-04-24,2026,4,24,chokepoint14,Luzon Strait,5,20,5,3,10,33,43,61081,1652783,17643,2503,865439,1734012,2599452,39585
2026-04-25,2026,4,25,chokepoint14,Luzon Strait,7,24,4,2,25,37,62,114776,1867311,16757,0,1233341,1998845,3232186,39586
2026-04-26,2026,4,26,chokepoint14,Luzon Strait,10,16,3,4,18,33,51,333077,1632936,25644,10733,590271,2002392,2592663,39587
2026-04-27,2026,4,27,chokepoint14,Luzon Strait,8,39,6,1,16,54,70,193941,3399400,44957,4865,1181517,3643165,4824683,39588
2026-04-28,2026,4,28,chokepoint14,Luzon Strait,16,37,3,3,27,59,86,351734,3343812,24346,11932,1875879,3731826,5607705,39589
2026-04-29,2026,4,29,chokepoint14,Luzon Strait,9,43,7,4,18,63,81,263302,3082408,44602,7208,1322191,3397522,4719714,39590
2026-04-30,2026,4,30,chokepoint14,Luzon Strait,7,32,2,2,17,43,60,136301,2497978,17425,10779,642490,2662484,3304975,39591
2026-04-01,2026,4,1,chokepoint15,Lombok Strait,0,14,2,1,8,17,25,0,2259746,4871,0,89534,2264617,2354152,41140
2026-04-02,2026,4,2,chokepoint15,Lombok Strait,0,25,1,0,9,26,35,0,2800803,0,0,488943,2800803,3289747,41141
2026-04-03,2026,4,3,chokepoint15,Lombok Strait,0,29,3,2,14,34,48,0,3267794,6923,0,326751,3274718,3601469,41142
2026-04-04,2026,4,4,chokepoint15,Lombok Strait,0,27,1,0,6,28,34,0,3484474,2477,0,244514,3486952,3731466,41143
2026-04-05,2026,4,5,chokepoint15,Lombok Strait,0,26,3,0,12,29,41,0,2012693,7031,0,124826,2019724,2144550,41144
2026-04-06,2026,4,6,chokepoint15,Lombok Strait,0,20,3,0,7,23,30,0,2370235,8755,0,234549,2378991,2613540,41145
2026-04-07,2026,4,7,chokepoint15,Lombok Strait,0,26,3,0,5,29,34,0,2229248,5094,0,292126,2234343,2526470,41146
2026-04-08,2026,4,8,chokepoint15,Lombok Strait,1,26,1,2,6,30,36,2201,2014385,6146,4913,125644,2027647,2153292,41147
2026-04-09,2026,4,9,chokepoint15,Lombok Strait,0,27,1,0,5,28,33,0,2223511,7271,0,155403,2230782,2386186,41148
2026-04-10,2026,4,10,chokepoint15,Lombok Strait,0,27,0,0,8,27,35,0,2971690,0,0,301995,2971690,3273685,41149
2026-04-11,2026,4,11,chokepoint15,Lombok Strait,0,24,2,0,14,26,40,0,3615191,16778,0,366886,3631970,3998856,41150
2026-04-12,2026,4,12,chokepoint15,Lombok Strait,0,22,2,0,12,24,36,0,2498974,6296,0,71640,2505271,2576911,41151
2026-04-13,2026,4,13,chokepoint15,Lombok Strait,0,22,3,0,8,25,33,0,2423477,8091,0,92356,2431569,2523925,41152
2026-04-14,2026,4,14,chokepoint15,Lombok Strait,1,27,2,0,9,30,39,3481,2815093,3707,0,189230,2822282,3011512,41153
2026-04-15,2026,4,15,chokepoint15,Lombok Strait,1,25,1,0,5,27,32,2201,1539823,2469,0,62501,1544494,1606995,41154
2026-04-16,2026,4,16,chokepoint15,Lombok Strait,0,30,1,1,8,32,40,0,2991883,1514,5618,86104,2999016,3085121,41155
2026-04-17,2026,4,17,chokepoint15,Lombok Strait,0,34,2,0,9,36,45,0,3684717,4161,0,252667,3688878,3941546,41156
2026-04-18,2026,4,18,chokepoint15,Lombok Strait,0,30,3,0,8,33,41,0,2518903,6979,0,135389,2525882,2661272,41157
2026-04-19,2026,4,19,chokepoint15,Lombok Strait,0,34,2,0,6,36,42,0,3012310,5633,0,39897,3017944,3057842,41158
2026-04-20,2026,4,20,chokepoint15,Lombok Strait,0,28,4,1,9,33,42,0,2538451,28244,0,122794,2566695,2689490,41159
2026-04-21,2026,4,21,chokepoint15,Lombok Strait,0,35,3,0,6,38,44,0,3031535,2799,0,3877,3034335,3038213,41160
2026-04-22,2026,4,22,chokepoint15,Lombok Strait,0,24,1,0,8,25,33,0,2111538,6146,0,360159,2117685,2477845,41161
2026-04-23,2026,4,23,chokepoint15,Lombok Strait,0,24,0,0,7,24,31,0,1956942,0,0,39917,1956942,1996860,41162
2026-04-24,2026,4,24,chokepoint15,Lombok Strait,0,28,1,0,7,29,36,0,2540305,6262,0,111494,2546567,2658061,41163
2026-04-25,2026,4,25,chokepoint15,Lombok Strait,1,23,1,0,6,25,31,2201,2981830,4536,0,149642,2988567,3138210,41164
2026-04-26,2026,4,26,chokepoint15,Lombok Strait,0,32,0,0,12,32,44,0,4030388,0,0,122295,4030388,4152684,41165
2026-04-27,2026,4,27,chokepoint15,Lombok Strait,0,29,2,1,10,32,42,0,3457463,2065,0,233690,3459528,3693219,41166
2026-04-28,2026,4,28,chokepoint15,Lombok Strait,0,27,1,0,6,28,34,0,2996196,3120,0,2909,2999317,3002226,41167
2026-04-29,2026,4,29,chokepoint15,Lombok Strait,0,34,1,1,10,36,46,0,3761733,2249,6180,296695,3770162,4066857,41168
2026-04-30,2026,4,30,chokepoint15,Lombok Strait,0,24,3,1,12,28,40,0,2384372,6918,0,106442,2391290,2497732,41169
2026-04-01,2026,4,1,chokepoint16,Ombai Strait,1,2,0,0,4,3,7,31859,239084,0,0,68371,270944,339315,45518
2026-04-02,2026,4,2,chokepoint16,Ombai Strait,3,1,0,0,2,4,6,77334,1256491,0,0,0,1333826,1333826,45519
2026-04-03,2026,4,3,chokepoint16,Ombai Strait,2,4,0,0,2,6,8,14138,50737,0,0,21513,64876,86389,45520
2026-04-04,2026,4,4,chokepoint16,Ombai Strait,1,1,2,1,4,5,9,31456,0,5905,3441,209551,40803,250354,45521
2026-04-05,2026,4,5,chokepoint16,Ombai Strait,1,8,0,1,6,10,16,7255,1782896,0,0,98353,1790151,1888505,45522
2026-04-06,2026,4,6,chokepoint16,Ombai Strait,2,1,1,0,3,4,7,7599,1385532,9946,0,87798,1403078,1490877,45523
2026-04-07,2026,4,7,chokepoint16,Ombai Strait,0,6,2,1,3,9,12,0,609336,1427,0,41861,610764,652625,45524
2026-04-08,2026,4,8,chokepoint16,Ombai Strait,1,3,0,2,1,6,7,25757,586123,0,409,0,612290,612290,45525
2026-04-09,2026,4,9,chokepoint16,Ombai Strait,2,10,2,0,2,14,16,45381,2059783,11972,0,41482,2117138,2158621,45526
2026-04-10,2026,4,10,chokepoint16,Ombai Strait,2,4,1,0,1,7,8,31148,117034,2403,0,0,150586,150586,45527
2026-04-11,2026,4,11,chokepoint16,Ombai Strait,0,4,1,0,2,5,7,0,1469709,491,0,2389,1470200,1472590,45528
2026-04-12,2026,4,12,chokepoint16,Ombai Strait,1,3,2,0,6,6,12,30229,228796,942,0,40116,259968,300084,45529
2026-04-13,2026,4,13,chokepoint16,Ombai Strait,2,2,2,0,1,6,7,33400,0,4725,0,66142,38125,104268,45530
2026-04-14,2026,4,14,chokepoint16,Ombai Strait,0,2,1,1,4,4,8,0,286977,1983,0,190250,288961,479211,45531
2026-04-15,2026,4,15,chokepoint16,Ombai Strait,0,1,0,0,6,1,7,0,148249,0,0,50760,148249,199009,45532
2026-04-16,2026,4,16,chokepoint16,Ombai Strait,3,1,0,1,5,5,10,35270,213387,0,2523,115005,251181,366186,45533
2026-04-17,2026,4,17,chokepoint16,Ombai Strait,1,5,0,0,0,6,6,31859,1940910,0,0,0,1972770,1972770,45534
2026-04-18,2026,4,18,chokepoint16,Ombai Strait,0,2,1,0,3,3,6,0,272208,5049,0,78077,277258,355335,45535
2026-04-19,2026,4,19,chokepoint16,Ombai Strait,0,6,0,0,3,6,9,0,924353,0,0,82755,924353,1007109,45536
2026-04-20,2026,4,20,chokepoint16,Ombai Strait,4,2,0,0,5,6,11,51026,197748,0,0,97052,248774,345826,45537
2026-04-21,2026,4,21,chokepoint16,Ombai Strait,1,4,2,0,6,7,13,3210,64841,0,0,86592,68051,154644,45538
2026-04-22,2026,4,22,chokepoint16,Ombai Strait,2,3,0,0,6,5,11,22911,1453393,0,0,323565,1476304,1799870,45539
2026-04-23,2026,4,23,chokepoint16,Ombai Strait,1,1,2,0,5,4,9,0,30827,5004,0,53500,35831,89332,45540
2026-04-24,2026,4,24,chokepoint16,Ombai Strait,0,3,0,0,3,3,6,0,2759217,0,0,80708,2759217,2839926,45541
2026-04-25,2026,4,25,chokepoint16,Ombai Strait,0,3,0,0,3,3,6,0,0,0,0,159717,0,159717,45542
2026-04-26,2026,4,26,chokepoint16,Ombai Strait,1,4,0,1,3,6,9,28366,373622,0,0,67683,401988,469671,45543
2026-04-27,2026,4,27,chokepoint16,Ombai Strait,3,5,2,0,3,10,13,12487,1207287,12798,0,15620,1232573,1248194,45544
2026-04-28,2026,4,28,chokepoint16,Ombai Strait,2,4,0,0,3,6,9,10493,63933,0,0,32037,74427,106464,45545
2026-04-29,2026,4,29,chokepoint16,Ombai Strait,0,4,0,1,5,5,10,0,617297,0,2636,131671,619933,751604,45546
2026-04-30,2026,4,30,chokepoint16,Ombai Strait,2,3,1,1,3,7,10,33722,1385532,5023,409,13710,1424688,1438399,45547
2026-04-01,2026,4,1,chokepoint17,Bohai Strait,23,92,20,2,27,137,164,270449,5490612,80361,3759,430510,5845183,6275693,46697
2026-04-02,2026,4,2,chokepoint17,Bohai Strait,25,94,21,2,31,142,173,569829,6535043,112025,6739,497862,7223637,7721499,46698
2026-04-03,2026,4,3,chokepoint17,Bohai Strait,18,77,14,3,30,112,142,381833,4573206,49182,3531,589129,5007754,5596883,46699
2026-04-04,2026,4,4,chokepoint17,Bohai Strait,28,106,19,1,41,154,195,489544,6637744,98269,1533,827104,7227091,8054196,46700
2026-04-05,2026,4,5,chokepoint17,Bohai Strait,16,93,14,0,39,123,162,416801,4422053,74114,0,385227,4912969,5298196,46701
2026-04-06,2026,4,6,chokepoint17,Bohai Strait,14,88,16,1,34,119,153,219841,4166572,62885,1908,744730,4451207,5195937,46702
2026-04-07,2026,4,7,chokepoint17,Bohai Strait,16,93,18,3,45,130,175,367515,4328733,41445,5009,737119,4742702,5479821,46703
2026-04-08,2026,4,8,chokepoint17,Bohai Strait,21,103,27,3,36,154,190,496897,5115076,134103,14230,651539,5760308,6411848,46704
2026-04-09,2026,4,9,chokepoint17,Bohai Strait,18,103,16,1,43,138,181,305768,5360405,113384,8250,811559,5787809,6599368,46705
2026-04-10,2026,4,10,chokepoint17,Bohai Strait,23,80,14,3,29,120,149,554606,5532110,86217,10656,425305,6183590,6608895,46706
2026-04-11,2026,4,11,chokepoint17,Bohai Strait,27,97,19,0,35,143,178,479912,4301838,97914,0,789509,4879665,5669174,46707
2026-04-12,2026,4,12,chokepoint17,Bohai Strait,18,95,21,1,37,135,172,243592,4219706,94676,7071,691768,4565047,5256816,46708
2026-04-13,2026,4,13,chokepoint17,Bohai Strait,28,80,21,1,31,130,161,482327,3578555,96376,1902,440927,4159161,4600089,46709
2026-04-14,2026,4,14,chokepoint17,Bohai Strait,27,110,17,1,38,155,193,506351,5197544,109290,0,720348,5813186,6533535,46710
2026-04-15,2026,4,15,chokepoint17,Bohai Strait,20,111,22,1,37,154,191,334840,6662607,65759,1857,454318,7065065,7519384,46711
2026-04-16,2026,4,16,chokepoint17,Bohai Strait,22,95,31,1,30,149,179,421168,5233872,148686,2580,539302,5806307,6345610,46712
2026-04-17,2026,4,17,chokepoint17,Bohai Strait,15,104,14,0,36,133,169,366513,4638530,27241,0,644460,5032285,5676746,46713
2026-04-18,2026,4,18,chokepoint17,Bohai Strait,22,103,19,4,22,148,170,440623,5011065,80247,11357,447007,5543294,5990302,46714
2026-04-19,2026,4,19,chokepoint17,Bohai Strait,11,81,21,1,43,114,157,244625,4117691,123902,0,604496,4486219,5090716,46715
2026-04-20,2026,4,20,chokepoint17,Bohai Strait,24,87,17,0,24,128,152,457518,4483049,69717,0,975373,5010285,5985659,46716
2026-04-21,2026,4,21,chokepoint17,Bohai Strait,20,95,21,3,29,139,168,354249,4437921,113834,9186,511293,4915190,5426484,46717
2026-04-22,2026,4,22,chokepoint17,Bohai Strait,11,112,23,4,43,150,193,193646,6224221,61809,0,667211,6479678,7146889,46718
2026-04-23,2026,4,23,chokepoint17,Bohai Strait,27,88,19,0,29,134,163,494838,4425888,130438,0,274251,5051166,5325418,46719
2026-04-24,2026,4,24,chokepoint17,Bohai Strait,27,115,16,3,35,161,196,629267,6729529,77108,10488,572130,7446394,8018525,46720
2026-04-25,2026,4,25,chokepoint17,Bohai Strait,21,101,22,3,35,147,182,309692,5337660,105300,2452,417777,5755105,6172883,46721
2026-04-26,2026,4,26,chokepoint17,Bohai Strait,20,91,24,0,31,135,166,502476,4217704,101943,0,844050,4822124,5666175,46722
2026-04-27,2026,4,27,chokepoint17,Bohai Strait,21,94,14,3,20,132,152,369725,5870772,50317,2792,201505,6293607,6495112,46723
2026-04-28,2026,4,28,chokepoint17,Bohai Strait,26,82,15,0,21,123,144,592688,4699748,44789,0,635632,5337226,5972859,46724
2026-04-29,2026,4,29,chokepoint17,Bohai Strait,14,93,22,1,36,130,166,405263,5049924,123628,3559,586751,5582375,6169127,46725
2026-04-30,2026,4,30,chokepoint17,Bohai Strait,18,97,21,1,19,137,156,333689,4503961,46938,1310,83708,4885899,4969608,46726
2026-04-01,2026,4,1,chokepoint18,Torres Strait,0,5,1,0,0,6,6,0,138701,574,0,0,139276,139276,48274
2026-04-02,2026,4,2,chokepoint18,Torres Strait,1,5,2,0,2,8,10,19932,116831,16487,0,7066,153251,160317,48275
2026-04-03,2026,4,3,chokepoint18,Torres Strait,1,5,0,0,2,6,8,25686,130631,0,0,61226,156317,217543,48276
2026-04-04,2026,4,4,chokepoint18,Torres Strait,2,3,2,1,3,8,11,52375,75831,8484,0,43847,136691,180538,48277
2026-04-05,2026,4,5,chokepoint18,Torres Strait,0,3,0,2,3,5,8,0,0,0,0,2781,0,2781,48278
2026-04-06,2026,4,6,chokepoint18,Torres Strait,1,3,1,0,0,5,5,9353,337181,1479,0,0,348013,348013,48279
2026-04-07,2026,4,7,chokepoint18,Torres Strait,2,6,3,1,2,12,14,39962,108176,2646,2521,0,153307,153307,48280
2026-04-08,2026,4,8,chokepoint18,Torres Strait,1,5,1,0,2,7,9,28315,77740,574,0,43202,106630,149833,48281
2026-04-09,2026,4,9,chokepoint18,Torres Strait,3,3,0,0,5,6,11,43401,74679,0,0,114845,118081,232926,48282
2026-04-10,2026,4,10,chokepoint18,Torres Strait,1,4,0,0,0,5,5,7822,114757,0,0,0,122580,122580,48283
2026-04-11,2026,4,11,chokepoint18,Torres Strait,2,4,1,1,1,8,9,34062,0,1983,3074,0,39120,39120,48284
2026-04-12,2026,4,12,chokepoint18,Torres Strait,2,8,2,0,3,12,15,59942,222868,2402,0,30409,285213,315623,48285
2026-04-13,2026,4,13,chokepoint18,Torres Strait,1,2,1,0,5,4,9,29344,33079,860,0,194986,63284,258271,48286
2026-04-14,2026,4,14,chokepoint18,Torres Strait,0,3,1,0,1,4,5,0,86286,4986,0,0,91273,91273,48287
2026-04-15,2026,4,15,chokepoint18,Torres Strait,0,1,2,0,3,3,6,0,84902,574,0,136591,85477,222069,48288
2026-04-16,2026,4,16,chokepoint18,Torres Strait,1,10,2,1,0,14,14,29090,397031,4146,3875,0,434144,434144,48289
2026-04-17,2026,4,17,chokepoint18,Torres Strait,5,4,0,0,4,9,13,95520,119510,0,0,117008,215031,332039,48290
2026-04-18,2026,4,18,chokepoint18,Torres Strait,1,4,1,1,3,7,10,25680,176512,1175,214,50760,203583,254343,48291
2026-04-19,2026,4,19,chokepoint18,Torres Strait,0,4,1,1,2,6,8,0,79079,3298,2523,111655,84901,196556,48292
2026-04-20,2026,4,20,chokepoint18,Torres Strait,3,8,1,0,4,12,16,68762,210343,2204,0,50015,281310,331326,48293
2026-04-21,2026,4,21,chokepoint18,Torres Strait,0,6,2,0,3,8,11,0,167438,464,0,53771,167903,221674,48294
2026-04-22,2026,4,22,chokepoint18,Torres Strait,1,3,1,0,3,5,8,27793,148735,574,0,41092,177103,218195,48295
2026-04-23,2026,4,23,chokepoint18,Torres Strait,1,2,1,0,2,4,6,31050,124647,7748,0,41663,163446,205110,48296
2026-04-24,2026,4,24,chokepoint18,Torres Strait,1,3,0,1,4,5,9,28366,0,0,0,39519,28366,67885,48297
2026-04-25,2026,4,25,chokepoint18,Torres Strait,2,2,1,0,2,5,7,24922,64841,1175,0,38911,90940,129852,48298
2026-04-26,2026,4,26,chokepoint18,Torres Strait,1,3,1,1,1,6,7,11550,56594,1987,0,48569,70131,118701,48299
2026-04-27,2026,4,27,chokepoint18,Torres Strait,2,6,1,0,4,9,13,48562,301613,2799,0,100239,352975,453214,48300
2026-04-28,2026,4,28,chokepoint18,Torres Strait,3,3,2,0,1,8,9,106368,103203,4716,0,38977,214288,253265,48301
2026-04-29,2026,4,29,chokepoint18,Torres Strait,2,5,1,0,2,8,10,6647,60200,574,0,123932,67422,191355,48302
2026-04-30,2026,4,30,chokepoint18,Torres Strait,0,4,1,0,2,5,7,0,82572,6982,0,0,89554,89554,48303
2026-04-01,2026,4,1,chokepoint19,Sunda Strait,4,9,5,3,6,21,27,152615,498721,18797,9880,330694,680014,1010708,52252
2026-04-02,2026,4,2,chokepoint19,Sunda Strait,5,20,7,0,12,32,44,117797,1502892,55498,0,462173,1676188,2138362,52253
2026-04-03,2026,4,3,chokepoint19,Sunda Strait,6,12,0,1,13,19,32,174344,738798,0,9053,193769,922196,1115965,52254
2026-04-04,2026,4,4,chokepoint19,Sunda Strait,6,8,2,2,12,18,30,170764,498487,895,8980,65718,679127,744845,52255
2026-04-05,2026,4,5,chokepoint19,Sunda Strait,3,10,7,0,13,20,33,127810,613200,56675,0,580595,797687,1378282,52256
2026-04-06,2026,4,6,chokepoint19,Sunda Strait,1,11,4,3,10,19,29,28153,1286452,14687,15558,246923,1344851,1591774,52257
2026-04-07,2026,4,7,chokepoint19,Sunda Strait,3,13,4,3,20,23,43,80911,984604,3720,11577,242344,1080814,1323158,52258
2026-04-08,2026,4,8,chokepoint19,Sunda Strait,3,16,3,2,13,24,37,68282,1124291,52863,11341,205004,1256778,1461782,52259
2026-04-09,2026,4,9,chokepoint19,Sunda Strait,2,10,5,1,13,18,31,52778,422490,40212,7346,378368,522827,901196,52260
2026-04-10,2026,4,10,chokepoint19,Sunda Strait,2,17,5,2,16,26,42,90534,1106697,7176,4215,668907,1208623,1877530,52261
2026-04-11,2026,4,11,chokepoint19,Sunda Strait,5,15,4,0,8,24,32,97531,824156,27830,0,46478,949518,995996,52262
2026-04-12,2026,4,12,chokepoint19,Sunda Strait,3,8,6,0,12,17,29,48516,724843,9576,0,265978,782936,1048914,52263
2026-04-13,2026,4,13,chokepoint19,Sunda Strait,5,10,1,0,12,16,28,132493,333474,1630,0,160559,467598,628157,52264
2026-04-14,2026,4,14,chokepoint19,Sunda Strait,0,17,6,4,11,27,38,0,995757,21661,4779,64098,1022198,1086297,52265
2026-04-15,2026,4,15,chokepoint19,Sunda Strait,1,15,3,5,8,24,32,53917,1680469,11060,20312,32378,1765760,1798138,52266
2026-04-16,2026,4,16,chokepoint19,Sunda Strait,2,13,3,0,17,18,35,42169,923658,9462,0,809165,975290,1784455,52267
2026-04-17,2026,4,17,chokepoint19,Sunda Strait,6,17,7,1,10,31,41,143121,1640216,29245,6203,158821,1818786,1977608,52268
2026-04-18,2026,4,18,chokepoint19,Sunda Strait,5,11,3,0,14,19,33,175401,1181112,16014,0,128646,1372527,1501174,52269
2026-04-19,2026,4,19,chokepoint19,Sunda Strait,3,13,3,1,18,20,38,85006,1098087,5608,2503,229819,1191206,1421025,52270
2026-04-20,2026,4,20,chokepoint19,Sunda Strait,2,15,4,1,13,22,35,44395,1670269,3958,0,509187,1718623,2227810,52271
2026-04-21,2026,4,21,chokepoint19,Sunda Strait,3,15,2,3,15,23,38,10666,1100911,0,9804,485488,1121381,1606870,52272
2026-04-22,2026,4,22,chokepoint19,Sunda Strait,3,14,6,2,9,25,34,122013,817015,7110,14926,319428,961065,1280493,52273
2026-04-23,2026,4,23,chokepoint19,Sunda Strait,3,13,1,0,9,17,26,163175,1148587,3558,0,503139,1315321,1818461,52274
2026-04-24,2026,4,24,chokepoint19,Sunda Strait,2,15,4,3,15,24,39,86581,1016274,13515,15366,36150,1131738,1167888,52275
2026-04-25,2026,4,25,chokepoint19,Sunda Strait,11,9,2,3,12,25,37,260019,1319342,1870,10266,804869,1591499,2396369,52276
2026-04-26,2026,4,26,chokepoint19,Sunda Strait,3,10,5,1,16,19,35,1373,525559,29274,0,223463,556207,779670,52277
2026-04-27,2026,4,27,chokepoint19,Sunda Strait,1,14,5,1,17,21,38,31619,709269,36782,0,341225,777671,1118896,52278
2026-04-28,2026,4,28,chokepoint19,Sunda Strait,5,13,3,0,10,21,31,136783,776962,1252,0,166157,914998,1081155,52279
2026-04-29,2026,4,29,chokepoint19,Sunda Strait,3,11,3,2,7,19,26,56084,624629,38337,0,29204,719051,748255,52280
2026-04-30,2026,4,30,chokepoint19,Sunda Strait,3,17,5,0,13,25,38,84373,1186459,45397,0,424122,1316230,1740353,52281
2026-04-01,2026,4,1,chokepoint20,Makassar Strait,4,29,7,0,4,40,44,28217,2087810,21476,0,61245,2137505,2198750,54630
2026-04-02,2026,4,2,chokepoint20,Makassar Strait,1,32,2,0,6,35,41,0,2214760,4133,0,89197,2218893,2308091,54631
2026-04-03,2026,4,3,chokepoint20,Makassar Strait,3,27,2,0,7,32,39,34405,1910265,1402,0,17587,1946072,1963660,54632
2026-04-04,2026,4,4,chokepoint20,Makassar Strait,3,28,1,1,4,33,37,38041,2544326,1471,0,10510,2583839,2594349,54633
2026-04-05,2026,4,5,chokepoint20,Makassar Strait,0,27,2,0,1,29,30,0,2185442,0,0,6946,2185442,2192388,54634
2026-04-06,2026,4,6,chokepoint20,Makassar Strait,0,38,1,0,5,39,44,0,3543776,1050,0,31850,3544826,3576676,54635
2026-04-07,2026,4,7,chokepoint20,Makassar Strait,1,26,2,2,5,31,36,4330,1539612,5639,4913,158872,1554496,1713368,54636
2026-04-08,2026,4,8,chokepoint20,Makassar Strait,0,34,1,0,2,35,37,0,2665165,0,0,5209,2665165,2670374,54637
2026-04-09,2026,4,9,chokepoint20,Makassar Strait,1,24,2,0,2,27,29,15543,2737404,18187,0,0,2771135,2771135,54638
2026-04-10,2026,4,10,chokepoint20,Makassar Strait,0,31,3,0,2,34,36,0,1833623,6299,0,81182,1839922,1921105,54639
2026-04-11,2026,4,11,chokepoint20,Makassar Strait,0,25,2,0,5,27,32,0,2060209,4791,0,250138,2065001,2315139,54640
2026-04-12,2026,4,12,chokepoint20,Makassar Strait,4,31,0,0,5,35,40,34931,2667135,0,0,4449,2702066,2706516,54641
2026-04-13,2026,4,13,chokepoint20,Makassar Strait,2,34,1,0,3,37,40,5415,2032831,6531,0,77481,2044777,2122259,54642
2026-04-14,2026,4,14,chokepoint20,Makassar Strait,0,32,0,0,4,32,36,0,2134622,0,0,40791,2134622,2175413,54643
2026-04-15,2026,4,15,chokepoint20,Makassar Strait,2,37,3,0,4,42,46,6557,1851771,18944,0,16589,1877273,1893863,54644
2026-04-16,2026,4,16,chokepoint20,Makassar Strait,1,37,3,0,3,41,44,12227,3863334,6743,0,4638,3882305,3886943,54645
2026-04-17,2026,4,17,chokepoint20,Makassar Strait,0,41,2,0,5,43,48,0,1519924,18265,0,13113,1538190,1551303,54646
2026-04-18,2026,4,18,chokepoint20,Makassar Strait,0,30,3,0,4,33,37,0,1867989,14419,0,6511,1882409,1888920,54647
2026-04-19,2026,4,19,chokepoint20,Makassar Strait,1,27,1,0,4,29,33,13473,2189186,0,0,5857,2202659,2208517,54648
2026-04-20,2026,4,20,chokepoint20,Makassar Strait,0,36,1,0,3,37,40,0,2130059,3538,0,3982,2133598,2137580,54649
2026-04-21,2026,4,21,chokepoint20,Makassar Strait,3,30,1,1,7,35,42,27482,1649362,2953,0,6968,1679798,1686766,54650
2026-04-22,2026,4,22,chokepoint20,Makassar Strait,1,38,1,0,3,40,43,3735,2251137,5639,0,0,2260512,2260512,54651
2026-04-23,2026,4,23,chokepoint20,Makassar Strait,1,35,3,0,6,39,45,2632,2612132,26199,0,21490,2640964,2662454,54652
2026-04-24,2026,4,24,chokepoint20,Makassar Strait,1,38,3,0,5,42,47,22161,2067760,3947,0,15236,2093869,2109105,54653
2026-04-25,2026,4,25,chokepoint20,Makassar Strait,2,29,1,0,8,32,40,23990,2000211,0,0,321133,2024201,2345334,54654
2026-04-26,2026,4,26,chokepoint20,Makassar Strait,1,22,1,0,7,24,31,2683,1591449,5765,0,25488,1599897,1625386,54655
2026-04-27,2026,4,27,chokepoint20,Makassar Strait,3,29,2,0,2,34,36,66067,2741517,2666,0,0,2810251,2810251,54656
2026-04-28,2026,4,28,chokepoint20,Makassar Strait,3,46,1,1,6,51,57,42740,4626220,0,0,32813,4668960,4701774,54657
2026-04-29,2026,4,29,chokepoint20,Makassar Strait,1,42,2,0,4,45,49,2156,3611577,0,0,41591,3613733,3655325,54658
2026-04-30,2026,4,30,chokepoint20,Makassar Strait,0,43,1,1,6,45,51,0,3133344,2216,4639,114139,3140201,3254340,54659
2026-04-01,2026,4,1,chokepoint21,Magellan Strait,1,1,0,0,1,2,3,19612,40052,0,0,0,59664,59664,58639
2026-04-02,2026,4,2,chokepoint21,Magellan Strait,0,4,0,0,0,4,4,0,254184,0,0,0,254184,254184,58640
2026-04-03,2026,4,3,chokepoint21,Magellan Strait,0,1,2,0,2,3,5,0,58761,3491,0,36480,62253,98733,58641
2026-04-04,2026,4,4,chokepoint21,Magellan Strait,0,0,0,0,0,0,0,0,0,0,0,0,0,0,58642
2026-04-05,2026,4,5,chokepoint21,Magellan Strait,0,2,0,0,1,2,3,0,43587,0,0,135904,43587,179492,58643
2026-04-06,2026,4,6,chokepoint21,Magellan Strait,0,3,0,0,0,3,3,0,192456,0,0,0,192456,192456,58644
2026-04-07,2026,4,7,chokepoint21,Magellan Strait,1,2,0,0,2,3,5,30841,93490,0,0,131735,124331,256067,58645
2026-04-08,2026,4,8,chokepoint21,Magellan Strait,0,0,0,0,2,0,2,0,0,0,0,170984,0,170984,58646
2026-04-09,2026,4,9,chokepoint21,Magellan Strait,1,4,0,0,2,5,7,6758,144382,0,0,214247,151141,365389,58647
2026-04-10,2026,4,10,chokepoint21,Magellan Strait,0,1,0,0,2,1,3,0,31474,0,0,0,31474,31474,58648
2026-04-11,2026,4,11,chokepoint21,Magellan Strait,1,3,0,0,0,4,4,19233,163366,0,0,0,182600,182600,58649
2026-04-12,2026,4,12,chokepoint21,Magellan Strait,0,0,0,0,1,0,1,0,0,0,0,0,0,0,58650
2026-04-13,2026,4,13,chokepoint21,Magellan Strait,0,3,0,0,1,3,4,0,162414,0,0,88980,162414,251394,58651
2026-04-14,2026,4,14,chokepoint21,Magellan Strait,1,3,0,0,0,4,4,41694,94099,0,0,0,135793,135793,58652
2026-04-15,2026,4,15,chokepoint21,Magellan Strait,0,1,0,0,0,1,1,0,46971,0,0,0,46971,46971,58653
2026-04-16,2026,4,16,chokepoint21,Magellan Strait,0,2,0,0,1,2,3,0,83428,0,0,23795,83428,107224,58654
2026-04-17,2026,4,17,chokepoint21,Magellan Strait,1,1,0,0,2,2,4,12075,33580,0,0,18916,45655,64571,58655
2026-04-18,2026,4,18,chokepoint21,Magellan Strait,0,3,0,0,0,3,3,0,122542,0,0,0,122542,122542,58656
2026-04-19,2026,4,19,chokepoint21,Magellan Strait,0,2,0,1,0,3,3,0,70379,0,5263,0,75642,75642,58657
2026-04-20,2026,4,20,chokepoint21,Magellan Strait,0,1,0,0,1,1,2,0,16916,0,0,61218,16916,78135,58658
2026-04-21,2026,4,21,chokepoint21,Magellan Strait,1,4,0,1,0,6,6,30048,111280,0,2321,0,143650,143650,58659
2026-04-22,2026,4,22,chokepoint21,Magellan Strait,0,3,0,0,0,3,3,0,60292,0,0,0,60292,60292,58660
2026-04-23,2026,4,23,chokepoint21,Magellan Strait,0,1,0,1,2,2,4,0,0,0,0,18627,0,18627,58661
2026-04-24,2026,4,24,chokepoint21,Magellan Strait,1,6,0,0,1,7,8,17374,374148,0,0,141902,391523,533425,58662
2026-04-25,2026,4,25,chokepoint21,Magellan Strait,0,0,0,0,3,0,3,0,0,0,0,99314,0,99314,58663
2026-04-26,2026,4,26,chokepoint21,Magellan Strait,0,4,0,0,0,4,4,0,211162,0,0,0,211162,211162,58664
2026-04-27,2026,4,27,chokepoint21,Magellan Strait,0,2,1,2,1,5,6,0,33412,29414,11380,0,74206,74206,58665
2026-04-28,2026,4,28,chokepoint21,Magellan Strait,1,5,0,0,0,6,6,23116,201604,0,0,0,224721,224721,58666
2026-04-29,2026,4,29,chokepoint21,Magellan Strait,0,3,0,0,2,3,5,0,151381,0,0,0,151381,151381,58667
2026-04-30,2026,4,30,chokepoint21,Magellan Strait,1,0,0,0,0,1,1,13872,0,0,0,0,13872,13872,58668
2026-04-01,2026,4,1,chokepoint22,Yucatan Channel,7,13,5,2,23,27,50,96518,556364,28445,671,669161,681999,1351160,61386
2026-04-02,2026,4,2,chokepoint22,Yucatan Channel,6,9,5,0,40,20,60,145219,212144,25450,0,797838,382813,1180652,61387
2026-04-03,2026,4,3,chokepoint22,Yucatan Channel,10,6,7,1,31,24,55,76882,240606,80671,6296,880618,404456,1285075,61388
2026-04-04,2026,4,4,chokepoint22,Yucatan Channel,11,12,4,2,27,29,56,175087,443670,4081,2404,853188,625243,1478431,61389
2026-04-05,2026,4,5,chokepoint22,Yucatan Channel,9,7,3,2,33,21,54,46251,276031,15180,0,776277,337463,1113741,61390
2026-04-06,2026,4,6,chokepoint22,Yucatan Channel,8,9,3,0,30,20,50,130354,374170,4644,0,961356,509169,1470526,61391
2026-04-07,2026,4,7,chokepoint22,Yucatan Channel,8,4,0,0,31,12,43,69655,263593,0,0,950474,333248,1283722,61392
2026-04-08,2026,4,8,chokepoint22,Yucatan Channel,9,4,3,1,27,17,44,97879,152101,9653,3175,846348,262809,1109158,61393
2026-04-09,2026,4,9,chokepoint22,Yucatan Channel,6,10,0,3,35,19,54,134121,322630,0,671,999476,457423,1456900,61394
2026-04-10,2026,4,10,chokepoint22,Yucatan Channel,7,6,2,1,36,16,52,69583,118953,13487,0,1409924,202024,1611949,61395
2026-04-11,2026,4,11,chokepoint22,Yucatan Channel,14,8,3,2,40,27,67,267428,336174,8388,0,1099084,611991,1711076,61396
2026-04-12,2026,4,12,chokepoint22,Yucatan Channel,12,4,4,1,33,21,54,217571,106835,9707,4533,746842,338647,1085489,61397
2026-04-13,2026,4,13,chokepoint22,Yucatan Channel,12,5,8,0,38,25,63,212584,284666,28482,0,946676,525733,1472410,61398
2026-04-14,2026,4,14,chokepoint22,Yucatan Channel,6,2,8,1,25,17,42,88422,35513,55688,0,648195,179624,827819,61399
2026-04-15,2026,4,15,chokepoint22,Yucatan Channel,9,13,3,0,34,25,59,74516,548819,8270,0,627227,631607,1258835,61400
2026-04-16,2026,4,16,chokepoint22,Yucatan Channel,9,7,6,3,42,25,67,197405,303458,26366,7300,1627773,534531,2162305,61401
2026-04-17,2026,4,17,chokepoint22,Yucatan Channel,13,13,7,0,39,33,72,140978,404364,41153,0,709643,586495,1296139,61402
2026-04-18,2026,4,18,chokepoint22,Yucatan Channel,11,9,4,0,39,24,63,178388,318737,5580,0,950027,502706,1452733,61403
2026-04-19,2026,4,19,chokepoint22,Yucatan Channel,12,5,3,0,36,20,56,120646,125558,6678,0,1774990,252883,2027873,61404
2026-04-20,2026,4,20,chokepoint22,Yucatan Channel,6,7,5,0,35,18,53,162549,94503,3417,0,755785,260470,1016255,61405
2026-04-21,2026,4,21,chokepoint22,Yucatan Channel,10,8,0,2,29,20,49,230370,285320,0,5668,853945,521360,1375305,61406
2026-04-22,2026,4,22,chokepoint22,Yucatan Channel,12,6,3,3,36,24,60,106124,383870,10352,4375,1188359,504723,1693082,61407
2026-04-23,2026,4,23,chokepoint22,Yucatan Channel,5,8,4,3,27,20,47,27962,371926,11779,7094,1075654,418762,1494416,61408
2026-04-24,2026,4,24,chokepoint22,Yucatan Channel,12,6,5,2,29,25,54,191049,235016,34831,10368,624543,471266,1095810,61409
2026-04-25,2026,4,25,chokepoint22,Yucatan Channel,13,13,1,2,36,29,65,147028,419563,29318,6182,2103716,602093,2705809,61410
2026-04-26,2026,4,26,chokepoint22,Yucatan Channel,11,13,2,0,31,26,57,134293,509231,3004,0,1039837,646529,1686367,61411
2026-04-27,2026,4,27,chokepoint22,Yucatan Channel,7,9,5,0,38,21,59,94508,341798,59571,0,1064266,495877,1560144,61412
2026-04-28,2026,4,28,chokepoint22,Yucatan Channel,10,8,5,0,32,23,55,153301,271948,35068,0,845831,460317,1306149,61413
2026-04-29,2026,4,29,chokepoint22,Yucatan Channel,12,8,5,3,38,28,66,171425,271581,35875,2400,1311083,481282,1792366,61414
2026-04-30,2026,4,30,chokepoint22,Yucatan Channel,11,7,3,2,23,23,46,111343,213677,6028,0,960410,331049,1291460,61415
2026-04-01,2026,4,1,chokepoint23,Windward Passage,5,2,7,1,1,15,16,144220,51922,11369,0,0,207513,207513,63533
2026-04-02,2026,4,2,chokepoint23,Windward Passage,4,2,1,2,0,9,9,92512,61817,972,6759,0,162061,162061,63535
2026-04-03,2026,4,3,chokepoint23,Windward Passage,14,5,2,1,2,22,24,210488,262029,13999,0,75723,486518,562241,63537
2026-04-04,2026,4,4,chokepoint23,Windward Passage,4,1,4,0,3,9,12,138691,23619,12739,0,74404,175050,249454,63540
2026-04-05,2026,4,5,chokepoint23,Windward Passage,12,1,4,2,2,19,21,166253,38034,8440,841,145882,213570,359453,63542
2026-04-06,2026,4,6,chokepoint23,Windward Passage,12,2,2,1,2,17,19,298946,30579,7420,0,42345,336946,379292,63544
2026-04-07,2026,4,7,chokepoint23,Windward Passage,9,1,3,3,3,16,19,158433,32824,6439,5427,71529,203125,274654,63546
2026-04-08,2026,4,8,chokepoint23,Windward Passage,5,0,1,0,1,6,7,242451,0,1260,0,0,243712,243712,63548
2026-04-09,2026,4,9,chokepoint23,Windward Passage,8,1,3,1,3,13,16,241952,67642,4794,6933,45689,321322,367012,63550
2026-04-10,2026,4,10,chokepoint23,Windward Passage,5,1,1,3,3,10,13,49946,32261,8587,7020,18970,97815,116786,63552
2026-04-11,2026,4,11,chokepoint23,Windward Passage,12,1,1,1,2,15,17,210939,61128,0,0,0,272068,272068,63554
2026-04-12,2026,4,12,chokepoint23,Windward Passage,9,0,1,5,2,15,17,160175,0,575,9022,41744,169772,211517,63556
2026-04-13,2026,4,13,chokepoint23,Windward Passage,11,2,2,2,1,17,18,167360,37876,5820,5290,0,216348,216348,63558
2026-04-14,2026,4,14,chokepoint23,Windward Passage,10,2,2,4,3,18,21,87619,82326,11521,29345,22864,210812,233677,63560
2026-04-15,2026,4,15,chokepoint23,Windward Passage,5,3,0,2,2,10,12,256405,93861,0,7759,0,358025,358025,63562
2026-04-16,2026,4,16,chokepoint23,Windward Passage,5,0,5,3,1,13,14,149725,0,23777,4821,42118,178324,220442,63563
2026-04-17,2026,4,17,chokepoint23,Windward Passage,10,3,2,2,2,17,19,126594,138073,8343,6360,154894,279370,434265,63564
2026-04-18,2026,4,18,chokepoint23,Windward Passage,5,2,4,0,0,11,11,52669,184302,3906,0,0,240878,240878,63565
2026-04-19,2026,4,19,chokepoint23,Windward Passage,10,2,4,2,1,18,19,313866,0,8841,0,272285,322707,594993,63566
2026-04-20,2026,4,20,chokepoint23,Windward Passage,10,1,4,1,2,16,18,178971,44535,5872,467,37039,229846,266886,63567
2026-04-21,2026,4,21,chokepoint23,Windward Passage,9,0,2,0,1,11,12,130220,0,4117,0,0,134337,134337,63568
2026-04-22,2026,4,22,chokepoint23,Windward Passage,4,1,2,3,4,10,14,62218,28665,12229,15044,84659,118156,202816,63569
2026-04-23,2026,4,23,chokepoint23,Windward Passage,6,1,2,3,1,12,13,130100,0,11213,10245,18906,151559,170465,63571
2026-04-24,2026,4,24,chokepoint23,Windward Passage,10,1,0,3,0,14,14,153767,12009,0,16201,0,181978,181978,63572
2026-04-25,2026,4,25,chokepoint23,Windward Passage,5,2,4,5,0,16,16,122944,47632,8571,7573,0,186721,186721,63574
2026-04-26,2026,4,26,chokepoint23,Windward Passage,11,3,2,1,0,17,17,197954,104588,2248,8692,0,313483,313483,63576
2026-04-27,2026,4,27,chokepoint23,Windward Passage,10,4,1,1,0,16,16,221786,132340,9880,5897,0,369904,369904,63578
2026-04-28,2026,4,28,chokepoint23,Windward Passage,13,0,2,3,3,18,21,295759,0,5524,6809,9752,308093,317845,63580
2026-04-29,2026,4,29,chokepoint23,Windward Passage,7,0,2,2,4,11,15,143055,0,5637,0,62791,148693,211484,63582
2026-04-30,2026,4,30,chokepoint23,Windward Passage,5,2,0,4,1,11,12,189976,79457,0,3238,0,272673,272673,63584
2026-04-01,2026,4,1,chokepoint24,Mona Passage,4,2,1,1,2,8,10,115313,63871,16694,3124,29709,199004,228714,66142
2026-04-02,2026,4,2,chokepoint24,Mona Passage,3,6,3,1,4,13,17,45868,248568,29299,0,283571,323736,607307,66143
2026-04-03,2026,4,3,chokepoint24,Mona Passage,5,2,1,2,6,10,16,134952,35620,8107,11327,75380,190008,265389,66144
2026-04-04,2026,4,4,chokepoint24,Mona Passage,7,5,2,0,4,14,18,216518,246426,29146,0,36082,492090,528173,66145
2026-04-05,2026,4,5,chokepoint24,Mona Passage,0,5,3,1,1,9,10,0,187594,8823,0,86429,196417,282847,66146
2026-04-06,2026,4,6,chokepoint24,Mona Passage,5,1,4,1,4,11,15,125019,91005,25185,6658,130307,247870,378177,66147
2026-04-07,2026,4,7,chokepoint24,Mona Passage,4,0,3,1,1,8,9,38799,0,7428,0,29320,46227,75547,66148
2026-04-08,2026,4,8,chokepoint24,Mona Passage,3,1,0,0,1,4,5,159774,79379,0,0,0,239154,239154,66149
2026-04-09,2026,4,9,chokepoint24,Mona Passage,6,6,1,1,5,14,19,104073,294352,0,0,151521,398425,549947,66150
2026-04-10,2026,4,10,chokepoint24,Mona Passage,3,4,0,0,4,7,11,72241,217668,0,0,78354,289909,368263,66151
2026-04-11,2026,4,11,chokepoint24,Mona Passage,2,3,1,1,3,7,10,25689,219281,0,0,63457,244970,308428,66152
2026-04-12,2026,4,12,chokepoint24,Mona Passage,2,2,1,0,7,5,12,69796,165966,23894,0,100287,259658,359945,66153
2026-04-13,2026,4,13,chokepoint24,Mona Passage,5,2,3,0,2,10,12,142409,0,5585,0,62253,147994,210248,66154
2026-04-14,2026,4,14,chokepoint24,Mona Passage,2,2,0,0,5,4,9,66745,216107,0,0,111554,282853,394408,66155
2026-04-15,2026,4,15,chokepoint24,Mona Passage,4,3,0,0,3,7,10,94665,178379,0,0,81869,273044,354913,66156
2026-04-16,2026,4,16,chokepoint24,Mona Passage,3,7,4,1,2,15,17,56766,255404,20852,6171,23193,339195,362389,66157
2026-04-17,2026,4,17,chokepoint24,Mona Passage,2,2,1,3,2,8,10,25116,73745,7774,21066,36325,127703,164029,66158
2026-04-18,2026,4,18,chokepoint24,Mona Passage,4,1,3,2,4,10,14,126017,27628,17258,0,78055,170904,248959,66159
2026-04-19,2026,4,19,chokepoint24,Mona Passage,1,3,2,1,3,7,10,5589,148871,3153,4018,10348,161632,171980,66160
2026-04-20,2026,4,20,chokepoint24,Mona Passage,2,3,3,0,3,8,11,121534,113713,19257,0,132751,254505,387257,66161
2026-04-21,2026,4,21,chokepoint24,Mona Passage,5,6,3,1,1,15,16,124041,409161,3772,4799,0,541775,541775,66162
2026-04-22,2026,4,22,chokepoint24,Mona Passage,6,2,1,1,0,10,10,55858,148172,19572,0,0,223603,223603,66163
2026-04-23,2026,4,23,chokepoint24,Mona Passage,6,5,2,0,2,13,15,144280,179846,25314,0,85458,349441,434899,66164
2026-04-24,2026,4,24,chokepoint24,Mona Passage,8,3,0,1,3,12,15,118666,152007,0,3478,77129,274153,351282,66165
2026-04-25,2026,4,25,chokepoint24,Mona Passage,4,4,1,1,2,10,12,193948,229854,3044,0,69922,426847,496770,66166
2026-04-26,2026,4,26,chokepoint24,Mona Passage,4,5,2,0,2,11,13,140520,317331,8956,0,46343,466809,513152,66167
2026-04-27,2026,4,27,chokepoint24,Mona Passage,1,0,1,0,4,2,6,25914,0,3509,0,114254,29424,143679,66168
2026-04-28,2026,4,28,chokepoint24,Mona Passage,3,5,3,2,5,13,18,95939,208002,11738,0,75434,315681,391115,66169
2026-04-29,2026,4,29,chokepoint24,Mona Passage,4,5,3,0,0,12,12,139330,174526,5388,0,0,319245,319245,66170
2026-04-30,2026,4,30,chokepoint24,Mona Passage,4,2,2,0,2,8,10,137209,127187,33423,0,51266,297819,349085,66171
2026-04-01,2026,4,1,chokepoint25,Balabac Strait,0,4,0,0,0,4,4,0,253034,0,0,0,253034,253034,68920
2026-04-02,2026,4,2,chokepoint25,Balabac Strait,0,5,0,0,2,5,7,0,293903,0,0,0,293903,293903,68921
2026-04-03,2026,4,3,chokepoint25,Balabac Strait,0,2,1,0,8,3,11,0,19220,2409,0,203863,21629,225493,68922
2026-04-04,2026,4,4,chokepoint25,Balabac Strait,1,2,5,0,2,8,10,9538,0,9641,0,24942,19179,44122,68923
2026-04-05,2026,4,5,chokepoint25,Balabac Strait,0,1,1,1,3,3,6,0,0,3428,0,42001,3428,45430,68924
2026-04-06,2026,4,6,chokepoint25,Balabac Strait,0,9,0,0,1,9,10,0,296758,0,0,0,296758,296758,68925
2026-04-07,2026,4,7,chokepoint25,Balabac Strait,1,5,1,0,4,7,11,11163,115616,0,0,27098,126780,153879,68926
2026-04-08,2026,4,8,chokepoint25,Balabac Strait,1,3,3,0,1,7,8,6985,39260,14056,0,2408,60302,62711,68927
2026-04-09,2026,4,9,chokepoint25,Balabac Strait,0,3,1,0,3,4,7,0,114375,3315,0,11437,117690,129127,68928
2026-04-10,2026,4,10,chokepoint25,Balabac Strait,1,5,2,0,2,8,10,8218,148151,3598,0,14564,159968,174533,68929
2026-04-11,2026,4,11,chokepoint25,Balabac Strait,1,5,2,0,3,8,11,10137,170778,0,0,9359,180915,190274,68930
2026-04-12,2026,4,12,chokepoint25,Balabac Strait,0,3,4,0,5,7,12,0,79256,7894,0,58239,87151,145391,68931
2026-04-13,2026,4,13,chokepoint25,Balabac Strait,1,3,7,0,2,11,13,9538,54274,22084,0,18433,85897,104331,68932
2026-04-14,2026,4,14,chokepoint25,Balabac Strait,0,3,0,0,1,3,4,0,169236,0,0,3203,169236,172440,68933
2026-04-15,2026,4,15,chokepoint25,Balabac Strait,1,8,0,0,7,9,16,10795,390503,0,0,28724,401299,430023,68934
2026-04-16,2026,4,16,chokepoint25,Balabac Strait,1,3,1,0,1,5,6,8218,52936,0,0,0,61155,61155,68935
2026-04-17,2026,4,17,chokepoint25,Balabac Strait,1,4,1,0,3,6,9,23801,114498,0,0,22703,138300,161003,68936
2026-04-18,2026,4,18,chokepoint25,Balabac Strait,0,4,1,0,1,5,6,0,78775,0,0,0,78775,78775,68937
2026-04-19,2026,4,19,chokepoint25,Balabac Strait,0,7,3,0,3,10,13,0,294845,7071,0,14818,301917,316736,68938
2026-04-20,2026,4,20,chokepoint25,Balabac Strait,1,5,2,0,2,8,10,8686,279330,6267,0,8277,294284,302561,68939
2026-04-21,2026,4,21,chokepoint25,Balabac Strait,0,8,1,0,3,9,12,0,416969,0,0,19813,416969,436783,68940
2026-04-22,2026,4,22,chokepoint25,Balabac Strait,1,8,3,0,1,12,13,30209,226723,22856,0,74488,279789,354278,68941
2026-04-23,2026,4,23,chokepoint25,Balabac Strait,1,6,3,0,6,10,16,6393,219770,13881,0,90158,240045,330203,68942
2026-04-24,2026,4,24,chokepoint25,Balabac Strait,1,4,0,0,6,5,11,8277,103961,0,0,34109,112239,146348,68943
2026-04-25,2026,4,25,chokepoint25,Balabac Strait,0,4,1,0,2,5,7,0,237434,1998,0,8211,239432,247643,68944
2026-04-26,2026,4,26,chokepoint25,Balabac Strait,1,6,1,0,2,8,10,7900,148103,1964,0,15494,157968,173463,68945
2026-04-27,2026,4,27,chokepoint25,Balabac Strait,0,1,1,0,4,2,6,0,11926,2484,0,99949,14411,114361,68946
2026-04-28,2026,4,28,chokepoint25,Balabac Strait,0,3,1,0,4,4,8,0,20514,0,0,16159,20514,36673,68947
2026-04-29,2026,4,29,chokepoint25,Balabac Strait,1,4,1,0,3,6,9,9142,168860,2802,0,10891,180805,191697,68948
2026-04-30,2026,4,30,chokepoint25,Balabac Strait,0,5,2,0,1,7,8,0,301623,0,0,29373,301623,330997,68949
2026-04-01,2026,4,1,chokepoint26,Bering Strait,0,0,0,0,0,0,0,0,0,0,0,0,0,0,72098
2026-04-02,2026,4,2,chokepoint26,Bering Strait,0,0,0,0,0,0,0,0,0,0,0,0,0,0,72099
2026-04-03,2026,4,3,chokepoint26,Bering Strait,0,0,0,0,0,0,0,0,0,0,0,0,0,0,72100
2026-04-04,2026,4,4,chokepoint26,Bering Strait,0,0,0,0,0,0,0,0,0,0,0,0,0,0,72101
2026-04-05,2026,4,5,chokepoint26,Bering Strait,0,0,0,0,0,0,0,0,0,0,0,0,0,0,72102
2026-04-06,2026,4,6,chokepoint26,Bering Strait,0,0,0,0,0,0,0,0,0,0,0,0,0,0,72103
2026-04-07,2026,4,7,chokepoint26,Bering Strait,0,0,0,0,0,0,0,0,0,0,0,0,0,0,72104
2026-04-08,2026,4,8,chokepoint26,Bering Strait,0,0,0,0,0,0,0,0,0,0,0,0,0,0,72105
2026-04-09,2026,4,9,chokepoint26,Bering Strait,0,0,0,0,0,0,0,0,0,0,0,0,0,0,72106
2026-04-10,2026,4,10,chokepoint26,Bering Strait,0,0,0,0,0,0,0,0,0,0,0,0,0,0,72107
2026-04-11,2026,4,11,chokepoint26,Bering Strait,0,0,0,0,0,0,0,0,0,0,0,0,0,0,72108
2026-04-12,2026,4,12,chokepoint26,Bering Strait,0,0,0,0,0,0,0,0,0,0,0,0,0,0,72109
2026-04-13,2026,4,13,chokepoint26,Bering Strait,0,0,0,0,0,0,0,0,0,0,0,0,0,0,72110
2026-04-14,2026,4,14,chokepoint26,Bering Strait,0,0,0,0,0,0,0,0,0,0,0,0,0,0,72111
2026-04-15,2026,4,15,chokepoint26,Bering Strait,0,0,0,0,0,0,0,0,0,0,0,0,0,0,72112
2026-04-16,2026,4,16,chokepoint26,Bering Strait,0,0,0,0,0,0,0,0,0,0,0,0,0,0,72113
2026-04-17,2026,4,17,chokepoint26,Bering Strait,0,0,0,0,0,0,0,0,0,0,0,0,0,0,72114
2026-04-18,2026,4,18,chokepoint26,Bering Strait,0,0,0,0,0,0,0,0,0,0,0,0,0,0,72115
2026-04-19,2026,4,19,chokepoint26,Bering Strait,0,0,0,0,0,0,0,0,0,0,0,0,0,0,72116
2026-04-20,2026,4,20,chokepoint26,Bering Strait,0,0,0,0,0,0,0,0,0,0,0,0,0,0,72117
2026-04-21,2026,4,21,chokepoint26,Bering Strait,0,0,0,0,0,0,0,0,0,0,0,0,0,0,72118
2026-04-22,2026,4,22,chokepoint26,Bering Strait,0,0,0,0,1,0,1,0,0,0,0,69284,0,69284,72119
2026-04-23,2026,4,23,chokepoint26,Bering Strait,0,0,0,0,0,0,0,0,0,0,0,0,0,0,72120
2026-04-24,2026,4,24,chokepoint26,Bering Strait,0,0,0,0,0,0,0,0,0,0,0,0,0,0,72121
2026-04-25,2026,4,25,chokepoint26,Bering Strait,0,1,0,0,0,1,1,0,69281,0,0,0,69281,69281,72122
2026-04-26,2026,4,26,chokepoint26,Bering Strait,0,0,0,0,0,0,0,0,0,0,0,0,0,0,72123
2026-04-27,2026,4,27,chokepoint26,Bering Strait,0,0,0,0,0,0,0,0,0,0,0,0,0,0,72124
2026-04-28,2026,4,28,chokepoint26,Bering Strait,0,0,0,0,0,0,0,0,0,0,0,0,0,0,72125
2026-04-29,2026,4,29,chokepoint26,Bering Strait,0,0,0,0,0,0,0,0,0,0,0,0,0,0,72126
2026-04-30,2026,4,30,chokepoint26,Bering Strait,0,0,0,0,0,0,0,0,0,0,0,0,0,0,72127
2026-04-01,2026,4,1,chokepoint27,Mindoro Strait,0,14,3,0,2,17,19,0,1082531,9971,0,4415,1092502,1096917,74076
2026-04-02,2026,4,2,chokepoint27,Mindoro Strait,2,17,0,0,2,19,21,4160,583800,0,0,970,587960,588931,74077
2026-04-03,2026,4,3,chokepoint27,Mindoro Strait,2,22,3,0,3,27,30,13867,1041467,14197,0,17256,1069532,1086789,74078
2026-04-04,2026,4,4,chokepoint27,Mindoro Strait,1,23,4,0,1,28,29,0,751066,15138,0,0,766204,766204,74079
2026-04-05,2026,4,5,chokepoint27,Mindoro Strait,2,21,1,1,4,25,29,24063,1169161,9650,2974,89500,1205850,1295350,74080
2026-04-06,2026,4,6,chokepoint27,Mindoro Strait,1,14,1,1,2,17,19,19418,1637138,15431,0,0,1671988,1671988,74081
2026-04-07,2026,4,7,chokepoint27,Mindoro Strait,1,16,3,0,2,20,22,0,1893041,18250,0,0,1911291,1911291,74082
2026-04-08,2026,4,8,chokepoint27,Mindoro Strait,1,23,7,0,2,31,33,12374,1748453,45197,0,3284,1806026,1809310,74083
2026-04-09,2026,4,9,chokepoint27,Mindoro Strait,0,24,0,0,4,24,28,0,2333299,0,0,155076,2333299,2488376,74084
2026-04-10,2026,4,10,chokepoint27,Mindoro Strait,2,25,3,0,1,30,31,9239,1380682,9830,0,0,1399752,1399752,74085
2026-04-11,2026,4,11,chokepoint27,Mindoro Strait,2,25,3,0,4,30,34,13266,1852064,16018,0,68550,1881349,1949900,74086
2026-04-12,2026,4,12,chokepoint27,Mindoro Strait,3,20,1,0,4,24,28,34321,1558763,3755,0,104481,1596839,1701320,74087
2026-04-13,2026,4,13,chokepoint27,Mindoro Strait,2,27,5,0,5,34,39,12286,1509646,18377,0,264683,1540311,1804994,74088
2026-04-14,2026,4,14,chokepoint27,Mindoro Strait,1,31,1,0,2,33,35,20361,2071039,6884,0,4173,2098285,2102459,74089
2026-04-15,2026,4,15,chokepoint27,Mindoro Strait,3,27,4,0,7,34,41,5239,1844805,13553,0,89285,1863598,1952884,74090
2026-04-16,2026,4,16,chokepoint27,Mindoro Strait,3,21,3,0,4,27,31,33855,916714,18982,0,88966,969552,1058518,74091
2026-04-17,2026,4,17,chokepoint27,Mindoro Strait,1,27,2,0,4,30,34,3481,1238189,8007,0,33022,1249678,1282700,74092
2026-04-18,2026,4,18,chokepoint27,Mindoro Strait,3,30,7,0,5,40,45,29361,1729722,44438,0,20237,1803522,1823759,74093
2026-04-19,2026,4,19,chokepoint27,Mindoro Strait,5,14,5,0,3,24,27,34349,731609,26159,0,17165,792118,809284,74094
2026-04-20,2026,4,20,chokepoint27,Mindoro Strait,0,39,2,0,1,41,42,0,1668288,7501,0,7391,1675789,1683180,74095
2026-04-21,2026,4,21,chokepoint27,Mindoro Strait,0,26,4,0,2,30,32,0,1216563,16000,0,0,1232564,1232564,74096
2026-04-22,2026,4,22,chokepoint27,Mindoro Strait,1,25,4,0,6,30,36,10906,2084976,11579,0,181911,2107462,2289374,74097
2026-04-23,2026,4,23,chokepoint27,Mindoro Strait,5,17,3,1,3,26,29,48343,1261922,9859,0,22234,1320126,1342360,74098
2026-04-24,2026,4,24,chokepoint27,Mindoro Strait,3,20,2,0,4,25,29,30435,1827636,14227,0,23706,1872298,1896005,74099
2026-04-25,2026,4,25,chokepoint27,Mindoro Strait,1,30,2,0,4,33,37,3735,1737687,23635,0,73831,1765058,1838890,74100
2026-04-26,2026,4,26,chokepoint27,Mindoro Strait,1,26,0,0,3,27,30,5512,1949960,0,0,4415,1955472,1959887,74101
2026-04-27,2026,4,27,chokepoint27,Mindoro Strait,1,23,1,0,4,25,29,18338,1017386,1668,0,36818,1037393,1074211,74102
2026-04-28,2026,4,28,chokepoint27,Mindoro Strait,0,20,3,0,4,23,27,0,866473,12013,0,12102,878487,890589,74103
2026-04-29,2026,4,29,chokepoint27,Mindoro Strait,3,33,4,0,5,40,45,49062,1957016,29454,0,14705,2035533,2050238,74104
2026-04-30,2026,4,30,chokepoint27,Mindoro Strait,7,36,3,1,5,47,52,61983,3408050,17655,0,20973,3487689,3508662,74105
2026-04-01,2026,4,1,chokepoint28,Kerch Strait,0,6,6,0,0,12,12,0,52949,10603,0,0,63552,63552,76316
2026-04-02,2026,4,2,chokepoint28,Kerch Strait,1,4,12,0,1,17,18,18510,17008,24665,0,6292,60183,66476,76317
2026-04-03,2026,4,3,chokepoint28,Kerch Strait,0,4,13,0,3,17,20,0,0,14438,0,10318,14438,24757,76318
2026-04-04,2026,4,4,chokepoint28,Kerch Strait,0,6,0,0,2,6,8,0,73435,0,0,5279,73435,78715,76319
2026-04-05,2026,4,5,chokepoint28,Kerch Strait,0,0,4,0,2,4,6,0,0,7249,0,0,7249,7249,76320
2026-04-06,2026,4,6,chokepoint28,Kerch Strait,0,0,7,0,1,7,8,0,0,41344,0,5992,41344,47337,76321
2026-04-07,2026,4,7,chokepoint28,Kerch Strait,0,0,5,0,3,5,8,0,0,4554,0,10271,4554,14826,76322
2026-04-08,2026,4,8,chokepoint28,Kerch Strait,0,1,5,0,0,6,6,0,24271,12142,0,0,36414,36414,76323
2026-04-09,2026,4,9,chokepoint28,Kerch Strait,0,1,3,0,0,4,4,0,0,5923,0,0,5923,5923,76324
2026-04-10,2026,4,10,chokepoint28,Kerch Strait,0,0,6,0,3,6,9,0,0,12299,0,4273,12299,16573,76325
2026-04-11,2026,4,11,chokepoint28,Kerch Strait,0,0,11,0,2,11,13,0,0,17760,0,0,17760,17760,76326
2026-04-12,2026,4,12,chokepoint28,Kerch Strait,0,1,8,0,2,9,11,0,0,12126,0,7864,12126,19990,76327
2026-04-13,2026,4,13,chokepoint28,Kerch Strait,0,1,4,0,0,5,5,0,0,7094,0,0,7094,7094,76328
2026-04-14,2026,4,14,chokepoint28,Kerch Strait,0,1,2,0,1,3,4,0,0,2163,0,6314,2163,8477,76329
2026-04-15,2026,4,15,chokepoint28,Kerch Strait,0,2,5,0,2,7,9,0,0,10577,0,8956,10577,19534,76330
2026-04-16,2026,4,16,chokepoint28,Kerch Strait,0,4,14,0,2,18,20,0,24271,25355,0,10209,49627,59837,76331
2026-04-17,2026,4,17,chokepoint28,Kerch Strait,0,0,7,0,1,7,8,0,0,9428,0,4763,9428,14192,76332
2026-04-18,2026,4,18,chokepoint28,Kerch Strait,0,1,5,0,3,6,9,0,0,7625,0,4385,7625,12010,76333
2026-04-19,2026,4,19,chokepoint28,Kerch Strait,0,1,4,0,2,5,7,0,0,14229,0,9746,14229,23975,76334
2026-04-20,2026,4,20,chokepoint28,Kerch Strait,0,2,5,0,2,7,9,0,32748,5554,0,5092,38302,43395,76335
2026-04-21,2026,4,21,chokepoint28,Kerch Strait,0,1,5,0,0,6,6,0,24271,16345,0,0,40617,40617,76336
2026-04-22,2026,4,22,chokepoint28,Kerch Strait,0,1,3,0,6,4,10,0,0,2967,0,22586,2967,25553,76337
2026-04-23,2026,4,23,chokepoint28,Kerch Strait,0,1,3,0,2,4,6,0,0,3919,0,0,3919,3919,76338
2026-04-24,2026,4,24,chokepoint28,Kerch Strait,0,0,4,0,3,4,7,0,0,5167,0,12100,5167,17267,76339
2026-04-25,2026,4,25,chokepoint28,Kerch Strait,0,5,6,0,1,11,12,0,160023,13389,0,7864,173412,181276,76340
2026-04-26,2026,4,26,chokepoint28,Kerch Strait,0,3,6,0,4,9,13,0,0,7561,0,9419,7561,16981,76341
2026-04-27,2026,4,27,chokepoint28,Kerch Strait,0,3,1,0,0,4,4,0,29746,1769,0,0,31516,31516,76342
2026-04-28,2026,4,28,chokepoint28,Kerch Strait,0,0,3,0,0,3,3,0,0,3121,0,0,3121,3121,76343
2026-04-29,2026,4,29,chokepoint28,Kerch Strait,0,0,3,0,1,3,4,0,0,10470,0,4974,10470,15445,76344
2026-04-30,2026,4,30,chokepoint28,Kerch Strait,0,0,2,0,2,2,4,0,0,802,0,119549,802,120352,76345
2026-05-01,2026,5,1,chokepoint1,Suez Canal,8,12,3,4,12,27,39,270671,776397,18936,4501,642945,1070506,1713451,2278
2026-05-02,2026,5,2,chokepoint1,Suez Canal,11,5,3,0,4,19,23,117084,387563,35569,0,15169,540217,555387,2279
2026-05-03,2026,5,3,chokepoint1,Suez Canal,4,9,3,2,15,18,33,236456,554587,907,0,536090,791951,1328041,2280
2026-05-04,2026,5,4,chokepoint1,Suez Canal,8,9,2,1,15,20,35,383414,414629,32628,3341,615683,834013,1449696,2281
2026-05-05,2026,5,5,chokepoint1,Suez Canal,7,11,4,0,14,22,36,265998,507359,29717,0,610708,803075,1413784,2282
2026-05-06,2026,5,6,chokepoint1,Suez Canal,6,10,3,2,19,21,40,118629,699617,11819,1405,613472,831471,1444944,2283
2026-05-07,2026,5,7,chokepoint1,Suez Canal,9,17,2,0,18,28,46,188411,784593,2634,0,736829,975639,1712468,2284
2026-05-08,2026,5,8,chokepoint1,Suez Canal,9,10,1,4,22,24,46,219485,779074,1371,0,1228596,999931,2228528,2285
2026-05-09,2026,5,9,chokepoint1,Suez Canal,9,11,4,1,19,25,44,173501,640522,33502,0,690702,847526,1538229,2286
2026-05-10,2026,5,10,chokepoint1,Suez Canal,6,8,0,1,15,15,30,123817,326602,0,0,534204,450420,984624,2287
2026-05-11,2026,5,11,chokepoint1,Suez Canal,15,10,2,0,20,27,47,446706,384531,3072,0,662311,834310,1496621,2288
2026-05-12,2026,5,12,chokepoint1,Suez Canal,7,10,3,2,19,22,41,504989,416499,27883,11966,957222,961338,1918561,2289
2026-05-13,2026,5,13,chokepoint1,Suez Canal,3,11,2,0,16,16,32,62620,392479,13430,0,734329,468531,1202860,2290
2026-05-14,2026,5,14,chokepoint1,Suez Canal,6,8,2,2,19,18,37,136936,231807,26722,6928,767247,402394,1169642,2291
2026-05-15,2026,5,15,chokepoint1,Suez Canal,7,13,5,1,16,26,42,179606,511678,31460,6258,778987,729004,1507991,2292
2026-05-16,2026,5,16,chokepoint1,Suez Canal,10,14,0,2,16,26,42,246952,658897,0,0,1035176,905849,1941026,2293
2026-05-17,2026,5,17,chokepoint1,Suez Canal,11,6,5,2,8,24,32,317012,406509,10808,0,354559,734329,1088889,2294
2026-05-18,2026,5,18,chokepoint1,Suez Canal,6,10,3,1,18,20,38,181589,575070,11688,5631,577474,773979,1351453,2295
2026-05-19,2026,5,19,chokepoint1,Suez Canal,6,14,3,0,20,23,43,131752,711700,20520,0,775197,863974,1639171,2296
2026-05-20,2026,5,20,chokepoint1,Suez Canal,9,15,5,0,12,29,41,208672,753254,48890,0,744752,1010817,1755569,2297
2026-05-21,2026,5,21,chokepoint1,Suez Canal,7,10,3,2,14,22,36,179720,594983,19046,4660,879422,798411,1677833,2298
2026-05-22,2026,5,22,chokepoint1,Suez Canal,8,8,3,0,23,19,42,331741,452567,2993,0,1029575,787301,1816877,2299
2026-05-23,2026,5,23,chokepoint1,Suez Canal,8,13,7,3,18,31,49,209739,443138,43401,10755,1069539,707035,1776575,2300
2026-05-24,2026,5,24,chokepoint1,Suez Canal,8,11,3,2,12,24,36,143981,501296,20607,7419,339038,673305,1012343,2301
2026-05-25,2026,5,25,chokepoint1,Suez Canal,11,11,4,1,22,27,49,475305,653154,21456,2486,861943,1152403,2014346,2302
2026-05-26,2026,5,26,chokepoint1,Suez Canal,10,12,2,1,12,25,37,330764,933595,16889,3311,797827,1284561,2082389,2303
2026-05-27,2026,5,27,chokepoint1,Suez Canal,7,9,1,0,12,17,29,197922,362060,3905,0,474096,563887,1037984,2304
2026-05-28,2026,5,28,chokepoint1,Suez Canal,5,16,6,1,17,28,45,100839,749261,28311,0,847264,878412,1725677,2305
2026-05-29,2026,5,29,chokepoint1,Suez Canal,12,14,3,0,14,29,43,287109,582528,18528,0,700836,888166,1589003,2306
2026-05-30,2026,5,30,chokepoint1,Suez Canal,6,9,4,2,23,21,44,212566,382515,49740,2748,579645,647571,1227217,2307
2026-05-31,2026,5,31,chokepoint1,Suez Canal,9,8,2,1,11,20,31,248154,343799,32028,0,438288,623982,1062271,2308
2026-05-01,2026,5,1,chokepoint2,Panama Canal,9,9,3,0,16,21,37,327110,359093,19724,0,387197,705928,1093125,4256
2026-05-02,2026,5,2,chokepoint2,Panama Canal,9,8,3,4,15,24,39,288342,319792,27241,14481,348180,649857,998038,4257
2026-05-03,2026,5,3,chokepoint2,Panama Canal,9,6,0,2,16,17,33,344816,266573,0,12175,286148,623565,909713,4258
2026-05-04,2026,5,4,chokepoint2,Panama Canal,10,1,2,4,23,17,40,410040,51876,8989,10140,583770,481048,1064818,4259
2026-05-05,2026,5,5,chokepoint2,Panama Canal,8,2,1,2,17,13,30,320232,64782,11714,9939,487873,406668,894541,4260
2026-05-06,2026,5,6,chokepoint2,Panama Canal,8,9,3,1,15,21,36,420150,353819,5087,0,361575,779057,1140632,4261
2026-05-07,2026,5,7,chokepoint2,Panama Canal,5,6,4,3,18,18,36,200688,227933,32421,8858,460376,469902,930278,4262
2026-05-08,2026,5,8,chokepoint2,Panama Canal,7,8,1,0,17,16,33,240882,415608,10220,0,407264,666711,1073975,4263
2026-05-09,2026,5,9,chokepoint2,Panama Canal,10,4,2,7,10,23,33,379840,138655,3536,13648,273243,535681,808924,4264
2026-05-10,2026,5,10,chokepoint2,Panama Canal,10,7,1,0,18,18,36,382170,308857,3896,0,331579,694924,1026504,4265
2026-05-11,2026,5,11,chokepoint2,Panama Canal,5,8,3,5,13,21,34,245694,586052,3251,17208,321967,852207,1174175,4266
2026-05-12,2026,5,12,chokepoint2,Panama Canal,4,5,4,1,18,14,32,246607,207650,7062,0,461523,461320,922843,4267
2026-05-13,2026,5,13,chokepoint2,Panama Canal,8,5,2,3,16,18,34,328145,167203,30590,36954,434276,562894,997170,4268
2026-05-14,2026,5,14,chokepoint2,Panama Canal,10,6,3,2,12,21,33,414667,287898,43263,5722,367090,751552,1118642,4269
2026-05-15,2026,5,15,chokepoint2,Panama Canal,8,2,5,2,17,17,34,284028,78712,35768,0,333947,398509,732456,4270
2026-05-16,2026,5,16,chokepoint2,Panama Canal,8,2,4,1,20,15,35,269231,75957,23675,4751,704890,373616,1078507,4271
2026-05-17,2026,5,17,chokepoint2,Panama Canal,9,8,0,4,14,21,35,283500,313876,0,6333,188418,603710,792128,4272
2026-05-18,2026,5,18,chokepoint2,Panama Canal,9,7,1,2,14,19,33,497063,322325,6794,0,379984,826183,1206167,4273
2026-05-19,2026,5,19,chokepoint2,Panama Canal,6,7,3,4,14,20,34,240977,216861,22378,3099,317808,483316,801125,4274
2026-05-20,2026,5,20,chokepoint2,Panama Canal,8,4,3,1,24,16,40,304434,200441,15050,6166,487727,526093,1013820,4275
2026-05-21,2026,5,21,chokepoint2,Panama Canal,9,5,3,4,16,21,37,327859,186066,40678,16458,402261,571063,973324,4276
2026-05-22,2026,5,22,chokepoint2,Panama Canal,8,4,6,2,12,20,32,394564,191187,40841,5548,301892,632142,934035,4277
2026-05-23,2026,5,23,chokepoint2,Panama Canal,9,5,5,3,14,22,36,329184,311987,21708,9784,357896,672664,1030561,4278
2026-05-24,2026,5,24,chokepoint2,Panama Canal,7,9,1,3,14,20,34,412438,240844,0,15035,305400,668317,973718,4279
2026-05-25,2026,5,25,chokepoint2,Panama Canal,12,5,2,1,11,20,31,528906,154401,3013,0,227828,686321,914149,4280
2026-05-26,2026,5,26,chokepoint2,Panama Canal,8,4,3,3,16,18,34,302727,201952,22287,6154,316900,533121,850022,4281
2026-05-27,2026,5,27,chokepoint2,Panama Canal,9,4,2,3,17,18,35,286281,247249,4079,4477,276494,542088,818582,4282
2026-05-28,2026,5,28,chokepoint2,Panama Canal,8,6,1,5,12,20,32,470891,257231,6016,19223,225026,753363,978389,4283
2026-05-29,2026,5,29,chokepoint2,Panama Canal,5,7,0,3,18,15,33,237523,317471,0,5431,524757,560426,1085184,4284
2026-05-30,2026,5,30,chokepoint2,Panama Canal,11,3,1,2,17,17,34,388042,138245,6511,0,309375,532798,842174,4285
2026-05-31,2026,5,31,chokepoint2,Panama Canal,7,6,1,5,10,19,29,297250,281950,3161,12859,351332,595222,946555,4286
2026-05-01,2026,5,1,chokepoint3,Bosporus Strait,18,28,27,0,17,73,90,127364,382970,65564,0,486964,575899,1062864,8634
2026-05-02,2026,5,2,chokepoint3,Bosporus Strait,8,14,20,0,18,42,60,51905,437448,71684,0,501453,561039,1062492,8635
2026-05-03,2026,5,3,chokepoint3,Bosporus Strait,7,20,16,0,12,43,55,40199,911394,46078,0,470576,997671,1468248,8636
2026-05-04,2026,5,4,chokepoint3,Bosporus Strait,9,21,27,0,22,57,79,56839,322991,38364,0,100591,418195,518787,8637
2026-05-05,2026,5,5,chokepoint3,Bosporus Strait,8,19,50,0,25,77,102,49014,333911,108747,0,785750,491673,1277424,8638
2026-05-06,2026,5,6,chokepoint3,Bosporus Strait,8,14,46,1,17,69,86,44501,376200,84581,0,204793,505283,710076,8639
2026-05-07,2026,5,7,chokepoint3,Bosporus Strait,9,17,36,1,16,63,79,68260,294519,69971,571,206590,433322,639912,8640
2026-05-08,2026,5,8,chokepoint3,Bosporus Strait,7,18,55,1,27,81,108,30441,278429,106701,3024,657067,418596,1075664,8641
2026-05-09,2026,5,9,chokepoint3,Bosporus Strait,11,21,38,0,21,70,91,45769,712912,83048,0,716228,841731,1557960,8642
2026-05-10,2026,5,10,chokepoint3,Bosporus Strait,14,21,54,0,23,89,112,96449,616761,121402,0,793977,834612,1628590,8643
2026-05-11,2026,5,11,chokepoint3,Bosporus Strait,10,18,39,0,23,67,90,71002,392731,111212,0,637673,574946,1212619,8644
2026-05-12,2026,5,12,chokepoint3,Bosporus Strait,12,27,37,1,16,77,93,89167,767078,115423,3508,712021,975177,1687198,8645
2026-05-13,2026,5,13,chokepoint3,Bosporus Strait,14,25,37,0,22,76,98,86680,436308,64880,0,548301,587869,1136171,8646
2026-05-14,2026,5,14,chokepoint3,Bosporus Strait,10,23,40,0,30,73,103,70351,832831,113656,0,592805,1016840,1609645,8647
2026-05-15,2026,5,15,chokepoint3,Bosporus Strait,8,9,41,0,24,58,82,79543,203041,96243,0,146312,378829,525141,8648
2026-05-16,2026,5,16,chokepoint3,Bosporus Strait,9,28,30,2,22,69,91,57282,769974,97046,3157,848630,927460,1776091,8649
2026-05-17,2026,5,17,chokepoint3,Bosporus Strait,15,16,34,0,24,65,89,114666,474586,122017,0,726841,711270,1438111,8650
2026-05-18,2026,5,18,chokepoint3,Bosporus Strait,16,22,44,0,21,82,103,93505,550289,128956,0,433473,772751,1206224,8651
2026-05-19,2026,5,19,chokepoint3,Bosporus Strait,7,20,24,0,11,51,62,39850,664803,62828,0,267239,767483,1034722,8652
2026-05-20,2026,5,20,chokepoint3,Bosporus Strait,14,18,41,0,29,73,102,120570,356877,115893,0,520325,593341,1113667,8653
2026-05-21,2026,5,21,chokepoint3,Bosporus Strait,11,22,30,0,19,63,82,86041,618358,79545,0,629005,783945,1412950,8654
2026-05-22,2026,5,22,chokepoint3,Bosporus Strait,9,18,38,2,17,67,84,39180,592457,90719,4373,341561,726732,1068293,8655
2026-05-23,2026,5,23,chokepoint3,Bosporus Strait,8,18,37,0,26,63,89,46893,305418,64868,0,619837,417181,1037019,8656
2026-05-24,2026,5,24,chokepoint3,Bosporus Strait,10,25,32,0,19,67,86,66197,649070,64279,0,408033,779546,1187580,8657
2026-05-25,2026,5,25,chokepoint3,Bosporus Strait,9,27,41,3,14,80,94,59360,587457,71723,2573,291324,721114,1012438,8658
2026-05-26,2026,5,26,chokepoint3,Bosporus Strait,10,22,46,1,20,79,99,68713,359015,126917,0,493336,554646,1047982,8659
2026-05-27,2026,5,27,chokepoint3,Bosporus Strait,13,21,32,0,22,66,88,97925,352639,110144,0,450180,560710,1010890,8660
2026-05-28,2026,5,28,chokepoint3,Bosporus Strait,14,24,20,0,27,58,85,68058,730668,57640,0,737419,856367,1593786,8661
2026-05-29,2026,5,29,chokepoint3,Bosporus Strait,10,15,23,1,16,49,65,82940,537082,46292,926,205197,667241,872439,8662
2026-05-30,2026,5,30,chokepoint3,Bosporus Strait,11,13,39,0,29,63,92,86915,359216,119990,0,694704,566122,1260827,8663
2026-05-31,2026,5,31,chokepoint3,Bosporus Strait,9,11,25,1,18,46,64,85857,347523,50627,970,321210,484978,806188,8664
2026-05-01,2026,5,1,chokepoint4,Bab el-Mandeb Strait,9,17,2,1,13,29,42,157178,923948,11719,5568,428549,1098414,1526963,11387
2026-05-02,2026,5,2,chokepoint4,Bab el-Mandeb Strait,4,5,7,0,12,16,28,87175,175547,68745,0,286736,331468,618205,11390
2026-05-03,2026,5,3,chokepoint4,Bab el-Mandeb Strait,6,9,2,0,18,17,35,59856,458013,18547,0,1034726,536417,1571144,11393
2026-05-04,2026,5,4,chokepoint4,Bab el-Mandeb Strait,10,12,7,2,13,31,44,143236,586186,44907,1924,965602,776255,1741857,11396
2026-05-05,2026,5,5,chokepoint4,Bab el-Mandeb Strait,5,8,2,1,16,16,32,63677,514656,23672,5042,1038010,607049,1645059,11399
2026-05-06,2026,5,6,chokepoint4,Bab el-Mandeb Strait,5,7,4,1,14,17,31,95908,391203,23747,0,912862,510859,1423721,11402
2026-05-07,2026,5,7,chokepoint4,Bab el-Mandeb Strait,4,6,6,1,8,17,25,80108,263823,44407,4318,414733,392658,807391,11405
2026-05-08,2026,5,8,chokepoint4,Bab el-Mandeb Strait,4,15,9,2,14,30,44,48229,577560,98534,18602,905602,742926,1648529,11408
2026-05-09,2026,5,9,chokepoint4,Bab el-Mandeb Strait,3,9,4,0,13,16,29,61447,442463,4313,0,829039,508223,1337263,11411
2026-05-10,2026,5,10,chokepoint4,Bab el-Mandeb Strait,7,4,8,1,12,20,32,77360,129831,85354,6928,474431,299475,773907,11414
2026-05-11,2026,5,11,chokepoint4,Bab el-Mandeb Strait,3,13,2,2,8,20,28,68128,535704,1503,6258,862102,611594,1473697,11417
2026-05-12,2026,5,12,chokepoint4,Bab el-Mandeb Strait,8,11,3,3,20,25,45,88540,427446,11804,1554,1421702,529344,1951047,11420
2026-05-13,2026,5,13,chokepoint4,Bab el-Mandeb Strait,5,8,7,2,16,22,38,95038,714677,136601,8643,827676,954961,1782637,11429
2026-05-14,2026,5,14,chokepoint4,Bab el-Mandeb Strait,6,7,9,3,13,25,38,97304,316369,66300,13276,1317466,493251,1810717,11432
2026-05-15,2026,5,15,chokepoint4,Bab el-Mandeb Strait,6,5,6,0,7,17,24,156883,173962,42393,0,284670,373240,657910,11435
2026-05-16,2026,5,16,chokepoint4,Bab el-Mandeb Strait,5,11,6,3,13,25,38,115563,384214,20776,11889,824906,532443,1357349,11438
2026-05-17,2026,5,17,chokepoint4,Bab el-Mandeb Strait,4,12,4,2,10,22,32,56978,555508,8475,1434,365044,622396,987441,11441
2026-05-18,2026,5,18,chokepoint4,Bab el-Mandeb Strait,5,13,6,2,19,26,45,112879,540448,17808,6203,771503,677340,1448844,11444
2026-05-19,2026,5,19,chokepoint4,Bab el-Mandeb Strait,12,6,6,6,15,30,45,175352,237576,74065,30524,651624,517519,1169144,11447
2026-05-20,2026,5,20,chokepoint4,Bab el-Mandeb Strait,7,9,3,1,17,20,37,57339,385773,4144,0,672387,447257,1119644,11450
2026-05-21,2026,5,21,chokepoint4,Bab el-Mandeb Strait,4,8,3,2,17,17,34,68064,423491,16444,5134,793072,513135,1306208,11453
2026-05-22,2026,5,22,chokepoint4,Bab el-Mandeb Strait,6,14,4,2,12,26,38,76496,632853,12320,5322,636486,726992,1363478,11456
2026-05-23,2026,5,23,chokepoint4,Bab el-Mandeb Strait,4,16,7,2,13,29,42,32285,759194,31052,4634,503007,827167,1330174,11459
2026-05-24,2026,5,24,chokepoint4,Bab el-Mandeb Strait,4,12,7,0,23,23,46,68980,600009,44411,0,814375,713401,1527777,11462
2026-05-25,2026,5,25,chokepoint4,Bab el-Mandeb Strait,4,10,8,0,15,22,37,77342,516891,24920,0,1184060,619154,1803214,11465
2026-05-26,2026,5,26,chokepoint4,Bab el-Mandeb Strait,5,6,1,0,14,12,26,32656,294690,3838,0,672323,331186,1003510,11468
2026-05-27,2026,5,27,chokepoint4,Bab el-Mandeb Strait,11,10,3,4,12,28,40,251725,313661,46933,27577,628572,639898,1268470,11470
2026-05-28,2026,5,28,chokepoint4,Bab el-Mandeb Strait,10,8,4,1,17,23,40,79821,373389,31341,554,735190,485106,1220296,11473
2026-05-29,2026,5,29,chokepoint4,Bab el-Mandeb Strait,6,8,3,0,13,17,30,75553,412646,27608,0,1045032,515808,1560840,11475
2026-05-30,2026,5,30,chokepoint4,Bab el-Mandeb Strait,4,14,3,1,10,22,32,40132,945262,11850,3793,783626,1001039,1784666,11477
2026-05-31,2026,5,31,chokepoint4,Bab el-Mandeb Strait,2,12,3,3,13,20,33,50290,501511,17052,5571,370821,574426,945247,11479
2026-05-01,2026,5,1,chokepoint5,Malacca Strait,61,54,13,10,78,138,216,1644300,2515134,105760,29805,3051119,4295001,7346120,12638
2026-05-02,2026,5,2,chokepoint5,Malacca Strait,53,66,20,5,69,144,213,1824876,3762891,85572,14648,2159038,5687988,7847027,12639
2026-05-03,2026,5,3,chokepoint5,Malacca Strait,57,68,19,5,66,149,215,1927980,3715945,91089,27831,1930204,5762846,7693051,12640
2026-05-04,2026,5,4,chokepoint5,Malacca Strait,71,75,11,5,84,162,246,2174842,4542688,42319,4060,2756511,6763911,9520423,12641
2026-05-05,2026,5,5,chokepoint5,Malacca Strait,63,66,17,4,68,150,218,2324870,5062627,118554,23335,2649602,7529387,10178990,12642
2026-05-06,2026,5,6,chokepoint5,Malacca Strait,66,61,18,8,70,153,223,1823911,3447340,133640,39309,2196702,5444201,7640903,12643
2026-05-07,2026,5,7,chokepoint5,Malacca Strait,59,64,16,10,71,149,220,1859765,3439671,47140,25577,1873105,5372154,7245259,12644
2026-05-08,2026,5,8,chokepoint5,Malacca Strait,44,74,17,9,79,144,223,1403834,3447881,133443,26517,3304196,5011677,8315874,12645
2026-05-09,2026,5,9,chokepoint5,Malacca Strait,72,62,18,3,66,155,221,2239809,3592749,101478,20623,2677842,5954661,8632504,12646
2026-05-10,2026,5,10,chokepoint5,Malacca Strait,66,70,25,1,68,162,230,2020560,4625605,171218,6228,3285041,6823612,10108654,12647
2026-05-11,2026,5,11,chokepoint5,Malacca Strait,69,50,14,7,57,140,197,1761752,2732786,126017,27716,2340353,4648273,6988626,12648
2026-05-12,2026,5,12,chokepoint5,Malacca Strait,63,59,23,11,75,156,231,1940084,3303220,125634,30211,2723478,5399151,8122629,12649
2026-05-13,2026,5,13,chokepoint5,Malacca Strait,59,58,19,4,79,140,219,1983179,2730596,119463,4828,2865330,4838068,7703399,12650
2026-05-14,2026,5,14,chokepoint5,Malacca Strait,61,78,18,5,73,162,235,1938175,4431825,107093,25202,2651360,6502295,9153655,12651
2026-05-15,2026,5,15,chokepoint5,Malacca Strait,58,66,21,6,64,151,215,1978871,4026852,150465,6867,1603560,6163055,7766616,12652
2026-05-16,2026,5,16,chokepoint5,Malacca Strait,49,47,23,9,74,128,202,1536919,2970887,195627,41155,2640724,4744591,7385316,12653
2026-05-17,2026,5,17,chokepoint5,Malacca Strait,65,58,22,6,70,151,221,1989151,2971032,117692,7593,1778101,5085470,6863572,12654
2026-05-18,2026,5,18,chokepoint5,Malacca Strait,53,54,20,5,65,132,197,1527189,2900380,122181,20926,2600454,4570678,7171133,12655
2026-05-19,2026,5,19,chokepoint5,Malacca Strait,64,58,17,5,61,144,205,1862157,3990512,96236,21209,1712447,5970116,7682563,12656
2026-05-20,2026,5,20,chokepoint5,Malacca Strait,58,56,15,1,77,130,207,1511625,3044212,77641,5571,2603189,4639051,7242240,12657
2026-05-21,2026,5,21,chokepoint5,Malacca Strait,53,58,23,9,76,143,219,1571180,3306254,139462,29755,1771205,5046652,6817858,12658
2026-05-22,2026,5,22,chokepoint5,Malacca Strait,67,53,26,5,77,151,228,2166306,2729776,160827,2033,2036505,5058944,7095449,12659
2026-05-23,2026,5,23,chokepoint5,Malacca Strait,45,58,20,11,61,134,195,1339679,3470860,79053,36910,2441573,4926504,7368077,12660
2026-05-24,2026,5,24,chokepoint5,Malacca Strait,62,67,22,7,72,158,230,1844673,3270599,114014,30119,2552916,5259408,7812325,12661
2026-05-25,2026,5,25,chokepoint5,Malacca Strait,63,65,21,5,62,154,216,2043639,4302527,82532,7267,2408515,6435967,8844482,12662
2026-05-26,2026,5,26,chokepoint5,Malacca Strait,71,65,25,4,82,165,247,2385521,3268457,85045,5655,2664767,5744680,8409448,12663
2026-05-27,2026,5,27,chokepoint5,Malacca Strait,60,64,20,10,61,154,215,2103991,3688529,115696,55271,1973101,5963489,7936591,12664
2026-05-28,2026,5,28,chokepoint5,Malacca Strait,59,65,22,5,57,151,208,1639216,3739964,203518,8352,2179387,5591052,7770440,12665
2026-05-29,2026,5,29,chokepoint5,Malacca Strait,58,54,11,5,74,128,202,1867599,3856917,56765,7244,2164068,5788525,7952594,12666
2026-05-30,2026,5,30,chokepoint5,Malacca Strait,57,56,16,8,61,137,198,1569506,3310721,94544,27435,1435585,5002208,6437794,12667
2026-05-31,2026,5,31,chokepoint5,Malacca Strait,57,57,16,9,68,139,207,1413004,3144435,66582,17275,2031526,4641298,6672825,12668
2026-05-01,2026,5,1,chokepoint6,Strait of Hormuz,0,1,2,0,2,3,5,0,32632,692,0,36640,33325,69966,17368
2026-05-02,2026,5,2,chokepoint6,Strait of Hormuz,0,2,0,0,4,2,6,0,0,0,0,93041,0,93041,17369
2026-05-03,2026,5,3,chokepoint6,Strait of Hormuz,0,3,2,0,1,5,6,0,120547,7250,0,0,127798,127798,17370
2026-05-04,2026,5,4,chokepoint6,Strait of Hormuz,1,1,0,0,0,2,2,12784,0,0,0,0,12784,12784,17371
2026-05-05,2026,5,5,chokepoint6,Strait of Hormuz,0,0,0,0,0,0,0,0,0,0,0,0,0,0,17372
2026-05-06,2026,5,6,chokepoint6,Strait of Hormuz,0,0,0,0,0,0,0,0,0,0,0,0,0,0,17373
2026-05-07,2026,5,7,chokepoint6,Strait of Hormuz,0,0,0,0,0,0,0,0,0,0,0,0,0,0,17374
2026-05-08,2026,5,8,chokepoint6,Strait of Hormuz,0,0,0,0,0,0,0,0,0,0,0,0,0,0,17375
2026-05-09,2026,5,9,chokepoint6,Strait of Hormuz,0,0,0,0,1,0,1,0,0,0,0,98525,0,98525,17376
2026-05-10,2026,5,10,chokepoint6,Strait of Hormuz,1,2,0,0,2,3,5,7273,130924,0,0,319376,138197,457574,17377
2026-05-11,2026,5,11,chokepoint6,Strait of Hormuz,0,2,0,0,4,2,6,0,26381,0,0,88456,26381,114837,17378
2026-05-12,2026,5,12,chokepoint6,Strait of Hormuz,0,0,1,1,1,2,3,0,0,344,0,0,344,344,17379
2026-05-13,2026,5,13,chokepoint6,Strait of Hormuz,0,0,1,0,2,1,3,0,0,749,0,349804,749,350554,17380
2026-05-14,2026,5,14,chokepoint6,Strait of Hormuz,1,1,1,0,3,3,6,16699,0,675,0,42976,17375,60351,17381
2026-05-15,2026,5,15,chokepoint6,Strait of Hormuz,0,0,0,0,2,0,2,0,0,0,0,5341,0,5341,17382
2026-05-16,2026,5,16,chokepoint6,Strait of Hormuz,0,4,1,0,1,5,6,0,141637,0,0,36579,141637,178216,17383
2026-05-17,2026,5,17,chokepoint6,Strait of Hormuz,0,0,1,0,1,1,2,0,0,10961,0,0,10961,10961,17384
2026-05-18,2026,5,18,chokepoint6,Strait of Hormuz,1,0,2,0,1,3,4,1990,0,692,0,13968,2683,16651,17385
2026-05-19,2026,5,19,chokepoint6,Strait of Hormuz,1,0,0,0,3,1,4,38979,0,0,0,570517,38979,609497,17386
2026-05-20,2026,5,20,chokepoint6,Strait of Hormuz,2,2,0,0,3,4,7,23766,104908,0,0,290295,128675,418971,17387
2026-05-21,2026,5,21,chokepoint6,Strait of Hormuz,0,1,1,0,2,2,4,0,30674,721,0,42682,31395,74078,17388
2026-05-22,2026,5,22,chokepoint6,Strait of Hormuz,0,2,0,0,0,2,2,0,0,0,0,0,0,0,17389
2026-05-23,2026,5,23,chokepoint6,Strait of Hormuz,0,1,1,0,1,2,3,0,22944,324,0,284471,23269,307741,17390
2026-05-24,2026,5,24,chokepoint6,Strait of Hormuz,0,3,0,0,2,3,5,0,80894,0,0,6839,80894,87734,17391
2026-05-25,2026,5,25,chokepoint6,Strait of Hormuz,1,2,1,0,0,4,4,16699,69303,749,0,0,86752,86752,17392
2026-05-26,2026,5,26,chokepoint6,Strait of Hormuz,0,1,0,0,2,1,3,0,0,0,0,0,0,0,17393
2026-05-27,2026,5,27,chokepoint6,Strait of Hormuz,0,0,0,0,1,0,1,0,0,0,0,106096,0,106096,17394
2026-05-28,2026,5,28,chokepoint6,Strait of Hormuz,0,1,1,0,0,2,2,0,64539,692,0,0,65232,65232,17395
2026-05-29,2026,5,29,chokepoint6,Strait of Hormuz,0,0,0,1,0,1,1,0,0,0,6056,0,6056,6056,17396
2026-05-30,2026,5,30,chokepoint6,Strait of Hormuz,0,2,1,0,0,3,3,0,52574,0,0,0,52574,52574,17397
2026-05-31,2026,5,31,chokepoint6,Strait of Hormuz,0,1,1,0,0,2,2,0,44505,329,0,0,44835,44835,17398
2026-05-01,2026,5,1,chokepoint7,Cape of Good Hope,27,32,2,2,23,63,86,1503774,2312843,35003,5464,843415,3857086,4700501,18946
2026-05-02,2026,5,2,chokepoint7,Cape of Good Hope,32,60,5,6,20,103,123,1577357,4965265,73819,14888,673232,6631331,7304563,18947
2026-05-03,2026,5,3,chokepoint7,Cape of Good Hope,18,56,7,3,22,84,106,976794,3577159,66212,7893,1126209,4628059,5754268,18948
2026-05-04,2026,5,4,chokepoint7,Cape of Good Hope,14,44,2,4,24,64,88,841518,3107627,9606,30200,1803862,3988953,5792816,18949
2026-05-05,2026,5,5,chokepoint7,Cape of Good Hope,10,50,5,5,13,70,83,787441,3336750,55538,27076,545513,4206807,4752320,18950
2026-05-06,2026,5,6,chokepoint7,Cape of Good Hope,9,39,1,4,14,53,67,547220,3596747,1821,13435,484143,4159224,4643368,18951
2026-05-07,2026,5,7,chokepoint7,Cape of Good Hope,27,43,4,2,19,76,95,1372692,4093458,75890,7326,1576443,5549368,7125811,18952
2026-05-08,2026,5,8,chokepoint7,Cape of Good Hope,28,38,4,2,23,72,95,2054328,3036239,47555,0,1900586,5138123,7038709,18953
2026-05-09,2026,5,9,chokepoint7,Cape of Good Hope,39,57,5,4,21,105,126,2376000,4452055,20749,29070,941052,6877876,7818928,18954
2026-05-10,2026,5,10,chokepoint7,Cape of Good Hope,6,35,1,1,21,43,64,517438,3217168,27992,0,604801,3762599,4367401,18955
2026-05-11,2026,5,11,chokepoint7,Cape of Good Hope,0,24,2,0,9,26,35,0,2116808,59983,0,514374,2176792,2691166,18956
2026-05-12,2026,5,12,chokepoint7,Cape of Good Hope,2,34,0,0,19,36,55,207021,1608566,0,0,712607,1815587,2528195,18957
2026-05-13,2026,5,13,chokepoint7,Cape of Good Hope,20,48,5,4,23,77,100,1192822,5634384,39638,5681,1777853,6872527,8650380,18958
2026-05-14,2026,5,14,chokepoint7,Cape of Good Hope,37,40,6,5,31,88,119,2253825,3806614,46269,21817,1836814,6128527,7965342,18959
2026-05-15,2026,5,15,chokepoint7,Cape of Good Hope,40,62,7,12,40,121,161,2791668,4855397,59197,41541,2066914,7747804,9814719,18960
2026-05-16,2026,5,16,chokepoint7,Cape of Good Hope,29,77,7,7,30,120,150,1667347,4566964,50293,27261,1306980,6311867,7618848,18961
2026-05-17,2026,5,17,chokepoint7,Cape of Good Hope,20,44,15,5,17,84,101,1198765,2840796,126529,30151,1010006,4196242,5206248,18962
2026-05-18,2026,5,18,chokepoint7,Cape of Good Hope,18,49,4,6,18,77,95,1278758,3861638,82392,17029,1396564,5239819,6636383,18963
2026-05-19,2026,5,19,chokepoint7,Cape of Good Hope,19,33,4,0,17,56,73,1254916,3294127,17253,0,1449480,4566298,6015778,18964
2026-05-20,2026,5,20,chokepoint7,Cape of Good Hope,23,47,4,8,30,82,112,1401133,2431728,20358,33190,1577744,3886411,5464156,18965
2026-05-21,2026,5,21,chokepoint7,Cape of Good Hope,20,55,1,4,30,80,110,1307449,3814374,9343,16749,1093928,5147916,6241844,18966
2026-05-22,2026,5,22,chokepoint7,Cape of Good Hope,27,53,2,4,19,86,105,1812706,3628366,15733,13681,1539144,5470488,7009632,18967
2026-05-23,2026,5,23,chokepoint7,Cape of Good Hope,15,41,2,5,17,63,80,917805,2968097,34527,23618,1149242,3944047,5093290,18968
2026-05-24,2026,5,24,chokepoint7,Cape of Good Hope,23,40,9,11,26,83,109,1601298,3070015,120588,37917,2096834,4829820,6926654,18969
2026-05-25,2026,5,25,chokepoint7,Cape of Good Hope,24,43,3,5,22,75,97,1706493,3349766,8255,21436,1138600,5085951,6224551,18970
2026-05-26,2026,5,26,chokepoint7,Cape of Good Hope,20,40,3,3,16,66,82,1105245,3863009,4605,16681,752156,4989542,5741698,18971
2026-05-27,2026,5,27,chokepoint7,Cape of Good Hope,8,47,3,3,17,61,78,483459,3394457,33129,9980,1062312,3921026,4983339,18972
2026-05-28,2026,5,28,chokepoint7,Cape of Good Hope,26,43,3,1,25,73,98,1965978,3171725,50343,0,1623182,5188048,6811230,18973
2026-05-29,2026,5,29,chokepoint7,Cape of Good Hope,20,47,5,6,10,78,88,1252188,3531863,46845,14590,1077343,4845487,5922830,18974
2026-05-30,2026,5,30,chokepoint7,Cape of Good Hope,23,64,6,4,24,97,121,1646896,5555035,34337,12692,1542871,7248962,8791834,18975
2026-05-31,2026,5,31,chokepoint7,Cape of Good Hope,20,54,5,4,17,83,100,1162130,4080442,37724,7459,1466319,5287757,6754076,18976
2026-05-01,2026,5,1,chokepoint8,Gibraltar Strait,28,25,28,4,60,85,145,914013,843691,95259,7453,1751313,1860418,3611731,23724
2026-05-02,2026,5,2,chokepoint8,Gibraltar Strait,25,34,17,4,43,80,123,942943,1305902,67888,13441,1277661,2330176,3607837,23725
2026-05-03,2026,5,3,chokepoint8,Gibraltar Strait,32,29,20,5,37,86,123,1340535,1151549,67918,5091,1210099,2565094,3775194,23726
2026-05-04,2026,5,4,chokepoint8,Gibraltar Strait,33,35,23,5,37,96,133,668109,1380436,110642,26562,1086198,2185750,3271948,23727
2026-05-05,2026,5,5,chokepoint8,Gibraltar Strait,24,27,29,4,35,84,119,906921,1143089,94221,5939,869981,2150170,3020152,23728
2026-05-06,2026,5,6,chokepoint8,Gibraltar Strait,36,32,27,10,50,105,155,1291330,1333674,131190,34100,1753361,2790296,4543658,23729
2026-05-07,2026,5,7,chokepoint8,Gibraltar Strait,33,27,27,9,45,96,141,1036796,873388,86106,20043,1394171,2016334,3410506,23730
2026-05-08,2026,5,8,chokepoint8,Gibraltar Strait,33,38,21,4,57,96,153,1288987,1319378,47537,10333,1771588,2666237,4437825,23731
2026-05-09,2026,5,9,chokepoint8,Gibraltar Strait,30,30,20,3,37,83,120,912188,1084660,66744,12537,1378997,2076130,3455128,23732
2026-05-10,2026,5,10,chokepoint8,Gibraltar Strait,26,28,17,5,44,76,120,727349,1117076,63567,8801,1604152,1916795,3520947,23733
2026-05-11,2026,5,11,chokepoint8,Gibraltar Strait,30,21,22,6,44,79,123,757398,774300,102722,12846,1285900,1647267,2933167,23734
2026-05-12,2026,5,12,chokepoint8,Gibraltar Strait,36,20,20,8,51,84,135,1286973,631426,69066,28002,1517659,2015469,3533128,23735
2026-05-13,2026,5,13,chokepoint8,Gibraltar Strait,30,28,19,3,32,80,112,751778,1263849,96209,1623,707982,2113460,2821443,23736
2026-05-14,2026,5,14,chokepoint8,Gibraltar Strait,26,21,29,8,49,84,133,1174852,1024223,88347,31034,1706412,2318458,4024870,23737
2026-05-15,2026,5,15,chokepoint8,Gibraltar Strait,26,36,17,3,35,82,117,1314866,1521439,97815,4660,1001913,2938781,3940694,23738
2026-05-16,2026,5,16,chokepoint8,Gibraltar Strait,33,32,31,10,51,106,157,925786,1154994,157754,12027,1818124,2250561,4068685,23739
2026-05-17,2026,5,17,chokepoint8,Gibraltar Strait,30,20,31,7,38,88,126,909073,802255,107376,23039,1146209,1841744,2987954,23740
2026-05-18,2026,5,18,chokepoint8,Gibraltar Strait,33,35,23,6,38,97,135,868746,1572703,75204,13691,809303,2530345,3339649,23741
2026-05-19,2026,5,19,chokepoint8,Gibraltar Strait,30,24,28,7,71,89,160,695254,1020323,133591,14839,2805462,1864008,4669471,23742
2026-05-20,2026,5,20,chokepoint8,Gibraltar Strait,39,34,20,6,48,99,147,1429292,1703434,45981,7340,1870643,3186048,5056692,23743
2026-05-21,2026,5,21,chokepoint8,Gibraltar Strait,29,31,18,6,36,84,120,1029905,1177155,79944,9189,1421927,2296194,3718122,23744
2026-05-22,2026,5,22,chokepoint8,Gibraltar Strait,32,28,24,8,51,92,143,1330515,1331673,68295,13203,1043135,2743687,3786823,23745
2026-05-23,2026,5,23,chokepoint8,Gibraltar Strait,34,25,29,9,37,97,134,974960,778117,93647,25784,652444,1872510,2524954,23746
2026-05-24,2026,5,24,chokepoint8,Gibraltar Strait,29,27,27,6,45,89,134,905245,1320385,102255,9759,1350549,2337646,3688195,23747
2026-05-25,2026,5,25,chokepoint8,Gibraltar Strait,34,34,26,5,44,99,143,971394,1520815,78952,3433,1295921,2574596,3870517,23748
2026-05-26,2026,5,26,chokepoint8,Gibraltar Strait,39,33,23,3,46,98,144,1123932,1464099,105504,7033,1403027,2700569,4103597,23749
2026-05-27,2026,5,27,chokepoint8,Gibraltar Strait,29,32,24,3,37,88,125,927033,1468728,98537,2734,1228905,2497033,3725938,23750
2026-05-28,2026,5,28,chokepoint8,Gibraltar Strait,33,35,32,2,44,102,146,882399,1316129,117971,2511,1320697,2319011,3639709,23751
2026-05-29,2026,5,29,chokepoint8,Gibraltar Strait,26,30,25,3,49,84,133,1142642,1115901,64539,9601,951150,2332685,3283835,23752
2026-05-30,2026,5,30,chokepoint8,Gibraltar Strait,31,30,17,5,55,83,138,866222,1067615,57130,11225,2026588,2002194,4028782,23753
2026-05-31,2026,5,31,chokepoint8,Gibraltar Strait,33,33,31,5,49,102,151,937110,1481274,139478,10864,1524689,2568727,4093416,23754
2026-05-01,2026,5,1,chokepoint9,Dover Strait,40,24,54,13,63,131,194,1116747,895252,109785,52213,1300763,2173999,3474762,24102
2026-05-02,2026,5,2,chokepoint9,Dover Strait,31,18,52,12,59,113,172,1172047,674331,217977,34579,835868,2098936,2934805,24103
2026-05-03,2026,5,3,chokepoint9,Dover Strait,45,27,43,13,53,128,181,898148,592925,130825,42354,1504528,1664254,3168782,24104
2026-05-04,2026,5,4,chokepoint9,Dover Strait,38,23,30,9,61,100,161,937328,821681,80602,24222,1306282,1863835,3170117,24105
2026-05-05,2026,5,5,chokepoint9,Dover Strait,32,27,29,13,60,101,161,866593,1435813,93606,29330,1461576,2425344,3886920,24106
2026-05-06,2026,5,6,chokepoint9,Dover Strait,30,31,51,5,67,117,184,1049496,1076501,140928,5021,1784787,2271948,4056735,24107
2026-05-07,2026,5,7,chokepoint9,Dover Strait,28,26,29,8,65,91,156,719203,1045865,60677,24681,1214718,1850427,3065146,24108
2026-05-08,2026,5,8,chokepoint9,Dover Strait,40,29,36,13,50,118,168,1127104,1352766,113083,25715,842625,2618670,3461295,24109
2026-05-09,2026,5,9,chokepoint9,Dover Strait,55,35,39,15,62,144,206,1377537,1050980,71470,55992,1459040,2555980,4015020,24110
2026-05-10,2026,5,10,chokepoint9,Dover Strait,25,22,35,10,57,92,149,874563,856598,107240,50904,1696595,1889306,3585902,24111
2026-05-11,2026,5,11,chokepoint9,Dover Strait,43,19,33,9,57,104,161,1381300,852626,91187,35490,1152929,2360606,3513536,24112
2026-05-12,2026,5,12,chokepoint9,Dover Strait,33,21,42,16,55,112,167,889874,917713,99717,24400,1187858,1931705,3119564,24113
2026-05-13,2026,5,13,chokepoint9,Dover Strait,34,30,33,7,68,104,172,1042817,1129007,108357,11301,2116236,2291484,4407721,24114
2026-05-14,2026,5,14,chokepoint9,Dover Strait,35,21,45,9,49,110,159,858233,1338870,118277,11548,969134,2326931,3296065,24115
2026-05-15,2026,5,15,chokepoint9,Dover Strait,33,19,32,10,75,94,169,908785,699369,109445,8187,1514606,1725788,3240395,24116
2026-05-16,2026,5,16,chokepoint9,Dover Strait,32,22,40,10,75,104,179,1100439,729846,76581,37305,1751665,1944172,3695838,24117
2026-05-17,2026,5,17,chokepoint9,Dover Strait,39,29,40,12,61,120,181,1340681,1274641,113234,24079,1619941,2752638,4372579,24118
2026-05-18,2026,5,18,chokepoint9,Dover Strait,31,25,28,10,55,94,149,909772,770600,74613,20502,1110898,1775488,2886387,24119
2026-05-19,2026,5,19,chokepoint9,Dover Strait,33,24,42,13,61,112,173,692259,1149647,123297,22893,1084693,1988097,3072791,24120
2026-05-20,2026,5,20,chokepoint9,Dover Strait,39,20,37,10,69,106,175,858499,666193,74080,20617,1496967,1619391,3116358,24121
2026-05-21,2026,5,21,chokepoint9,Dover Strait,30,22,44,9,67,105,172,767350,913413,119663,12616,1787356,1813043,3600399,24122
2026-05-22,2026,5,22,chokepoint9,Dover Strait,35,22,45,11,60,113,173,787337,1086873,118338,26116,1647195,2018666,3665861,24123
2026-05-23,2026,5,23,chokepoint9,Dover Strait,40,31,61,8,70,140,210,1223685,1306747,166942,9700,1935163,2707077,4642241,24124
2026-05-24,2026,5,24,chokepoint9,Dover Strait,38,29,36,5,67,108,175,1276100,866138,110875,10774,1548768,2263889,3812658,24125
2026-05-25,2026,5,25,chokepoint9,Dover Strait,30,15,39,7,64,91,155,970475,553178,87240,14587,1623813,1625481,3249294,24126
2026-05-26,2026,5,26,chokepoint9,Dover Strait,27,25,23,12,63,87,150,732433,1313542,53676,17880,1662404,2117531,3779936,24127
2026-05-27,2026,5,27,chokepoint9,Dover Strait,28,19,35,12,60,94,154,825864,867754,104807,38596,1793030,1837023,3630053,24128
2026-05-28,2026,5,28,chokepoint9,Dover Strait,36,29,44,13,47,122,169,829382,1263044,128046,11153,1019696,2231627,3251324,24129
2026-05-29,2026,5,29,chokepoint9,Dover Strait,27,28,44,8,49,107,156,865384,866237,132538,16328,1177046,1880489,3057535,24130
2026-05-30,2026,5,30,chokepoint9,Dover Strait,45,27,50,11,45,133,178,1558847,1365951,148345,47232,805132,3120376,3925509,24131
2026-05-31,2026,5,31,chokepoint9,Dover Strait,40,22,47,8,47,117,164,1185617,697342,156709,13998,980271,2053667,3033938,24132
2026-05-01,2026,5,1,chokepoint10,Oresund Strait,6,7,25,2,9,40,49,12318,8488,48732,0,29938,69539,99477,26480
2026-05-02,2026,5,2,chokepoint10,Oresund Strait,4,4,12,3,15,23,38,6227,0,14071,8300,16976,28599,45576,26481
2026-05-03,2026,5,3,chokepoint10,Oresund Strait,7,7,22,2,10,38,48,24408,6992,51716,0,25130,83117,108247,26482
2026-05-04,2026,5,4,chokepoint10,Oresund Strait,7,5,13,5,10,30,40,15840,4038,23413,3014,22290,46306,68597,26483
2026-05-05,2026,5,5,chokepoint10,Oresund Strait,7,7,21,2,7,37,44,8198,15977,35252,1888,20613,61317,81930,26484
2026-05-06,2026,5,6,chokepoint10,Oresund Strait,2,6,17,2,8,27,35,2236,65159,28423,1889,16153,97709,113863,26485
2026-05-07,2026,5,7,chokepoint10,Oresund Strait,4,8,18,2,9,32,41,4495,6092,35397,0,49749,45984,95734,26486
2026-05-08,2026,5,8,chokepoint10,Oresund Strait,7,7,21,2,11,37,48,9487,2360,27944,1671,63001,41463,104465,26487
2026-05-09,2026,5,9,chokepoint10,Oresund Strait,7,6,30,3,11,46,57,17233,36819,47043,2392,23231,103489,126721,26488
2026-05-10,2026,5,10,chokepoint10,Oresund Strait,5,10,17,4,17,36,53,15763,70514,25106,5952,35291,117336,152628,26489
2026-05-11,2026,5,11,chokepoint10,Oresund Strait,6,4,21,2,10,33,43,10425,0,41887,1410,17854,53723,71577,26490
2026-05-12,2026,5,12,chokepoint10,Oresund Strait,8,8,20,1,13,37,50,18836,96643,20265,1647,22568,137392,159960,26491
2026-05-13,2026,5,13,chokepoint10,Oresund Strait,1,3,21,2,8,27,35,2119,2268,40156,3272,16264,47817,64082,26492
2026-05-14,2026,5,14,chokepoint10,Oresund Strait,6,5,18,0,10,29,39,10221,4727,27455,0,4522,42404,46927,26493
2026-05-15,2026,5,15,chokepoint10,Oresund Strait,5,7,18,3,11,33,44,8919,65704,35448,2650,10853,112723,123577,26494
2026-05-16,2026,5,16,chokepoint10,Oresund Strait,8,7,16,5,12,36,48,16902,23879,33923,4361,26594,79067,105661,26495
2026-05-17,2026,5,17,chokepoint10,Oresund Strait,6,6,16,2,5,30,35,17742,0,22419,2407,6174,42569,48743,26496
2026-05-18,2026,5,18,chokepoint10,Oresund Strait,2,10,27,2,14,41,55,5914,112251,54129,1343,18292,173639,191931,26497
2026-05-19,2026,5,19,chokepoint10,Oresund Strait,7,5,18,1,6,31,37,15647,23301,36894,0,12935,75843,88778,26498
2026-05-20,2026,5,20,chokepoint10,Oresund Strait,2,6,22,4,7,34,41,4685,33679,38784,4804,19952,81954,101906,26499
2026-05-21,2026,5,21,chokepoint10,Oresund Strait,7,4,25,1,4,37,41,13254,0,38613,0,0,51868,51868,26500
2026-05-22,2026,5,22,chokepoint10,Oresund Strait,4,10,25,2,11,41,52,7051,30798,45258,29,18312,83137,101450,26501
2026-05-23,2026,5,23,chokepoint10,Oresund Strait,8,7,22,3,12,40,52,15159,25367,33005,5033,27400,78566,105966,26502
2026-05-24,2026,5,24,chokepoint10,Oresund Strait,4,5,15,3,10,27,37,8325,7882,28503,3071,64404,47782,112187,26503
2026-05-25,2026,5,25,chokepoint10,Oresund Strait,3,7,15,4,3,29,32,8158,85663,19000,1764,7496,114587,122083,26504
2026-05-26,2026,5,26,chokepoint10,Oresund Strait,3,5,15,3,6,26,32,4003,47235,24414,4938,16293,80591,96885,26505
2026-05-27,2026,5,27,chokepoint10,Oresund Strait,7,8,17,2,9,34,43,11076,68729,33288,5015,18967,118109,137077,26506
2026-05-28,2026,5,28,chokepoint10,Oresund Strait,3,4,13,2,13,22,35,4268,2451,15424,0,15810,22144,37955,26507
2026-05-29,2026,5,29,chokepoint10,Oresund Strait,7,1,12,2,13,22,35,33349,76108,17664,0,23358,127122,150480,26508
2026-05-30,2026,5,30,chokepoint10,Oresund Strait,6,5,24,3,9,38,47,13491,0,56168,6780,23877,76441,100318,26509
2026-05-31,2026,5,31,chokepoint10,Oresund Strait,5,7,22,1,10,35,45,5180,4727,35897,0,30110,45805,75916,26510
2026-05-01,2026,5,1,chokepoint11,Taiwan Strait,77,86,34,15,55,212,267,1712390,3913323,154522,39245,1499888,5819482,7319370,31658
2026-05-02,2026,5,2,chokepoint11,Taiwan Strait,109,78,37,8,53,232,285,2720484,2753635,188855,27183,696281,5690159,6386441,31659
2026-05-03,2026,5,3,chokepoint11,Taiwan Strait,98,80,27,7,37,212,249,1830986,4184986,125564,23477,484797,6165015,6649813,31660
2026-05-04,2026,5,4,chokepoint11,Taiwan Strait,98,77,26,8,51,209,260,2034790,3870005,150830,23067,513921,6078693,6592614,31661
2026-05-05,2026,5,5,chokepoint11,Taiwan Strait,107,57,22,8,44,194,238,2726957,3179460,110112,25861,915335,6042390,6957726,31662
2026-05-06,2026,5,6,chokepoint11,Taiwan Strait,84,83,37,5,47,209,256,2308623,3548153,170474,15718,642263,6042970,6685233,31663
2026-05-07,2026,5,7,chokepoint11,Taiwan Strait,79,80,21,3,45,183,228,1546151,3860884,110284,3588,511615,5520909,6032524,31664
2026-05-08,2026,5,8,chokepoint11,Taiwan Strait,92,56,35,2,31,185,216,2254094,3305396,300573,14595,506821,5874660,6381481,31665
2026-05-09,2026,5,9,chokepoint11,Taiwan Strait,86,71,22,5,40,184,224,1777860,3374453,118400,8981,594197,5279694,5873891,31666
2026-05-10,2026,5,10,chokepoint11,Taiwan Strait,99,73,24,8,50,204,254,2090678,3739974,117907,31130,564932,5979691,6544623,31667
2026-05-11,2026,5,11,chokepoint11,Taiwan Strait,80,65,28,3,49,176,225,1766576,2693990,158594,11587,785683,4630749,5416433,31668
2026-05-12,2026,5,12,chokepoint11,Taiwan Strait,100,72,46,11,49,229,278,1744570,3123975,289516,37010,748839,5195072,5943912,31669
2026-05-13,2026,5,13,chokepoint11,Taiwan Strait,81,65,28,8,35,182,217,1682022,3515100,126134,10483,442521,5333740,5776261,31670
2026-05-14,2026,5,14,chokepoint11,Taiwan Strait,85,73,30,6,47,194,241,2295711,3367252,127926,17959,393005,5808849,6201855,31671
2026-05-15,2026,5,15,chokepoint11,Taiwan Strait,87,62,39,5,53,193,246,2131069,3095311,155513,5750,1131444,5387643,6519088,31672
2026-05-16,2026,5,16,chokepoint11,Taiwan Strait,86,78,25,4,45,193,238,1877735,3545791,177018,7086,768554,5607631,6376186,31673
2026-05-17,2026,5,17,chokepoint11,Taiwan Strait,109,84,39,5,47,237,284,2100681,3451588,347762,4664,898325,5904697,6803022,31674
2026-05-18,2026,5,18,chokepoint11,Taiwan Strait,98,84,35,10,56,227,283,2121165,4359535,134251,22411,1036887,6637363,7674250,31675
2026-05-19,2026,5,19,chokepoint11,Taiwan Strait,91,70,23,9,44,193,237,2132554,3345486,121566,39020,734536,5638627,6373164,31676
2026-05-20,2026,5,20,chokepoint11,Taiwan Strait,107,72,24,3,47,206,253,2145614,3217836,165506,6261,1059023,5535220,6594243,31677
2026-05-21,2026,5,21,chokepoint11,Taiwan Strait,83,50,41,5,46,179,225,1956317,3012132,258865,26181,544534,5253495,5798029,31678
2026-05-22,2026,5,22,chokepoint11,Taiwan Strait,77,67,38,7,45,189,234,1628051,3443861,201590,14531,634232,5288034,5922266,31679
2026-05-23,2026,5,23,chokepoint11,Taiwan Strait,92,49,27,2,47,170,217,2176218,2965698,122019,1310,421880,5265246,5687126,31680
2026-05-24,2026,5,24,chokepoint11,Taiwan Strait,87,63,25,9,51,184,235,1841448,3257709,171178,23581,543618,5293917,5837536,31681
2026-05-25,2026,5,25,chokepoint11,Taiwan Strait,69,70,27,8,41,174,215,1357240,2591957,122206,24454,359043,4095858,4454902,31682
2026-05-26,2026,5,26,chokepoint11,Taiwan Strait,109,71,23,4,45,207,252,2082313,3011437,149332,12350,584638,5255433,5840071,31683
2026-05-27,2026,5,27,chokepoint11,Taiwan Strait,87,64,20,7,51,178,229,2050007,3211094,184253,1030,632239,5446385,6078625,31684
2026-05-28,2026,5,28,chokepoint11,Taiwan Strait,77,87,30,6,45,200,245,1813831,3542494,168470,17578,579551,5542375,6121926,31685
2026-05-29,2026,5,29,chokepoint11,Taiwan Strait,80,73,36,9,52,198,250,1799197,3566549,191493,22797,684419,5580039,6264458,31686
2026-05-30,2026,5,30,chokepoint11,Taiwan Strait,88,77,36,2,56,203,259,1765969,3277499,235448,1533,916085,5280450,6196535,31687
2026-05-31,2026,5,31,chokepoint11,Taiwan Strait,102,100,31,11,62,244,306,2518360,6607446,127526,19152,638053,9272487,9910540,31688
2026-05-01,2026,5,1,chokepoint12,Korea Strait,68,40,50,8,55,166,221,1108331,1693156,116127,25121,603392,2942737,3546130,33624
2026-05-02,2026,5,2,chokepoint12,Korea Strait,64,41,44,11,48,160,208,1299931,998034,121366,33751,599688,2453083,3052771,33625
2026-05-03,2026,5,3,chokepoint12,Korea Strait,66,43,31,3,37,143,180,1131128,1196516,127609,13991,606533,2469246,3075780,33626
2026-05-04,2026,5,4,chokepoint12,Korea Strait,59,36,56,5,53,156,209,1170902,1047238,162386,6140,635111,2386668,3021779,33627
2026-05-05,2026,5,5,chokepoint12,Korea Strait,46,43,48,6,46,143,189,881191,911742,94818,4550,313564,1892303,2205867,33628
2026-05-06,2026,5,6,chokepoint12,Korea Strait,45,34,53,7,46,139,185,1068697,901878,127605,35430,557117,2133611,2690729,33629
2026-05-07,2026,5,7,chokepoint12,Korea Strait,53,33,39,7,44,132,176,1181304,984239,91124,3334,793834,2260003,3053838,33630
2026-05-08,2026,5,8,chokepoint12,Korea Strait,52,25,51,6,43,134,177,780828,871895,98168,2643,388152,1753535,2141688,33631
2026-05-09,2026,5,9,chokepoint12,Korea Strait,51,45,49,12,49,157,206,865056,1482945,92880,8524,844088,2449406,3293495,33632
2026-05-10,2026,5,10,chokepoint12,Korea Strait,62,35,62,9,68,168,236,1271935,898943,128617,11054,1200015,2310551,3510566,33633
2026-05-11,2026,5,11,chokepoint12,Korea Strait,55,38,46,4,36,143,179,1026948,1276423,96749,6679,622706,2406800,3029507,33634
2026-05-12,2026,5,12,chokepoint12,Korea Strait,50,36,49,17,60,152,212,1008725,948094,92817,24389,1318650,2074027,3392678,33635
2026-05-13,2026,5,13,chokepoint12,Korea Strait,57,48,51,7,42,163,205,934834,1616424,97538,5928,380013,2654726,3034739,33636
2026-05-14,2026,5,14,chokepoint12,Korea Strait,53,37,46,11,53,147,200,1130252,1096964,116652,27903,1195525,2371772,3567298,33637
2026-05-15,2026,5,15,chokepoint12,Korea Strait,62,52,65,9,50,188,238,1328538,1491964,127422,27754,577974,2975680,3553655,33638
2026-05-16,2026,5,16,chokepoint12,Korea Strait,59,44,60,7,47,170,217,1132225,1338280,122108,15607,503013,2608222,3111235,33639
2026-05-17,2026,5,17,chokepoint12,Korea Strait,60,44,51,8,58,163,221,1016781,802509,99720,22065,1142534,1941077,3083612,33640
2026-05-18,2026,5,18,chokepoint12,Korea Strait,57,41,44,9,51,151,202,1127275,1119226,74333,12142,773998,2332979,3106977,33641
2026-05-19,2026,5,19,chokepoint12,Korea Strait,49,49,47,8,61,153,214,835648,1401144,80197,8427,881983,2325417,3207401,33642
2026-05-20,2026,5,20,chokepoint12,Korea Strait,61,47,50,12,56,170,226,1372979,1313041,95042,10559,907734,2791622,3699357,33643
2026-05-21,2026,5,21,chokepoint12,Korea Strait,53,41,50,7,50,151,201,999114,1501434,114902,6117,674331,2621568,3295900,33644
2026-05-22,2026,5,22,chokepoint12,Korea Strait,61,40,56,9,62,166,228,1249189,940288,94625,16276,510065,2300380,2810445,33645
2026-05-23,2026,5,23,chokepoint12,Korea Strait,62,35,54,11,49,162,211,1197079,937887,113911,14581,569954,2263460,2833415,33646
2026-05-24,2026,5,24,chokepoint12,Korea Strait,61,41,47,12,56,161,217,992858,1307448,118908,12118,867816,2431333,3299149,33647
2026-05-25,2026,5,25,chokepoint12,Korea Strait,56,44,46,8,55,154,209,962251,1427858,97427,14165,1095626,2501703,3597329,33648
2026-05-26,2026,5,26,chokepoint12,Korea Strait,38,29,60,11,47,138,185,653818,830014,148280,30625,629460,1662739,2292199,33649
2026-05-27,2026,5,27,chokepoint12,Korea Strait,52,33,53,9,65,147,212,875274,1113612,115609,27375,592504,2131872,2724376,33650
2026-05-28,2026,5,28,chokepoint12,Korea Strait,57,35,65,14,68,171,239,950629,1771853,130242,17120,1139066,2869845,4008911,33651
2026-05-29,2026,5,29,chokepoint12,Korea Strait,68,53,57,7,59,185,244,1423332,1017085,156463,14141,1109018,2611021,3720040,33652
2026-05-30,2026,5,30,chokepoint12,Korea Strait,56,57,62,9,57,184,241,845057,2586998,163064,18187,986077,3613306,4599384,33653
2026-05-31,2026,5,31,chokepoint12,Korea Strait,74,49,73,9,57,205,262,1488184,1638072,225713,19422,1158851,3371392,4530244,33654
2026-05-01,2026,5,1,chokepoint13,Tsugaru Strait,10,14,7,1,5,32,37,443166,421409,34708,2031,57554,901315,958870,37614
2026-05-02,2026,5,2,chokepoint13,Tsugaru Strait,18,13,2,1,7,34,41,741286,215039,0,3881,65592,960207,1025800,37615
2026-05-03,2026,5,3,chokepoint13,Tsugaru Strait,8,15,13,4,14,40,54,433495,620752,15449,20440,188587,1090137,1278725,37616
2026-05-04,2026,5,4,chokepoint13,Tsugaru Strait,7,5,7,1,7,20,27,269105,186143,39780,0,198216,495029,693245,37617
2026-05-05,2026,5,5,chokepoint13,Tsugaru Strait,12,6,3,3,11,24,35,467304,281871,4250,14313,243731,767738,1011470,37618
2026-05-06,2026,5,6,chokepoint13,Tsugaru Strait,8,9,9,2,10,28,38,257479,356743,10870,4954,17998,630048,648046,37619
2026-05-07,2026,5,7,chokepoint13,Tsugaru Strait,12,13,6,3,8,34,42,609939,210235,32495,2031,61577,854701,916279,37620
2026-05-08,2026,5,8,chokepoint13,Tsugaru Strait,15,15,13,3,10,46,56,622308,412193,15926,5456,273760,1055885,1329646,37621
2026-05-09,2026,5,9,chokepoint13,Tsugaru Strait,8,10,8,1,13,27,40,451755,346773,31300,4343,129857,834172,964030,37622
2026-05-10,2026,5,10,chokepoint13,Tsugaru Strait,12,15,12,3,16,42,58,358986,557165,10138,10746,180962,937036,1117998,37623
2026-05-11,2026,5,11,chokepoint13,Tsugaru Strait,12,15,5,4,11,36,47,347892,781181,2050,2031,384847,1133155,1518003,37624
2026-05-12,2026,5,12,chokepoint13,Tsugaru Strait,10,8,9,6,13,33,46,518222,247692,9834,19502,49089,795251,844341,37625
2026-05-13,2026,5,13,chokepoint13,Tsugaru Strait,9,19,7,2,16,37,53,383507,798937,8444,3430,262650,1194320,1456970,37626
2026-05-14,2026,5,14,chokepoint13,Tsugaru Strait,14,17,10,0,16,41,57,705893,562820,15251,0,183003,1283965,1466969,37627
2026-05-15,2026,5,15,chokepoint13,Tsugaru Strait,9,15,9,5,10,38,48,252456,415974,8234,3078,338782,679743,1018526,37628
2026-05-16,2026,5,16,chokepoint13,Tsugaru Strait,19,19,12,8,13,58,71,812938,555368,35555,37265,527086,1441127,1968214,37629
2026-05-17,2026,5,17,chokepoint13,Tsugaru Strait,10,19,5,2,15,36,51,363010,687261,4906,502,96232,1055681,1151913,37630
2026-05-18,2026,5,18,chokepoint13,Tsugaru Strait,12,16,8,6,14,42,56,422081,608239,12678,8833,371066,1051834,1422900,37631
2026-05-19,2026,5,19,chokepoint13,Tsugaru Strait,11,13,6,5,20,35,55,422117,340986,9857,14105,457607,787067,1244675,37632
2026-05-20,2026,5,20,chokepoint13,Tsugaru Strait,13,17,10,1,14,41,55,550324,607011,13824,1643,151235,1172803,1324038,37633
2026-05-21,2026,5,21,chokepoint13,Tsugaru Strait,11,15,8,3,14,37,51,461478,525694,12973,4801,144058,1004948,1149006,37634
2026-05-22,2026,5,22,chokepoint13,Tsugaru Strait,15,12,12,5,9,44,53,579773,344172,13507,14676,119653,952130,1071784,37635
2026-05-23,2026,5,23,chokepoint13,Tsugaru Strait,15,6,7,3,9,31,40,503581,142214,5865,6640,151388,658301,809689,37636
2026-05-24,2026,5,24,chokepoint13,Tsugaru Strait,11,10,10,4,14,35,49,537443,310019,13405,15802,274578,876671,1151250,37637
2026-05-25,2026,5,25,chokepoint13,Tsugaru Strait,10,19,12,3,11,44,55,602833,759400,9286,8460,176034,1379981,1556015,37638
2026-05-26,2026,5,26,chokepoint13,Tsugaru Strait,8,17,5,5,13,35,48,208239,431700,3370,5774,189369,649085,838454,37639
2026-05-27,2026,5,27,chokepoint13,Tsugaru Strait,11,15,6,5,15,37,52,450644,522788,5318,966,477477,979717,1457195,37640
2026-05-28,2026,5,28,chokepoint13,Tsugaru Strait,6,14,11,3,12,34,46,287548,871058,22956,12400,332554,1193964,1526519,37641
2026-05-29,2026,5,29,chokepoint13,Tsugaru Strait,13,8,5,1,10,27,37,453092,372507,10459,4258,189328,840318,1029647,37642
2026-05-30,2026,5,30,chokepoint13,Tsugaru Strait,10,10,7,2,9,29,38,331754,339531,7842,14366,36984,693494,730478,37643
2026-05-31,2026,5,31,chokepoint13,Tsugaru Strait,16,14,9,2,17,41,58,603494,361780,8647,0,343828,973921,1317750,37644
2026-05-10,2026,5,10,chokepoint14,Luzon Strait,13,45,5,4,18,67,85,180647,4687553,35973,7014,579366,4911188,5490555,38190
2026-05-11,2026,5,11,chokepoint14,Luzon Strait,13,47,5,2,35,67,102,306994,4776642,26837,8553,1556963,5119026,6675990,38404
2026-05-12,2026,5,12,chokepoint14,Luzon Strait,4,33,6,3,25,46,71,129362,2857453,57278,2504,761929,3046598,3808528,38405
2026-05-13,2026,5,13,chokepoint14,Luzon Strait,13,33,7,3,18,56,74,227326,3179403,49434,2605,939273,3458770,4398044,38406
2026-05-14,2026,5,14,chokepoint14,Luzon Strait,10,42,3,4,29,59,88,233529,3875094,12471,16566,1017589,4137663,5155252,38407
2026-05-15,2026,5,15,chokepoint14,Luzon Strait,10,37,9,2,25,58,83,250053,3520669,82275,0,1997664,3852999,5850663,38408
2026-05-16,2026,5,16,chokepoint14,Luzon Strait,14,40,5,5,33,64,97,577688,4250725,23432,14558,2219861,4866404,7086265,38409
2026-05-17,2026,5,17,chokepoint14,Luzon Strait,4,34,3,5,23,46,69,188936,2610159,13535,6492,1829120,2819124,4648244,38410
2026-05-18,2026,5,18,chokepoint14,Luzon Strait,14,45,11,5,33,75,108,356256,4476915,65527,12621,2007393,4911320,6918714,38411
2026-05-19,2026,5,19,chokepoint14,Luzon Strait,16,44,5,2,24,67,91,268853,4171202,50698,0,1127976,4490755,5618731,38412
2026-05-20,2026,5,20,chokepoint14,Luzon Strait,11,48,8,1,34,68,102,152497,4994059,41125,0,1761703,5187682,6949385,38413
2026-05-21,2026,5,21,chokepoint14,Luzon Strait,9,41,8,5,35,63,98,275874,4405995,55120,18362,1907111,4755352,6662463,38414
2026-05-22,2026,5,22,chokepoint14,Luzon Strait,9,40,11,9,30,69,99,162208,4067807,44610,27460,913520,4302087,5215607,38415
2026-05-23,2026,5,23,chokepoint14,Luzon Strait,12,50,4,6,36,72,108,395591,5565695,23269,29681,1620273,6014237,7634511,38416
2026-05-24,2026,5,24,chokepoint14,Luzon Strait,12,52,14,1,25,79,104,341820,3868762,88578,0,1105957,4299161,5405119,38417
2026-05-25,2026,5,25,chokepoint14,Luzon Strait,13,46,1,4,23,64,87,319094,4224883,4466,2944,1436617,4551390,5988007,38418
2026-05-26,2026,5,26,chokepoint14,Luzon Strait,10,51,9,2,29,72,101,276501,4978529,62096,4159,1860291,5321286,7181578,38419
2026-05-27,2026,5,27,chokepoint14,Luzon Strait,10,44,5,2,19,61,80,201290,3299707,44681,8481,1159563,3554160,4713723,38420
2026-05-28,2026,5,28,chokepoint14,Luzon Strait,11,51,4,3,31,69,100,233357,4312874,32674,4288,1646292,4583195,6229488,38421
2026-05-29,2026,5,29,chokepoint14,Luzon Strait,7,48,4,3,25,62,87,124550,3173874,49771,6046,521267,3354242,3875510,38422
2026-05-30,2026,5,30,chokepoint14,Luzon Strait,7,36,1,2,18,46,64,165725,3966255,4906,9289,674986,4146176,4821163,38423
2026-05-31,2026,5,31,chokepoint14,Luzon Strait,2,29,0,1,28,32,60,57255,2899725,0,1554,1883632,2958534,4842166,38424
2026-05-01,2026,5,1,chokepoint14,Luzon Strait,10,36,6,6,30,58,88,287205,2577770,37361,27234,1351250,2929572,4280823,39592
2026-05-02,2026,5,2,chokepoint14,Luzon Strait,16,40,2,6,20,64,84,462479,4037372,5991,18144,1242307,4523987,5766295,39593
2026-05-03,2026,5,3,chokepoint14,Luzon Strait,12,35,5,4,28,56,84,438504,3494119,55490,4771,1538008,3992885,5530893,39594
2026-05-04,2026,5,4,chokepoint14,Luzon Strait,8,40,4,5,15,57,72,145741,3108793,10773,10180,686179,3275489,3961668,39595
2026-05-05,2026,5,5,chokepoint14,Luzon Strait,9,35,6,2,16,52,68,170738,3465852,20829,0,525237,3657419,4182657,39596
2026-05-06,2026,5,6,chokepoint14,Luzon Strait,16,43,5,3,27,67,94,379091,3947682,40894,8861,1277148,4376529,5653678,39597
2026-05-07,2026,5,7,chokepoint14,Luzon Strait,10,31,7,2,23,50,73,153200,3425313,56930,10392,1720526,3645837,5366363,39598
2026-05-08,2026,5,8,chokepoint14,Luzon Strait,10,36,4,4,16,54,70,374375,2468676,24174,6492,615107,2873719,3488826,39599
2026-05-09,2026,5,9,chokepoint14,Luzon Strait,11,40,3,7,21,61,82,287243,4047889,20946,14602,1310370,4370682,5681052,39600
2026-05-01,2026,5,1,chokepoint15,Lombok Strait,0,30,1,1,6,32,38,0,2821659,0,4210,52065,2825870,2877936,41170
2026-05-02,2026,5,2,chokepoint15,Lombok Strait,1,23,1,0,12,25,37,1947,2181805,13619,0,339986,2197373,2537359,41171
2026-05-03,2026,5,3,chokepoint15,Lombok Strait,0,36,5,0,8,41,49,0,3760786,29676,0,174490,3790463,3964954,41172
2026-05-04,2026,5,4,chokepoint15,Lombok Strait,0,26,3,0,12,29,41,0,3459527,2815,0,498473,3462343,3960816,41173
2026-05-05,2026,5,5,chokepoint15,Lombok Strait,0,26,2,4,9,32,41,0,3907511,22735,7556,62548,3937803,4000352,41174
2026-05-06,2026,5,6,chokepoint15,Lombok Strait,0,23,2,0,7,25,32,0,2211973,961,0,169432,2212934,2382367,41175
2026-05-07,2026,5,7,chokepoint15,Lombok Strait,0,31,1,0,8,32,40,0,2842084,15108,0,85277,2857193,2942470,41176
2026-05-08,2026,5,8,chokepoint15,Lombok Strait,1,25,2,0,7,28,35,6938,2338056,0,0,98924,2344995,2443919,41177
2026-05-09,2026,5,9,chokepoint15,Lombok Strait,1,28,0,0,7,29,36,2201,2613663,0,0,108864,2615865,2724730,41178
2026-05-10,2026,5,10,chokepoint15,Lombok Strait,0,27,4,0,9,31,40,0,2327732,7550,0,394773,2335283,2730057,41179
2026-05-11,2026,5,11,chokepoint15,Lombok Strait,0,19,2,0,7,21,28,0,1835949,8760,0,124770,1844709,1969480,41180
2026-05-12,2026,5,12,chokepoint15,Lombok Strait,0,28,1,0,7,29,36,0,3840673,961,0,145572,3841635,3987207,41181
2026-05-13,2026,5,13,chokepoint15,Lombok Strait,0,21,1,0,7,22,29,0,2569168,4536,0,61704,2573704,2635408,41182
2026-05-14,2026,5,14,chokepoint15,Lombok Strait,0,33,3,1,9,37,46,0,2742641,26364,0,81024,2769005,2850030,41183
2026-05-15,2026,5,15,chokepoint15,Lombok Strait,0,23,0,0,8,23,31,0,1932756,0,0,116742,1932756,2049499,41184
2026-05-16,2026,5,16,chokepoint15,Lombok Strait,1,32,4,0,5,37,42,2074,3980393,20578,0,180740,4003046,4183787,41185
2026-05-17,2026,5,17,chokepoint15,Lombok Strait,0,30,0,0,8,30,38,0,2526608,0,0,87437,2526608,2614045,41186
2026-05-18,2026,5,18,chokepoint15,Lombok Strait,0,28,2,0,10,30,40,0,2391891,5003,0,65948,2396895,2462843,41187
2026-05-19,2026,5,19,chokepoint15,Lombok Strait,0,24,4,1,13,29,42,0,2446647,5475,3920,133717,2456044,2589761,41188
2026-05-20,2026,5,20,chokepoint15,Lombok Strait,0,25,0,0,4,25,29,0,2529155,0,0,86516,2529155,2615672,41189
2026-05-21,2026,5,21,chokepoint15,Lombok Strait,0,26,0,0,7,26,33,0,2578791,0,0,152691,2578791,2731483,41190
2026-05-22,2026,5,22,chokepoint15,Lombok Strait,0,36,2,0,9,38,47,0,5534498,4310,0,100684,5538808,5639493,41191
2026-05-23,2026,5,23,chokepoint15,Lombok Strait,1,30,1,0,9,32,41,2201,3232738,2065,0,190006,3237005,3427012,41192
2026-05-24,2026,5,24,chokepoint15,Lombok Strait,0,27,1,0,7,28,35,0,2871622,3416,0,139538,2875039,3014577,41193
2026-05-25,2026,5,25,chokepoint15,Lombok Strait,1,17,0,0,5,18,23,0,1796172,0,0,139715,1796172,1935887,41194
2026-05-26,2026,5,26,chokepoint15,Lombok Strait,0,32,0,0,11,32,43,0,4362919,0,0,373408,4362919,4736328,41195
2026-05-27,2026,5,27,chokepoint15,Lombok Strait,0,30,2,1,5,33,38,0,3429679,6212,0,45814,3435891,3481706,41196
2026-05-28,2026,5,28,chokepoint15,Lombok Strait,0,33,1,0,5,34,39,0,4164204,3420,0,207952,4167624,4375577,41197
2026-05-29,2026,5,29,chokepoint15,Lombok Strait,0,32,0,0,9,32,41,0,4572558,0,0,245253,4572558,4817811,41198
2026-05-30,2026,5,30,chokepoint15,Lombok Strait,1,33,0,0,4,34,38,28783,2117913,0,0,43659,2146697,2190356,41199
2026-05-31,2026,5,31,chokepoint15,Lombok Strait,2,31,1,1,7,35,42,3019,2080110,2070,267,43132,2085467,2128600,41200
2026-05-01,2026,5,1,chokepoint16,Ombai Strait,3,5,3,0,0,11,11,124164,1432150,7987,0,0,1564302,1564302,45548
2026-05-02,2026,5,2,chokepoint16,Ombai Strait,0,6,1,0,3,7,10,0,1505542,10325,0,34738,1515867,1550605,45549
2026-05-03,2026,5,3,chokepoint16,Ombai Strait,1,5,0,0,4,6,10,0,546554,0,0,51194,546554,597748,45550
2026-05-04,2026,5,4,chokepoint16,Ombai Strait,1,3,0,0,2,4,6,2744,203964,0,0,69864,206708,276572,45551
2026-05-05,2026,5,5,chokepoint16,Ombai Strait,1,2,0,0,0,3,3,8273,0,0,0,0,8273,8273,45552
2026-05-06,2026,5,6,chokepoint16,Ombai Strait,1,3,0,0,2,4,6,3889,110606,0,0,0,114495,114495,45553
2026-05-07,2026,5,7,chokepoint16,Ombai Strait,0,5,1,0,5,6,11,0,677633,4587,0,305489,682220,987710,45554
2026-05-08,2026,5,8,chokepoint16,Ombai Strait,3,3,0,0,2,6,8,63783,455419,0,0,0,519203,519203,45555
2026-05-09,2026,5,9,chokepoint16,Ombai Strait,0,4,1,0,4,5,9,0,1586670,2965,0,233176,1589636,1822812,45556
2026-05-10,2026,5,10,chokepoint16,Ombai Strait,0,1,0,0,3,1,4,0,0,0,0,0,0,0,45557
2026-05-11,2026,5,11,chokepoint16,Ombai Strait,0,3,0,0,3,3,6,0,1408425,0,0,190127,1408425,1598553,45558
2026-05-12,2026,5,12,chokepoint16,Ombai Strait,3,3,0,1,3,7,10,42984,282157,0,3315,4075,328456,332531,45559
2026-05-13,2026,5,13,chokepoint16,Ombai Strait,1,3,1,0,11,5,16,27483,203803,4260,0,238221,235547,473768,45560
2026-05-14,2026,5,14,chokepoint16,Ombai Strait,2,4,2,0,1,8,9,25757,1855104,5823,0,43782,1886685,1930467,45561
2026-05-15,2026,5,15,chokepoint16,Ombai Strait,1,3,0,0,1,4,5,7255,1034533,0,0,0,1041788,1041788,45562
2026-05-16,2026,5,16,chokepoint16,Ombai Strait,1,5,1,0,7,7,14,40042,136969,0,0,273400,177012,450412,45563
2026-05-17,2026,5,17,chokepoint16,Ombai Strait,1,7,1,0,2,9,11,6938,662860,3227,0,0,673026,673026,45564
2026-05-18,2026,5,18,chokepoint16,Ombai Strait,1,4,2,0,1,7,8,8821,320660,2755,0,0,332237,332237,45565
2026-05-19,2026,5,19,chokepoint16,Ombai Strait,1,8,0,0,5,9,14,29090,482369,0,0,181475,511459,692935,45566
2026-05-20,2026,5,20,chokepoint16,Ombai Strait,1,3,0,0,1,4,5,29574,13463,0,0,0,43038,43038,45567
2026-05-21,2026,5,21,chokepoint16,Ombai Strait,3,5,1,0,3,9,12,80527,1903155,1383,0,10941,1985065,1996007,45568
2026-05-22,2026,5,22,chokepoint16,Ombai Strait,1,1,0,0,5,2,7,4756,0,0,0,57526,4756,62283,45569
2026-05-23,2026,5,23,chokepoint16,Ombai Strait,2,3,0,0,4,5,9,42897,0,0,0,87798,42897,130695,45570
2026-05-24,2026,5,24,chokepoint16,Ombai Strait,0,4,2,0,2,6,8,0,1305690,19225,0,76090,1324915,1401005,45571
2026-05-25,2026,5,25,chokepoint16,Ombai Strait,1,8,0,1,4,10,14,0,1463133,0,3369,120439,1466502,1586942,45572
2026-05-26,2026,5,26,chokepoint16,Ombai Strait,1,2,0,0,1,3,4,22932,0,0,0,0,22932,22932,45573
2026-05-27,2026,5,27,chokepoint16,Ombai Strait,4,7,0,1,3,12,15,66554,439825,0,0,55572,506379,561952,45574
2026-05-28,2026,5,28,chokepoint16,Ombai Strait,0,2,0,0,5,2,7,0,228930,0,0,0,228930,228930,45575
2026-05-29,2026,5,29,chokepoint16,Ombai Strait,0,5,0,0,1,5,6,0,496131,0,0,0,496131,496131,45576
2026-05-30,2026,5,30,chokepoint16,Ombai Strait,0,4,0,0,2,4,6,0,190211,0,0,0,190211,190211,45577
2026-05-31,2026,5,31,chokepoint16,Ombai Strait,0,3,3,1,3,7,10,0,46503,10393,409,147449,57305,204755,45578
2026-05-01,2026,5,1,chokepoint17,Bohai Strait,17,93,20,0,30,130,160,210572,5570034,126103,0,373406,5906710,6280117,46727
2026-05-02,2026,5,2,chokepoint17,Bohai Strait,13,95,20,0,28,128,156,292563,4553218,91426,0,402630,4937208,5339838,46728
2026-05-03,2026,5,3,chokepoint17,Bohai Strait,14,77,13,2,23,106,129,324838,5044115,73186,1533,268770,5443674,5712444,46729
2026-05-04,2026,5,4,chokepoint17,Bohai Strait,19,95,20,1,29,135,164,458971,5379300,97160,0,411066,5935432,6346498,46730
2026-05-05,2026,5,5,chokepoint17,Bohai Strait,25,84,13,3,26,125,151,297510,6181812,99184,8287,453641,6586794,7040435,46731
2026-05-06,2026,5,6,chokepoint17,Bohai Strait,15,98,19,0,29,132,161,319703,4772123,58913,0,394811,5150739,5545550,46732
2026-05-07,2026,5,7,chokepoint17,Bohai Strait,20,83,17,4,26,124,150,405766,4558960,33284,17529,338748,5015541,5354289,46733
2026-05-08,2026,5,8,chokepoint17,Bohai Strait,19,107,24,4,29,154,183,348017,6176453,89246,13955,267704,6627672,6895377,46734
2026-05-09,2026,5,9,chokepoint17,Bohai Strait,22,93,19,2,33,136,169,675677,3916328,95376,4912,585094,4692295,5277389,46735
2026-05-10,2026,5,10,chokepoint17,Bohai Strait,19,91,17,1,34,128,162,396368,5132347,131377,6081,576406,5666175,6242581,46736
2026-05-11,2026,5,11,chokepoint17,Bohai Strait,21,79,15,2,31,117,148,527256,4266902,44020,6492,758193,4844671,5602864,46737
2026-05-12,2026,5,12,chokepoint17,Bohai Strait,20,100,21,2,23,143,166,341831,5585529,69329,3899,491900,6000590,6492490,46738
2026-05-13,2026,5,13,chokepoint17,Bohai Strait,23,86,23,1,34,133,167,335312,6595089,63941,874,493397,6995218,7488615,46739
2026-05-14,2026,5,14,chokepoint17,Bohai Strait,25,94,13,2,34,134,168,618996,5369094,51520,8076,482041,6047687,6529729,46740
2026-05-15,2026,5,15,chokepoint17,Bohai Strait,20,111,17,2,20,150,170,330778,7086582,71396,2592,388901,7491349,7880251,46741
2026-05-16,2026,5,16,chokepoint17,Bohai Strait,27,94,23,3,25,147,172,444358,4780658,87088,2835,387282,5314940,5702222,46742
2026-05-17,2026,5,17,chokepoint17,Bohai Strait,21,85,13,1,34,120,154,497606,5683043,67243,3900,448122,6251794,6699917,46743
2026-05-18,2026,5,18,chokepoint17,Bohai Strait,17,95,14,4,26,130,156,219622,4502736,80986,11036,189162,4814381,5003543,46744
2026-05-19,2026,5,19,chokepoint17,Bohai Strait,13,93,17,2,26,125,151,299676,4842544,83284,10596,172179,5236102,5408281,46745
2026-05-20,2026,5,20,chokepoint17,Bohai Strait,21,81,19,1,22,122,144,246796,4928570,104832,1902,717930,5282101,6000032,46746
2026-05-21,2026,5,21,chokepoint17,Bohai Strait,17,106,17,2,29,142,171,650915,7054888,52900,6917,399295,7765621,8164917,46747
2026-05-22,2026,5,22,chokepoint17,Bohai Strait,24,98,21,2,31,145,176,411190,5583727,105518,2660,500309,6103095,6603404,46748
2026-05-23,2026,5,23,chokepoint17,Bohai Strait,24,92,27,0,34,143,177,470428,4831873,106695,0,878541,5408998,6287539,46749
2026-05-24,2026,5,24,chokepoint17,Bohai Strait,22,101,19,2,25,144,169,442147,5444033,61645,1746,595905,5949573,6545478,46750
2026-05-25,2026,5,25,chokepoint17,Bohai Strait,26,94,20,1,25,141,166,616392,4678299,76539,0,414743,5371231,5785974,46751
2026-05-26,2026,5,26,chokepoint17,Bohai Strait,21,89,19,0,25,129,154,426216,4556464,97435,0,363064,5080115,5443179,46752
2026-05-27,2026,5,27,chokepoint17,Bohai Strait,20,84,8,2,38,114,152,459412,5525116,21600,6780,538191,6012911,6551103,46753
2026-05-28,2026,5,28,chokepoint17,Bohai Strait,23,82,32,1,23,138,161,651396,4049784,71156,764,704363,4773101,5477465,46754
2026-05-29,2026,5,29,chokepoint17,Bohai Strait,14,103,17,0,36,134,170,72931,5834624,62556,0,668974,5970112,6639087,46755
2026-05-30,2026,5,30,chokepoint17,Bohai Strait,29,110,26,0,32,165,197,675992,5373015,117877,0,206232,6166885,6373118,46756
2026-05-31,2026,5,31,chokepoint17,Bohai Strait,16,97,21,2,26,136,162,284090,4643172,94296,0,506123,5021560,5527684,46757
2026-05-01,2026,5,1,chokepoint18,Torres Strait,0,5,0,0,3,5,8,0,116797,0,0,0,116797,116797,48304
2026-05-02,2026,5,2,chokepoint18,Torres Strait,1,6,1,2,0,10,10,28456,195093,1605,8320,0,233475,233475,48305
2026-05-03,2026,5,3,chokepoint18,Torres Strait,1,3,0,0,3,4,7,29001,158652,0,0,49167,187653,236820,48306
2026-05-04,2026,5,4,chokepoint18,Torres Strait,2,3,2,0,5,7,12,85560,0,2720,0,144654,88280,232935,48307
2026-05-05,2026,5,5,chokepoint18,Torres Strait,1,4,1,0,4,6,10,26816,161032,0,0,190456,187848,378305,48308
2026-05-06,2026,5,6,chokepoint18,Torres Strait,2,4,1,0,1,7,8,8366,109571,4805,0,0,122743,122743,48309
2026-05-07,2026,5,7,chokepoint18,Torres Strait,0,5,1,0,2,6,8,0,157027,499,0,40593,157527,198121,48310
2026-05-08,2026,5,8,chokepoint18,Torres Strait,3,5,0,0,2,8,10,50797,78722,0,0,40143,129519,169663,48311
2026-05-09,2026,5,9,chokepoint18,Torres Strait,1,5,2,0,2,8,10,28140,122503,7952,0,110575,158596,269171,48312
2026-05-10,2026,5,10,chokepoint18,Torres Strait,1,5,2,0,3,8,11,30382,0,2204,0,39606,32587,72193,48313
2026-05-11,2026,5,11,chokepoint18,Torres Strait,1,3,0,1,2,5,7,25757,75513,0,3800,40881,105071,145953,48314
2026-05-12,2026,5,12,chokepoint18,Torres Strait,2,5,0,0,1,7,8,41939,129078,0,0,0,171018,171018,48315
2026-05-13,2026,5,13,chokepoint18,Torres Strait,0,4,3,0,1,7,8,0,32320,18495,0,40917,50816,91733,48316
2026-05-14,2026,5,14,chokepoint18,Torres Strait,0,5,0,0,0,5,5,0,114155,0,0,0,114155,114155,48317
2026-05-15,2026,5,15,chokepoint18,Torres Strait,1,3,1,1,5,6,11,21864,82070,3141,3315,77553,110392,187946,48318
2026-05-16,2026,5,16,chokepoint18,Torres Strait,1,3,1,0,5,5,10,25960,144228,1318,0,5755,171507,177263,48319
2026-05-17,2026,5,17,chokepoint18,Torres Strait,2,4,2,1,2,9,11,45980,167117,2140,2644,43790,217883,261674,48320
2026-05-18,2026,5,18,chokepoint18,Torres Strait,3,4,0,0,4,7,11,76062,0,0,0,57450,76062,133512,48321
2026-05-19,2026,5,19,chokepoint18,Torres Strait,1,9,2,0,3,12,15,35816,250849,0,0,37203,286665,323869,48322
2026-05-20,2026,5,20,chokepoint18,Torres Strait,0,5,2,0,3,7,10,0,108307,3802,0,79275,112109,191385,48323
2026-05-21,2026,5,21,chokepoint18,Torres Strait,0,5,0,0,1,5,6,0,198773,0,0,11850,198773,210623,48324
2026-05-22,2026,5,22,chokepoint18,Torres Strait,2,6,0,0,0,8,8,54830,202557,0,0,0,257388,257388,48325
2026-05-23,2026,5,23,chokepoint18,Torres Strait,1,8,2,0,1,11,12,30349,77405,4689,0,11532,112444,123976,48326
2026-05-24,2026,5,24,chokepoint18,Torres Strait,4,5,1,0,3,10,13,100709,387160,768,0,14045,488638,502684,48327
2026-05-25,2026,5,25,chokepoint18,Torres Strait,0,3,0,1,3,4,7,0,104628,0,4897,83673,109526,193199,48328
2026-05-26,2026,5,26,chokepoint18,Torres Strait,2,7,1,0,2,10,12,44145,157874,17368,0,0,219388,219388,48329
2026-05-27,2026,5,27,chokepoint18,Torres Strait,2,6,1,1,2,10,12,31753,172335,574,3369,33460,208032,241493,48330
2026-05-28,2026,5,28,chokepoint18,Torres Strait,0,7,1,0,2,8,10,0,165406,2357,0,42536,167763,210299,48331
2026-05-29,2026,5,29,chokepoint18,Torres Strait,1,3,0,0,2,4,6,24183,83970,0,0,31679,108153,139833,48332
2026-05-30,2026,5,30,chokepoint18,Torres Strait,1,6,2,0,2,9,11,29683,129194,5057,0,50864,163936,214800,48333
2026-05-31,2026,5,31,chokepoint18,Torres Strait,2,5,0,0,3,7,10,33329,75435,0,0,55446,108765,164211,48334
2026-05-01,2026,5,1,chokepoint19,Sunda Strait,6,15,6,3,13,30,43,214424,1585137,50815,15384,386834,1865762,2252596,52282
2026-05-02,2026,5,2,chokepoint19,Sunda Strait,7,17,2,3,14,29,43,258770,1706504,14939,11863,438566,1992077,2430644,52283
2026-05-03,2026,5,3,chokepoint19,Sunda Strait,5,12,7,1,15,25,40,66460,1193775,25876,6683,254590,1292795,1547385,52284
2026-05-04,2026,5,4,chokepoint19,Sunda Strait,2,20,2,4,14,28,42,50507,1469070,7712,7812,100030,1535103,1635133,52285
2026-05-05,2026,5,5,chokepoint19,Sunda Strait,3,12,2,0,8,17,25,131476,1015831,9762,0,119978,1157071,1277049,52286
2026-05-06,2026,5,6,chokepoint19,Sunda Strait,3,14,4,0,9,21,30,55317,813144,26348,0,170779,894809,1065589,52287
2026-05-07,2026,5,7,chokepoint19,Sunda Strait,3,6,5,4,16,18,34,71793,352837,8594,6677,126763,439901,566665,52288
2026-05-08,2026,5,8,chokepoint19,Sunda Strait,5,9,6,0,9,20,29,250790,646581,41575,0,147450,938947,1086398,52289
2026-05-09,2026,5,9,chokepoint19,Sunda Strait,5,11,3,1,15,20,35,190759,914483,8560,6952,155727,1120756,1276484,52290
2026-05-10,2026,5,10,chokepoint19,Sunda Strait,5,9,2,1,13,17,30,118143,329644,8562,4184,880224,460534,1340759,52291
2026-05-11,2026,5,11,chokepoint19,Sunda Strait,3,14,5,1,14,23,37,73188,906758,16094,0,193595,996041,1189637,52292
2026-05-12,2026,5,12,chokepoint19,Sunda Strait,4,9,3,3,24,19,43,136368,713402,9461,9500,674694,868733,1543428,52293
2026-05-13,2026,5,13,chokepoint19,Sunda Strait,3,13,2,1,8,19,27,76719,760681,8695,0,760203,846096,1606300,52294
2026-05-14,2026,5,14,chokepoint19,Sunda Strait,2,16,2,0,12,20,32,75844,1763854,10691,0,321676,1850389,2172066,52295
2026-05-15,2026,5,15,chokepoint19,Sunda Strait,5,19,4,2,9,30,39,245057,2269768,1689,5666,89248,2522182,2611430,52296
2026-05-16,2026,5,16,chokepoint19,Sunda Strait,5,14,2,0,13,21,34,45964,701815,16377,0,166723,764157,930881,52297
2026-05-17,2026,5,17,chokepoint19,Sunda Strait,6,15,7,0,14,28,42,173428,653513,44295,0,521263,871236,1392500,52298
2026-05-18,2026,5,18,chokepoint19,Sunda Strait,2,13,2,1,19,18,37,68566,1358141,1966,6263,537929,1434938,1972867,52299
2026-05-19,2026,5,19,chokepoint19,Sunda Strait,1,9,2,1,19,13,32,4425,846541,2526,0,621911,853493,1475405,52300
2026-05-20,2026,5,20,chokepoint19,Sunda Strait,1,12,5,1,16,19,35,3701,615627,10946,0,359611,630275,989887,52301
2026-05-21,2026,5,21,chokepoint19,Sunda Strait,4,9,4,2,10,19,29,148237,723531,24161,4013,411019,899944,1310964,52302
2026-05-22,2026,5,22,chokepoint19,Sunda Strait,7,9,2,0,16,18,34,114008,539710,4006,0,201846,657725,859572,52303
2026-05-23,2026,5,23,chokepoint19,Sunda Strait,4,8,5,2,11,19,30,60268,440039,46004,6492,171023,552804,723827,52304
2026-05-24,2026,5,24,chokepoint19,Sunda Strait,3,13,5,2,6,23,29,159292,835957,10639,2916,66869,1008806,1075676,52305
2026-05-25,2026,5,25,chokepoint19,Sunda Strait,2,12,4,2,15,20,35,110351,908734,49220,4479,507038,1072785,1579823,52306
2026-05-26,2026,5,26,chokepoint19,Sunda Strait,1,13,0,2,13,16,29,2380,747891,0,13876,286567,764148,1050715,52307
2026-05-27,2026,5,27,chokepoint19,Sunda Strait,3,13,6,3,11,25,36,73340,1097873,57689,6461,106647,1235364,1342012,52308
2026-05-28,2026,5,28,chokepoint19,Sunda Strait,4,14,0,0,10,18,28,125749,1297449,0,0,512117,1423199,1935316,52309
2026-05-29,2026,5,29,chokepoint19,Sunda Strait,2,12,6,0,12,20,32,24540,978925,55387,0,101504,1058854,1160358,52310
2026-05-30,2026,5,30,chokepoint19,Sunda Strait,7,15,6,1,17,29,46,208080,1010701,44272,0,96858,1263055,1359913,52311
2026-05-31,2026,5,31,chokepoint19,Sunda Strait,4,8,1,1,17,14,31,170699,907269,0,4713,455310,1082682,1537993,52312
2026-05-01,2026,5,1,chokepoint20,Makassar Strait,1,56,2,0,7,59,66,11657,4345814,7720,0,125359,4365192,4490551,54660
2026-05-02,2026,5,2,chokepoint20,Makassar Strait,0,39,4,0,7,43,50,0,3075596,25530,0,41979,3101126,3143105,54661
2026-05-03,2026,5,3,chokepoint20,Makassar Strait,4,41,4,1,7,50,57,63645,2978256,0,2354,59083,3044256,3103340,54662
2026-05-04,2026,5,4,chokepoint20,Makassar Strait,2,41,2,1,2,46,48,51608,2620913,8859,5201,3340,2686582,2689922,54663
2026-05-05,2026,5,5,chokepoint20,Makassar Strait,0,31,2,0,3,33,36,0,2465383,5513,0,1722,2470896,2472618,54664
2026-05-06,2026,5,6,chokepoint20,Makassar Strait,0,18,0,0,2,18,20,0,1465621,0,0,10268,1465621,1475890,54665
2026-05-07,2026,5,7,chokepoint20,Makassar Strait,2,23,1,1,4,27,31,14947,1693955,0,0,176743,1708903,1885646,54666
2026-05-08,2026,5,8,chokepoint20,Makassar Strait,2,41,2,0,2,45,47,66562,2805561,15108,0,1581,2887232,2888814,54667
2026-05-09,2026,5,9,chokepoint20,Makassar Strait,0,29,1,0,5,30,35,0,2542337,423,0,104141,2542760,2646902,54668
2026-05-10,2026,5,10,chokepoint20,Makassar Strait,0,36,2,0,2,38,40,0,2946331,2560,0,2830,2948891,2951721,54669
2026-05-11,2026,5,11,chokepoint20,Makassar Strait,0,40,4,0,6,44,50,0,2948795,4417,0,5525,2953213,2958738,54670
2026-05-12,2026,5,12,chokepoint20,Makassar Strait,1,28,0,0,4,29,33,14852,2123822,0,0,11420,2138675,2150095,54671
2026-05-13,2026,5,13,chokepoint20,Makassar Strait,2,39,2,0,2,43,45,45364,2199884,17541,0,243390,2262790,2506181,54672
2026-05-14,2026,5,14,chokepoint20,Makassar Strait,2,33,3,0,3,38,41,17342,2572575,799,0,14225,2590718,2604943,54673
2026-05-15,2026,5,15,chokepoint20,Makassar Strait,3,37,3,1,4,44,48,8851,2435812,8659,0,33722,2453322,2487045,54674
2026-05-16,2026,5,16,chokepoint20,Makassar Strait,1,37,4,0,1,42,43,2037,2076457,32465,0,0,2110960,2110960,54675
2026-05-17,2026,5,17,chokepoint20,Makassar Strait,1,35,3,0,3,39,42,5978,1585866,8064,0,18742,1599908,1618651,54676
2026-05-18,2026,5,18,chokepoint20,Makassar Strait,5,51,2,1,3,59,62,47578,5086417,0,3920,84405,5137917,5222323,54677
2026-05-19,2026,5,19,chokepoint20,Makassar Strait,3,41,2,0,3,46,49,45381,3261073,3670,0,0,3310125,3310125,54678
2026-05-20,2026,5,20,chokepoint20,Makassar Strait,3,40,2,0,4,45,49,31236,2977450,5830,0,83281,3014517,3097798,54679
2026-05-21,2026,5,21,chokepoint20,Makassar Strait,3,49,3,0,3,55,58,19326,4489765,13884,0,85566,4522976,4608542,54680
2026-05-22,2026,5,22,chokepoint20,Makassar Strait,0,27,2,0,3,29,32,0,1670752,5294,0,1581,1676046,1677627,54681
2026-05-23,2026,5,23,chokepoint20,Makassar Strait,2,47,2,0,5,51,56,11323,3897979,4003,0,31314,3913305,3944620,54682
2026-05-24,2026,5,24,chokepoint20,Makassar Strait,1,48,1,0,9,50,59,4332,3926052,3700,0,24178,3934085,3958264,54683
2026-05-25,2026,5,25,chokepoint20,Makassar Strait,2,47,3,0,5,52,57,34151,3790560,11261,0,71988,3835972,3907961,54684
2026-05-26,2026,5,26,chokepoint20,Makassar Strait,3,44,3,0,6,50,56,20014,4309723,5408,0,72477,4335147,4407624,54685
2026-05-27,2026,5,27,chokepoint20,Makassar Strait,1,32,2,0,2,35,37,33672,1230860,6814,0,76872,1271348,1348220,54686
2026-05-28,2026,5,28,chokepoint20,Makassar Strait,4,61,1,0,10,66,76,39888,3747546,0,0,128417,3787434,3915851,54687
2026-05-29,2026,5,29,chokepoint20,Makassar Strait,2,42,4,0,7,48,55,14395,2797009,15109,0,102773,2826513,2929287,54688
2026-05-30,2026,5,30,chokepoint20,Makassar Strait,0,39,1,0,4,40,44,0,4265997,16819,0,155882,4282816,4438699,54689
2026-05-31,2026,5,31,chokepoint20,Makassar Strait,2,40,2,0,0,44,44,9393,2752856,7307,0,0,2769558,2769558,54690
2026-05-01,2026,5,1,chokepoint21,Magellan Strait,0,2,0,0,1,2,3,0,31337,0,0,0,31337,31337,58669
2026-05-02,2026,5,2,chokepoint21,Magellan Strait,0,4,0,0,0,4,4,0,230462,0,0,0,230462,230462,58670
2026-05-03,2026,5,3,chokepoint21,Magellan Strait,0,2,0,0,3,2,5,0,35954,0,0,153338,35954,189292,58671
2026-05-04,2026,5,4,chokepoint21,Magellan Strait,0,5,0,0,3,5,8,0,103555,0,0,342839,103555,446394,58672
2026-05-05,2026,5,5,chokepoint21,Magellan Strait,1,5,2,1,2,9,11,30841,175296,4807,3526,35956,214472,250428,58673
2026-05-06,2026,5,6,chokepoint21,Magellan Strait,0,1,0,0,2,1,3,0,52840,0,0,14123,52840,66963,58674
2026-05-07,2026,5,7,chokepoint21,Magellan Strait,0,5,0,0,0,5,5,0,285618,0,0,0,285618,285618,58675
2026-05-08,2026,5,8,chokepoint21,Magellan Strait,0,1,1,0,4,2,6,0,38049,1279,0,24292,39329,63622,58676
2026-05-09,2026,5,9,chokepoint21,Magellan Strait,1,3,0,0,0,4,4,15161,49423,0,0,0,64584,64584,58677
2026-05-10,2026,5,10,chokepoint21,Magellan Strait,0,3,1,0,0,4,4,0,74040,17191,0,0,91231,91231,58678
2026-05-11,2026,5,11,chokepoint21,Magellan Strait,0,3,0,0,0,3,3,0,92228,0,0,0,92228,92228,58679
2026-05-12,2026,5,12,chokepoint21,Magellan Strait,0,0,0,0,0,0,0,0,0,0,0,0,0,0,58680
2026-05-13,2026,5,13,chokepoint21,Magellan Strait,0,1,0,0,1,1,2,0,76728,0,0,0,76728,76728,58681
2026-05-14,2026,5,14,chokepoint21,Magellan Strait,1,4,0,0,0,5,5,15003,168893,0,0,0,183897,183897,58682
2026-05-15,2026,5,15,chokepoint21,Magellan Strait,1,3,0,1,2,5,7,28576,67272,0,6534,24015,102383,126398,58683
2026-05-16,2026,5,16,chokepoint21,Magellan Strait,0,1,0,0,2,1,3,0,0,0,0,187928,0,187928,58684
2026-05-17,2026,5,17,chokepoint21,Magellan Strait,0,6,0,0,1,6,7,0,301389,0,0,73399,301389,374788,58685
2026-05-18,2026,5,18,chokepoint21,Magellan Strait,0,2,0,0,0,2,2,0,208691,0,0,0,208691,208691,58686
2026-05-19,2026,5,19,chokepoint21,Magellan Strait,1,5,0,0,1,6,7,30108,285718,0,0,0,315826,315826,58687
2026-05-20,2026,5,20,chokepoint21,Magellan Strait,0,3,1,0,5,4,9,0,130081,28123,0,35433,158204,193638,58688
2026-05-21,2026,5,21,chokepoint21,Magellan Strait,0,4,0,1,0,5,5,0,286512,0,2748,0,289261,289261,58689
2026-05-22,2026,5,22,chokepoint21,Magellan Strait,1,3,0,0,1,4,5,12242,98122,0,0,18976,110365,129341,58690
2026-05-23,2026,5,23,chokepoint21,Magellan Strait,0,3,0,0,1,3,4,0,98882,0,0,13288,98882,112170,58691
2026-05-24,2026,5,24,chokepoint21,Magellan Strait,0,1,0,1,0,2,2,0,30455,0,3408,0,33863,33863,58692
2026-05-25,2026,5,25,chokepoint21,Magellan Strait,0,2,0,0,2,2,4,0,39586,0,0,84782,39586,124369,58693
2026-05-26,2026,5,26,chokepoint21,Magellan Strait,1,1,1,0,0,3,3,29141,68398,18285,0,0,115825,115825,58694
2026-05-27,2026,5,27,chokepoint21,Magellan Strait,0,0,0,0,1,0,1,0,0,0,0,27543,0,27543,58695
2026-05-28,2026,5,28,chokepoint21,Magellan Strait,1,5,0,0,0,6,6,12182,171933,0,0,0,184116,184116,58696
2026-05-29,2026,5,29,chokepoint21,Magellan Strait,0,4,1,0,0,5,5,0,255546,2716,0,0,258263,258263,58697
2026-05-30,2026,5,30,chokepoint21,Magellan Strait,0,2,0,2,1,4,5,0,85200,0,10734,113975,95935,209910,58698
2026-05-31,2026,5,31,chokepoint21,Magellan Strait,0,2,1,0,1,3,4,0,90175,2716,0,0,92891,92891,58699
2026-05-01,2026,5,1,chokepoint22,Yucatan Channel,12,12,1,0,36,25,61,118188,464339,4252,0,1326752,586780,1913533,61416
2026-05-02,2026,5,2,chokepoint22,Yucatan Channel,9,9,4,1,27,23,50,202794,544512,39169,0,661172,786476,1447648,61417
2026-05-03,2026,5,3,chokepoint22,Yucatan Channel,16,7,8,2,29,33,62,142280,188122,47751,6552,690170,384708,1074878,61418
2026-05-04,2026,5,4,chokepoint22,Yucatan Channel,7,3,2,0,28,12,40,145241,109802,14086,0,1191647,269131,1460778,61419
2026-05-05,2026,5,5,chokepoint22,Yucatan Channel,4,4,2,1,20,11,31,29364,205873,20896,0,624909,256134,881043,61420
2026-05-06,2026,5,6,chokepoint22,Yucatan Channel,7,1,1,1,12,10,22,62922,31019,18105,5883,492782,117930,610713,61421
2026-05-07,2026,5,7,chokepoint22,Yucatan Channel,8,2,2,0,25,12,37,53985,32970,19384,0,986916,106340,1093257,61422
2026-05-08,2026,5,8,chokepoint22,Yucatan Channel,12,8,7,3,26,30,56,204233,297672,41424,2673,697419,546003,1243423,61423
2026-05-09,2026,5,9,chokepoint22,Yucatan Channel,13,7,5,0,26,25,51,225958,274336,37346,0,403335,537641,940977,61424
2026-05-10,2026,5,10,chokepoint22,Yucatan Channel,14,8,3,1,28,26,54,121263,174051,34829,3350,731540,333495,1065036,61425
2026-05-11,2026,5,11,chokepoint22,Yucatan Channel,8,3,1,2,46,14,60,253360,158744,0,6695,1487710,418801,1906511,61426
2026-05-12,2026,5,12,chokepoint22,Yucatan Channel,12,9,0,0,34,21,55,167808,267079,0,0,1351209,434887,1786096,61427
2026-05-13,2026,5,13,chokepoint22,Yucatan Channel,10,6,1,2,30,19,49,71502,225758,10605,2984,754796,310851,1065648,61428
2026-05-14,2026,5,14,chokepoint22,Yucatan Channel,7,9,6,1,26,23,49,100450,314157,5080,6683,710879,426371,1137250,61429
2026-05-15,2026,5,15,chokepoint22,Yucatan Channel,9,7,7,1,32,24,56,105386,235609,22899,3087,773746,366982,1140729,61430
2026-05-16,2026,5,16,chokepoint22,Yucatan Channel,13,6,3,0,44,22,66,154214,205560,16468,0,1034517,376243,1410760,61431
2026-05-17,2026,5,17,chokepoint22,Yucatan Channel,11,6,4,1,20,22,42,177448,201174,20373,671,491517,399668,891185,61432
2026-05-18,2026,5,18,chokepoint22,Yucatan Channel,12,6,8,1,33,27,60,205056,178380,45667,4358,1384280,433463,1817744,61433
2026-05-19,2026,5,19,chokepoint22,Yucatan Channel,7,7,3,1,34,18,52,115124,261363,44704,0,1409452,421192,1830645,61434
2026-05-20,2026,5,20,chokepoint22,Yucatan Channel,12,8,3,1,28,24,52,160704,167771,7121,0,724421,335597,1060018,61435
2026-05-21,2026,5,21,chokepoint22,Yucatan Channel,9,8,3,1,35,21,56,107434,313365,11401,0,619845,432201,1052047,61436
2026-05-22,2026,5,22,chokepoint22,Yucatan Channel,13,10,5,1,27,29,56,192197,423753,25446,5652,397169,647049,1044219,61437
2026-05-23,2026,5,23,chokepoint22,Yucatan Channel,10,1,1,1,37,13,50,102464,36065,6730,0,747969,145261,893230,61438
2026-05-24,2026,5,24,chokepoint22,Yucatan Channel,12,4,7,2,32,25,57,96921,30388,35556,3545,1468816,166411,1635228,61439
2026-05-25,2026,5,25,chokepoint22,Yucatan Channel,8,5,2,1,39,16,55,138713,127590,22528,0,1534277,288832,1823109,61440
2026-05-26,2026,5,26,chokepoint22,Yucatan Channel,10,11,6,1,29,28,57,211293,672180,30546,7219,812095,921239,1733334,61441
2026-05-27,2026,5,27,chokepoint22,Yucatan Channel,9,10,4,3,20,26,46,155726,344737,8790,4520,863772,513775,1377548,61442
2026-05-28,2026,5,28,chokepoint22,Yucatan Channel,8,8,2,0,35,18,53,90480,320811,3813,0,1389105,415105,1804210,61443
2026-05-29,2026,5,29,chokepoint22,Yucatan Channel,13,5,7,1,41,26,67,291376,232784,47119,0,1562736,571281,2134017,61444
2026-05-30,2026,5,30,chokepoint22,Yucatan Channel,14,11,4,0,20,29,49,128730,509631,38660,0,656910,677022,1333933,61445
2026-05-31,2026,5,31,chokepoint22,Yucatan Channel,12,11,7,1,40,31,71,104697,395057,94113,4621,1359104,598490,1957595,61446
2026-05-01,2026,5,1,chokepoint23,Windward Passage,17,2,0,5,3,24,27,340970,68371,0,29359,0,438701,438701,63586
2026-05-02,2026,5,2,chokepoint23,Windward Passage,9,3,4,0,2,16,18,196759,116643,19292,0,191981,332696,524677,63588
2026-05-03,2026,5,3,chokepoint23,Windward Passage,6,4,2,0,3,12,15,105979,173759,4963,0,0,284702,284702,63590
2026-05-04,2026,5,4,chokepoint23,Windward Passage,12,1,1,3,0,17,17,169906,31784,1937,0,0,203627,203627,63592
2026-05-05,2026,5,5,chokepoint23,Windward Passage,7,2,2,2,2,13,15,49090,85989,8535,6603,0,150219,150219,63594
2026-05-06,2026,5,6,chokepoint23,Windward Passage,3,1,1,0,0,5,5,168944,0,1260,0,0,170205,170205,63596
2026-05-07,2026,5,7,chokepoint23,Windward Passage,5,1,1,1,1,8,9,69338,63986,1089,7886,37767,142300,180068,63598
2026-05-08,2026,5,8,chokepoint23,Windward Passage,6,2,1,3,3,12,15,127545,42317,11714,0,50783,181576,232360,63600
2026-05-09,2026,5,9,chokepoint23,Windward Passage,10,3,5,2,2,20,22,177871,75370,7837,1683,61558,262763,324322,63602
2026-05-10,2026,5,10,chokepoint23,Windward Passage,9,0,2,1,3,12,15,241111,0,23772,0,53953,264884,318838,63604
2026-05-11,2026,5,11,chokepoint23,Windward Passage,12,2,3,5,1,22,23,200502,33321,14707,18132,11782,266664,278446,63606
2026-05-12,2026,5,12,chokepoint23,Windward Passage,9,3,3,3,2,18,20,138735,89784,21311,0,73321,249830,323152,63608
2026-05-13,2026,5,13,chokepoint23,Windward Passage,6,1,2,2,3,11,14,133314,52816,4136,8806,41597,199074,240671,63610
2026-05-14,2026,5,14,chokepoint23,Windward Passage,13,2,1,1,1,17,18,423015,141220,3890,0,0,568126,568126,63612
2026-05-15,2026,5,15,chokepoint23,Windward Passage,13,0,1,0,0,14,14,226847,0,1938,0,0,228786,228786,63613
2026-05-16,2026,5,16,chokepoint23,Windward Passage,7,2,4,2,8,15,23,269552,51002,3042,13242,126283,336840,463123,63615
2026-05-17,2026,5,17,chokepoint23,Windward Passage,12,3,4,2,3,21,24,280981,121449,26858,654,0,429944,429944,63617
2026-05-18,2026,5,18,chokepoint23,Windward Passage,8,4,1,4,1,17,18,103562,96719,5941,20325,47454,226548,274003,63619
2026-05-19,2026,5,19,chokepoint23,Windward Passage,11,0,2,1,2,14,16,161857,0,5281,3784,27093,170922,198015,63621
2026-05-20,2026,5,20,chokepoint23,Windward Passage,5,1,0,3,0,9,9,73938,24137,0,0,0,98076,98076,63622
2026-05-21,2026,5,21,chokepoint23,Windward Passage,8,0,2,3,2,13,15,237324,0,5845,3099,110651,246269,356921,63624
2026-05-22,2026,5,22,chokepoint23,Windward Passage,14,1,1,2,0,18,18,289871,31686,9816,0,0,331374,331374,63626
2026-05-23,2026,5,23,chokepoint23,Windward Passage,10,2,4,1,1,17,18,275695,51092,6653,6385,17020,339827,356848,63628
2026-05-24,2026,5,24,chokepoint23,Windward Passage,9,4,5,1,0,19,19,159423,190890,22377,0,0,372691,372691,63630
2026-05-25,2026,5,25,chokepoint23,Windward Passage,12,3,6,3,2,24,26,229966,97101,19854,3850,85863,350773,436637,63632
2026-05-26,2026,5,26,chokepoint23,Windward Passage,10,3,2,6,1,21,22,163743,106165,3060,14938,40343,287908,328252,63634
2026-05-27,2026,5,27,chokepoint23,Windward Passage,7,0,3,1,3,11,14,234233,0,4670,0,117770,238904,356674,63636
2026-05-28,2026,5,28,chokepoint23,Windward Passage,5,1,0,3,1,9,10,80676,31753,0,4919,20973,117349,138322,63638
2026-05-29,2026,5,29,chokepoint23,Windward Passage,13,0,2,1,1,16,17,222503,0,9037,0,49895,231540,281436,63640
2026-05-30,2026,5,30,chokepoint23,Windward Passage,10,2,1,3,3,16,19,422355,61000,6301,6376,0,496034,496034,63642
2026-05-31,2026,5,31,chokepoint23,Windward Passage,6,1,2,3,1,12,13,30342,55627,0,4954,14046,90924,104971,63644
2026-05-01,2026,5,1,chokepoint24,Mona Passage,3,4,2,1,2,10,12,76029,227049,18019,0,74627,321098,395726,66172
2026-05-02,2026,5,2,chokepoint24,Mona Passage,3,1,3,1,5,8,13,51288,45233,11437,0,120225,107959,228184,66173
2026-05-03,2026,5,3,chokepoint24,Mona Passage,4,8,1,0,6,13,19,77660,365358,317,0,134059,443336,577396,66174
2026-05-04,2026,5,4,chokepoint24,Mona Passage,5,4,1,1,5,11,16,144698,138201,1605,0,93264,284504,377769,66175
2026-05-05,2026,5,5,chokepoint24,Mona Passage,5,4,1,0,2,10,12,62305,89850,4337,0,25247,156494,181741,66176
2026-05-06,2026,5,6,chokepoint24,Mona Passage,5,4,2,1,3,12,15,110007,197185,43076,0,71818,350270,422088,66177
2026-05-07,2026,5,7,chokepoint24,Mona Passage,4,2,0,1,3,7,10,110081,37984,0,0,90073,148065,238139,66178
2026-05-08,2026,5,8,chokepoint24,Mona Passage,4,1,2,0,1,7,8,41786,0,16980,0,26396,58767,85163,66179
2026-05-09,2026,5,9,chokepoint24,Mona Passage,2,3,1,1,4,7,11,83162,44838,645,0,99243,128645,227889,66180
2026-05-10,2026,5,10,chokepoint24,Mona Passage,4,3,2,3,1,12,13,82577,197732,2179,20086,32842,302575,335417,66181
2026-05-11,2026,5,11,chokepoint24,Mona Passage,2,3,2,0,1,7,8,48689,121146,7045,0,0,176882,176882,66182
2026-05-12,2026,5,12,chokepoint24,Mona Passage,4,1,2,2,4,9,13,101431,25339,22071,0,41937,148842,190780,66183
2026-05-13,2026,5,13,chokepoint24,Mona Passage,5,5,1,0,3,11,14,151707,268781,2654,0,43282,423143,466425,66184
2026-05-14,2026,5,14,chokepoint24,Mona Passage,2,4,1,0,2,7,9,27924,126361,8536,0,14144,162822,176966,66185
2026-05-15,2026,5,15,chokepoint24,Mona Passage,6,0,2,0,4,8,12,148420,0,4881,0,51369,153302,204672,66186
2026-05-16,2026,5,16,chokepoint24,Mona Passage,2,0,1,2,3,5,8,22505,0,3306,16760,93823,42572,136396,66187
2026-05-17,2026,5,17,chokepoint24,Mona Passage,4,1,2,2,1,9,10,118405,0,23227,0,51127,141633,192761,66188
2026-05-18,2026,5,18,chokepoint24,Mona Passage,3,2,2,0,2,7,9,108315,150151,5341,0,22440,263808,286248,66189
2026-05-19,2026,5,19,chokepoint24,Mona Passage,4,1,3,3,2,11,13,90408,61227,3652,4107,34383,159396,193779,66190
2026-05-20,2026,5,20,chokepoint24,Mona Passage,4,4,1,1,0,10,10,78283,171239,4324,6333,0,260180,260180,66191
2026-05-21,2026,5,21,chokepoint24,Mona Passage,5,3,5,1,5,14,19,147906,108179,57207,4237,146257,317531,463789,66192
2026-05-22,2026,5,22,chokepoint24,Mona Passage,4,4,3,0,2,11,13,140809,247901,17238,0,85633,405949,491582,66193
2026-05-23,2026,5,23,chokepoint24,Mona Passage,2,6,0,1,0,9,9,29556,129189,0,5431,0,164177,164177,66194
2026-05-24,2026,5,24,chokepoint24,Mona Passage,6,4,2,1,2,13,15,186054,235649,13065,0,0,434769,434769,66195
2026-05-25,2026,5,25,chokepoint24,Mona Passage,2,2,5,1,2,10,12,50968,79611,20310,3243,90020,154134,244154,66196
2026-05-26,2026,5,26,chokepoint24,Mona Passage,2,2,1,1,4,6,10,5580,78164,0,2467,42416,86213,128629,66197
2026-05-27,2026,5,27,chokepoint24,Mona Passage,4,4,1,0,2,9,11,140012,199516,4990,0,62449,344518,406967,66198
2026-05-28,2026,5,28,chokepoint24,Mona Passage,4,4,4,1,5,13,18,171866,201492,33603,0,408361,406961,815322,66199
2026-05-29,2026,5,29,chokepoint24,Mona Passage,4,1,0,0,5,5,10,78442,61027,0,0,120865,139470,260335,66200
2026-05-30,2026,5,30,chokepoint24,Mona Passage,1,4,2,1,3,8,11,25914,198805,4947,3138,92931,232806,325738,66201
2026-05-31,2026,5,31,chokepoint24,Mona Passage,3,5,0,1,2,9,11,74933,193430,0,0,53107,268364,321471,66202
2026-05-01,2026,5,1,chokepoint25,Balabac Strait,1,7,0,0,4,8,12,6980,389217,0,0,21912,396197,418109,68950
2026-05-02,2026,5,2,chokepoint25,Balabac Strait,0,4,2,0,10,6,16,0,79441,10888,0,238535,90329,328864,68951
2026-05-03,2026,5,3,chokepoint25,Balabac Strait,0,6,0,0,2,6,8,0,160757,0,0,41972,160757,202729,68952
2026-05-04,2026,5,4,chokepoint25,Balabac Strait,0,6,2,0,3,8,11,0,336764,16680,0,133886,353445,487331,68953
2026-05-05,2026,5,5,chokepoint25,Balabac Strait,1,2,1,0,1,4,5,9659,78759,2998,0,2408,91417,93826,68954
2026-05-06,2026,5,6,chokepoint25,Balabac Strait,1,0,0,0,1,1,2,4740,0,0,0,8490,4740,13230,68955
2026-05-07,2026,5,7,chokepoint25,Balabac Strait,0,3,3,0,1,6,7,0,78668,4735,0,6843,83404,90248,68956
2026-05-08,2026,5,8,chokepoint25,Balabac Strait,0,3,3,0,1,6,7,0,43946,1747,0,9750,45694,55445,68957
2026-05-09,2026,5,9,chokepoint25,Balabac Strait,1,2,2,0,0,5,5,6431,101707,0,0,0,108139,108139,68958
2026-05-10,2026,5,10,chokepoint25,Balabac Strait,0,7,2,0,2,9,11,0,371984,1194,0,58642,373178,431820,68959
2026-05-11,2026,5,11,chokepoint25,Balabac Strait,0,6,1,0,2,7,9,0,302103,1572,0,101494,303675,405169,68960
2026-05-12,2026,5,12,chokepoint25,Balabac Strait,1,3,1,0,1,5,6,3505,221397,1937,0,3421,226840,230262,68961
2026-05-13,2026,5,13,chokepoint25,Balabac Strait,1,5,1,0,3,7,10,9538,230083,1983,0,2810,241605,244415,68962
2026-05-14,2026,5,14,chokepoint25,Balabac Strait,1,5,3,0,1,9,10,8961,215555,14272,0,6843,238788,245632,68963
2026-05-15,2026,5,15,chokepoint25,Balabac Strait,1,3,4,0,1,8,9,10792,170325,10888,0,0,192006,192006,68964
2026-05-16,2026,5,16,chokepoint25,Balabac Strait,0,9,1,0,6,10,16,0,587732,0,0,25371,587732,613103,68965
2026-05-17,2026,5,17,chokepoint25,Balabac Strait,1,5,0,0,5,6,11,7900,189462,0,0,38890,197362,236253,68966
2026-05-18,2026,5,18,chokepoint25,Balabac Strait,1,9,5,1,2,16,18,6031,371250,16665,0,12549,393947,406497,68967
2026-05-19,2026,5,19,chokepoint25,Balabac Strait,0,8,1,0,4,9,13,0,528302,0,0,87332,528302,615635,68968
2026-05-20,2026,5,20,chokepoint25,Balabac Strait,2,5,2,0,6,9,15,63403,116518,3036,0,83260,182959,266219,68969
2026-05-21,2026,5,21,chokepoint25,Balabac Strait,0,3,1,0,3,4,7,0,130555,2089,0,47398,132645,180043,68970
2026-05-22,2026,5,22,chokepoint25,Balabac Strait,1,2,0,0,4,3,7,8961,65293,0,0,6407,74254,80661,68971
2026-05-23,2026,5,23,chokepoint25,Balabac Strait,2,7,4,0,6,13,19,40420,220450,10934,0,44262,271805,316067,68972
2026-05-24,2026,5,24,chokepoint25,Balabac Strait,1,4,2,0,4,7,11,4115,253947,7015,0,112692,265079,377771,68973
2026-05-25,2026,5,25,chokepoint25,Balabac Strait,0,6,1,0,6,7,13,0,156234,1146,0,31272,157381,188653,68974
2026-05-26,2026,5,26,chokepoint25,Balabac Strait,1,5,3,0,2,9,11,38016,292879,5434,0,3596,336330,339927,68975
2026-05-27,2026,5,27,chokepoint25,Balabac Strait,1,5,1,0,8,7,15,5676,314380,5326,0,68632,325383,394016,68976
2026-05-28,2026,5,28,chokepoint25,Balabac Strait,0,8,3,0,2,11,13,0,249245,5154,0,23455,254400,277855,68977
2026-05-29,2026,5,29,chokepoint25,Balabac Strait,0,3,2,0,1,5,6,0,78732,1772,0,9065,80505,89571,68978
2026-05-30,2026,5,30,chokepoint25,Balabac Strait,1,7,4,0,5,12,17,3229,224862,2583,0,14335,230674,245010,68979
2026-05-31,2026,5,31,chokepoint25,Balabac Strait,1,5,2,0,8,8,16,9538,149059,5201,0,68146,163799,231945,68980
2026-05-01,2026,5,1,chokepoint26,Bering Strait,0,0,0,0,0,0,0,0,0,0,0,0,0,0,72128
2026-05-02,2026,5,2,chokepoint26,Bering Strait,0,0,0,0,0,0,0,0,0,0,0,0,0,0,72129
2026-05-03,2026,5,3,chokepoint26,Bering Strait,0,0,0,0,0,0,0,0,0,0,0,0,0,0,72130
2026-05-04,2026,5,4,chokepoint26,Bering Strait,0,0,0,0,0,0,0,0,0,0,0,0,0,0,72131
2026-05-05,2026,5,5,chokepoint26,Bering Strait,0,0,0,0,0,0,0,0,0,0,0,0,0,0,72132
2026-05-06,2026,5,6,chokepoint26,Bering Strait,0,0,0,0,0,0,0,0,0,0,0,0,0,0,72133
2026-05-07,2026,5,7,chokepoint26,Bering Strait,0,0,0,0,0,0,0,0,0,0,0,0,0,0,72134
2026-05-08,2026,5,8,chokepoint26,Bering Strait,0,0,0,0,0,0,0,0,0,0,0,0,0,0,72135
2026-05-09,2026,5,9,chokepoint26,Bering Strait,1,0,0,0,0,1,1,2457,0,0,0,0,2457,2457,72136
2026-05-10,2026,5,10,chokepoint26,Bering Strait,0,0,0,0,0,0,0,0,0,0,0,0,0,0,72137
2026-05-11,2026,5,11,chokepoint26,Bering Strait,0,0,0,0,0,0,0,0,0,0,0,0,0,0,72138
2026-05-12,2026,5,12,chokepoint26,Bering Strait,0,0,0,0,0,0,0,0,0,0,0,0,0,0,72139
2026-05-13,2026,5,13,chokepoint26,Bering Strait,0,0,0,0,0,0,0,0,0,0,0,0,0,0,72140
2026-05-14,2026,5,14,chokepoint26,Bering Strait,0,0,0,0,0,0,0,0,0,0,0,0,0,0,72141
2026-05-15,2026,5,15,chokepoint26,Bering Strait,0,0,0,0,0,0,0,0,0,0,0,0,0,0,72142
2026-05-16,2026,5,16,chokepoint26,Bering Strait,0,0,0,0,0,0,0,0,0,0,0,0,0,0,72143
2026-05-17,2026,5,17,chokepoint26,Bering Strait,0,0,0,0,0,0,0,0,0,0,0,0,0,0,72144
2026-05-18,2026,5,18,chokepoint26,Bering Strait,0,0,0,0,0,0,0,0,0,0,0,0,0,0,72145
2026-05-19,2026,5,19,chokepoint26,Bering Strait,0,0,0,0,0,0,0,0,0,0,0,0,0,0,72146
2026-05-20,2026,5,20,chokepoint26,Bering Strait,0,0,1,0,0,1,1,0,0,2037,0,0,2037,2037,72147
2026-05-21,2026,5,21,chokepoint26,Bering Strait,0,0,0,0,0,0,0,0,0,0,0,0,0,0,72148
2026-05-22,2026,5,22,chokepoint26,Bering Strait,0,0,0,0,0,0,0,0,0,0,0,0,0,0,72149
2026-05-23,2026,5,23,chokepoint26,Bering Strait,0,0,0,0,0,0,0,0,0,0,0,0,0,0,72150
2026-05-24,2026,5,24,chokepoint26,Bering Strait,0,0,0,0,0,0,0,0,0,0,0,0,0,0,72151
2026-05-25,2026,5,25,chokepoint26,Bering Strait,0,0,0,0,0,0,0,0,0,0,0,0,0,0,72152
2026-05-26,2026,5,26,chokepoint26,Bering Strait,0,0,0,0,0,0,0,0,0,0,0,0,0,0,72153
2026-05-27,2026,5,27,chokepoint26,Bering Strait,0,0,0,0,0,0,0,0,0,0,0,0,0,0,72154
2026-05-28,2026,5,28,chokepoint26,Bering Strait,0,0,0,0,0,0,0,0,0,0,0,0,0,0,72155
2026-05-29,2026,5,29,chokepoint26,Bering Strait,0,0,0,0,0,0,0,0,0,0,0,0,0,0,72156
2026-05-30,2026,5,30,chokepoint26,Bering Strait,0,0,0,0,0,0,0,0,0,0,0,0,0,0,72157
2026-05-31,2026,5,31,chokepoint26,Bering Strait,0,0,0,0,0,0,0,0,0,0,0,0,0,0,72158
2026-05-01,2026,5,1,chokepoint27,Mindoro Strait,3,32,4,1,2,40,42,31750,4563364,14655,2354,48773,4612125,4660899,74106
2026-05-02,2026,5,2,chokepoint27,Mindoro Strait,3,43,4,1,10,51,61,33979,3480258,17302,4639,283066,3536179,3819246,74107
2026-05-03,2026,5,3,chokepoint27,Mindoro Strait,1,36,2,0,4,39,43,17102,2264385,6894,0,0,2288382,2288382,74108
2026-05-04,2026,5,4,chokepoint27,Mindoro Strait,4,50,0,0,2,54,56,49432,4545714,0,0,1138,4595146,4596285,74109
2026-05-05,2026,5,5,chokepoint27,Mindoro Strait,4,33,4,0,2,41,43,52574,2497400,20582,0,51411,2570557,2621968,74110
2026-05-06,2026,5,6,chokepoint27,Mindoro Strait,0,12,3,0,1,15,16,0,195932,9391,0,32377,205324,237701,74111
2026-05-07,2026,5,7,chokepoint27,Mindoro Strait,4,24,1,0,0,29,29,62435,1131924,0,0,0,1194360,1194360,74112
2026-05-08,2026,5,8,chokepoint27,Mindoro Strait,3,13,5,1,5,22,27,20945,322837,27100,0,74966,370883,445849,74113
2026-05-09,2026,5,9,chokepoint27,Mindoro Strait,4,35,4,0,7,43,50,35543,1978067,19158,0,93891,2032770,2126662,74114
2026-05-10,2026,5,10,chokepoint27,Mindoro Strait,2,35,6,0,4,43,47,62773,2304906,21185,0,108038,2388864,2496903,74115
2026-05-11,2026,5,11,chokepoint27,Mindoro Strait,1,51,3,0,6,55,61,11089,3085300,20959,0,185290,3117349,3302640,74116
2026-05-12,2026,5,12,chokepoint27,Mindoro Strait,3,45,1,0,5,49,54,36677,2920150,7147,0,30854,2963976,2994831,74117
2026-05-13,2026,5,13,chokepoint27,Mindoro Strait,0,43,4,0,2,47,49,0,3002622,15489,0,0,3018111,3018111,74118
2026-05-14,2026,5,14,chokepoint27,Mindoro Strait,9,44,8,0,4,61,65,89511,2809548,28479,0,26778,2927539,2954318,74119
2026-05-15,2026,5,15,chokepoint27,Mindoro Strait,3,40,9,0,3,52,55,35675,2611358,28656,0,19923,2675690,2695614,74120
2026-05-16,2026,5,16,chokepoint27,Mindoro Strait,3,34,10,1,4,48,52,48032,2745784,47740,3920,250751,2845477,3096228,74121
2026-05-17,2026,5,17,chokepoint27,Mindoro Strait,6,46,4,1,4,57,61,59660,4328477,10959,0,28612,4399096,4427709,74122
2026-05-18,2026,5,18,chokepoint27,Mindoro Strait,0,28,4,0,2,32,34,0,3347072,31095,0,10224,3378167,3388392,74123
2026-05-19,2026,5,19,chokepoint27,Mindoro Strait,1,47,5,0,1,53,54,13620,2958393,35203,0,18100,3007216,3025317,74124
2026-05-20,2026,5,20,chokepoint27,Mindoro Strait,5,42,4,0,6,51,57,75619,2863240,15882,0,107667,2954742,3062410,74125
2026-05-21,2026,5,21,chokepoint27,Mindoro Strait,6,44,6,0,3,56,59,38700,4628459,30170,0,49123,4697329,4746453,74126
2026-05-22,2026,5,22,chokepoint27,Mindoro Strait,8,46,5,0,2,59,61,110769,4227997,20030,0,7686,4358797,4366484,74127
2026-05-23,2026,5,23,chokepoint27,Mindoro Strait,2,40,0,0,4,42,46,19823,3953413,0,0,77590,3973237,4050828,74128
2026-05-24,2026,5,24,chokepoint27,Mindoro Strait,4,47,9,0,1,60,61,34494,4186989,46020,0,5288,4267504,4272792,74129
2026-05-25,2026,5,25,chokepoint27,Mindoro Strait,0,49,4,0,4,53,57,0,3037091,13801,0,88178,3050893,3139071,74130
2026-05-26,2026,5,26,chokepoint27,Mindoro Strait,0,59,2,0,7,61,68,0,3979278,3638,0,53385,3982917,4036302,74131
2026-05-27,2026,5,27,chokepoint27,Mindoro Strait,4,58,3,0,4,65,69,31305,3740946,3631,0,6785,3775883,3782669,74132
2026-05-28,2026,5,28,chokepoint27,Mindoro Strait,5,37,4,0,5,46,51,24467,3276180,16282,0,100889,3316931,3417820,74133
2026-05-29,2026,5,29,chokepoint27,Mindoro Strait,5,47,4,0,4,56,60,44165,4158844,8461,0,113432,4211471,4324903,74134
2026-05-30,2026,5,30,chokepoint27,Mindoro Strait,3,51,4,0,6,58,64,43888,2772352,13643,0,161831,2829884,2991716,74135
2026-05-31,2026,5,31,chokepoint27,Mindoro Strait,3,60,5,0,7,68,75,16928,4415132,24505,0,99032,4456566,4555598,74136
2026-05-01,2026,5,1,chokepoint28,Kerch Strait,0,0,5,0,0,5,5,0,0,11606,0,0,11606,11606,76346
2026-05-02,2026,5,2,chokepoint28,Kerch Strait,0,0,3,0,0,3,3,0,0,9905,0,0,9905,9905,76347
2026-05-03,2026,5,3,chokepoint28,Kerch Strait,0,2,1,0,1,3,4,0,16193,3558,0,4045,19751,23796,76348
2026-05-04,2026,5,4,chokepoint28,Kerch Strait,0,0,3,0,1,3,4,0,0,9493,0,5118,9493,14611,76349
2026-05-05,2026,5,5,chokepoint28,Kerch Strait,0,1,2,0,2,3,5,0,0,2154,0,7079,2154,9234,76350
2026-05-06,2026,5,6,chokepoint28,Kerch Strait,0,0,6,0,0,6,6,0,0,14365,0,0,14365,14365,76351
2026-05-07,2026,5,7,chokepoint28,Kerch Strait,0,0,1,0,0,1,1,0,0,1911,0,0,1911,1911,76352
2026-05-08,2026,5,8,chokepoint28,Kerch Strait,1,6,5,1,2,13,15,7049,24271,12080,1356,0,44758,44758,76353
2026-05-09,2026,5,9,chokepoint28,Kerch Strait,1,1,12,0,3,14,17,2663,22080,18843,0,6812,43587,50400,76354
2026-05-10,2026,5,10,chokepoint28,Kerch Strait,0,2,6,1,2,9,11,0,35521,10299,1981,9823,47803,57626,76355
2026-05-11,2026,5,11,chokepoint28,Kerch Strait,0,1,5,0,2,6,8,0,22080,6389,0,4533,28469,33002,76356
2026-05-12,2026,5,12,chokepoint28,Kerch Strait,0,0,1,0,1,1,2,0,0,488,0,0,488,488,76357
2026-05-13,2026,5,13,chokepoint28,Kerch Strait,0,0,1,0,0,1,1,0,0,578,0,0,578,578,76358
2026-05-14,2026,5,14,chokepoint28,Kerch Strait,0,2,11,0,3,13,16,0,0,19582,0,84586,19582,104168,76359
2026-05-15,2026,5,15,chokepoint28,Kerch Strait,1,2,3,0,2,6,8,0,0,3793,0,5672,3793,9465,76360
2026-05-16,2026,5,16,chokepoint28,Kerch Strait,1,4,4,0,2,9,11,11541,92354,7058,0,9260,110954,120214,76361
2026-05-17,2026,5,17,chokepoint28,Kerch Strait,0,4,5,0,3,9,12,0,0,12233,0,10758,12233,22992,76362
2026-05-18,2026,5,18,chokepoint28,Kerch Strait,1,4,33,0,12,38,50,23349,24271,37300,0,30455,84922,115377,76363
2026-05-19,2026,5,19,chokepoint28,Kerch Strait,0,3,10,1,8,14,22,0,0,11405,1356,14076,12761,26837,76364
2026-05-20,2026,5,20,chokepoint28,Kerch Strait,0,2,11,0,3,13,16,0,0,18527,0,150400,18527,168927,76365
2026-05-21,2026,5,21,chokepoint28,Kerch Strait,0,1,9,0,6,10,16,0,0,7871,0,20674,7871,28545,76366
2026-05-22,2026,5,22,chokepoint28,Kerch Strait,1,1,7,0,4,9,13,33814,101012,6511,0,158529,141339,299869,76367
2026-05-23,2026,5,23,chokepoint28,Kerch Strait,0,0,7,0,0,7,7,0,0,18867,0,0,18867,18867,76368
2026-05-24,2026,5,24,chokepoint28,Kerch Strait,0,2,4,0,4,6,10,0,0,4499,0,13782,4499,18281,76369
2026-05-25,2026,5,25,chokepoint28,Kerch Strait,2,6,7,0,4,15,19,33814,153696,9656,0,14712,197167,211880,76370
2026-05-26,2026,5,26,chokepoint28,Kerch Strait,2,0,9,0,5,11,16,7110,0,10157,0,152336,17268,169604,76371
2026-05-27,2026,5,27,chokepoint28,Kerch Strait,0,1,6,0,2,7,9,0,0,11428,0,10736,11428,22164,76372
2026-05-28,2026,5,28,chokepoint28,Kerch Strait,0,2,4,0,2,6,8,0,24271,6271,0,3997,30542,34540,76373
2026-05-29,2026,5,29,chokepoint28,Kerch Strait,0,0,3,0,0,3,3,0,0,4628,0,0,4628,4628,76374
2026-05-30,2026,5,30,chokepoint28,Kerch Strait,0,0,4,0,0,4,4,0,0,7553,0,0,7553,7553,76375
2026-05-31,2026,5,31,chokepoint28,Kerch Strait,0,0,4,0,2,4,6,0,0,3819,0,5954,3819,9773,76376
2026-06-01,2026,6,1,chokepoint1,Suez Canal,8,13,2,2,18,25,43,314074,575603,33216,14173,714564,937068,1651633,2309
2026-06-02,2026,6,2,chokepoint1,Suez Canal,7,15,2,2,19,26,45,306522,641036,0,0,1179224,947558,2126783,2310
2026-06-03,2026,6,3,chokepoint1,Suez Canal,7,8,2,0,8,17,25,167177,341176,29387,0,489112,537741,1026854,2311
2026-06-04,2026,6,4,chokepoint1,Suez Canal,11,17,4,1,13,33,46,293405,859608,11811,0,359487,1164824,1524312,2312
2026-06-05,2026,6,5,chokepoint1,Suez Canal,8,12,5,1,17,26,43,258277,702364,33888,3556,582038,998085,1580124,2313
2026-06-06,2026,6,6,chokepoint1,Suez Canal,9,14,2,3,15,28,43,99356,756917,16960,3087,731821,876321,1608143,2314
2026-06-07,2026,6,7,chokepoint1,Suez Canal,9,16,2,0,16,27,43,332754,824963,21430,0,692348,1179147,1871496,2315
2026-06-08,2026,6,8,chokepoint1,Suez Canal,12,16,4,1,16,33,49,128402,717770,35067,5655,754329,886896,1641225,2316
2026-06-09,2026,6,9,chokepoint1,Suez Canal,9,16,2,2,17,29,46,598426,893612,38805,0,845563,1530844,2376407,2317
2026-06-10,2026,6,10,chokepoint1,Suez Canal,9,15,2,2,11,28,39,224292,998252,36850,12640,511435,1272036,1783471,2318
2026-06-11,2026,6,11,chokepoint1,Suez Canal,7,11,4,0,14,22,36,267239,372569,25218,0,551848,665026,1216874,2319
2026-06-12,2026,6,12,chokepoint1,Suez Canal,8,3,2,0,16,13,29,180668,258433,7638,0,774451,446740,1221191,2320
2026-06-13,2026,6,13,chokepoint1,Suez Canal,11,12,6,1,10,30,40,109923,580856,33507,0,229807,724286,954094,2321
2026-06-14,2026,6,14,chokepoint1,Suez Canal,8,13,3,3,13,27,40,221056,680984,7773,2204,598488,912017,1510506,2322
2026-06-15,2026,6,15,chokepoint1,Suez Canal,12,6,3,2,16,23,39,391855,349070,35615,0,846018,776541,1622560,2323
2026-06-16,2026,6,16,chokepoint1,Suez Canal,1,5,3,0,12,9,21,104649,185866,14836,0,474572,305352,779925,2324
2026-06-17,2026,6,17,chokepoint1,Suez Canal,7,9,2,1,11,19,30,260092,300651,18180,0,383494,578924,962419,2325
2026-06-18,2026,6,18,chokepoint1,Suez Canal,6,8,2,1,21,17,38,272249,558166,9881,7267,1100337,847565,1947902,2326
2026-06-19,2026,6,19,chokepoint1,Suez Canal,9,17,5,1,15,32,47,150548,856411,40709,0,515163,1047669,1562833,2327
2026-06-20,2026,6,20,chokepoint1,Suez Canal,6,15,0,1,19,22,41,109958,846127,0,4104,635501,960190,1595691,2328
2026-06-21,2026,6,21,chokepoint1,Suez Canal,10,15,0,3,20,28,48,242486,927088,0,20033,670887,1189608,1860495,2329
2026-06-22,2026,6,22,chokepoint1,Suez Canal,12,5,2,3,18,22,40,479164,251260,8576,5784,788871,744786,1533657,2330
2026-06-23,2026,6,23,chokepoint1,Suez Canal,8,18,4,1,17,31,48,384521,1008687,31460,947,800136,1425616,2225752,2331
2026-06-24,2026,6,24,chokepoint1,Suez Canal,7,10,5,2,13,24,37,177183,571720,23820,10148,887899,782873,1670772,2332
2026-06-25,2026,6,25,chokepoint1,Suez Canal,9,14,3,3,21,29,50,311180,662409,9332,10423,703566,993346,1696912,2333
2026-06-26,2026,6,26,chokepoint1,Suez Canal,8,10,3,1,17,22,39,217468,356959,25157,0,854165,599584,1453749,2334
2026-06-27,2026,6,27,chokepoint1,Suez Canal,13,7,3,0,16,23,39,307749,139253,11797,0,830414,458799,1289214,2335
2026-06-28,2026,6,28,chokepoint1,Suez Canal,8,14,3,1,18,26,44,90160,904390,18736,0,1031165,1013287,2044452,2336
2026-06-29,2026,6,29,chokepoint1,Suez Canal,8,9,5,1,11,23,34,193308,351729,17916,5645,500038,568599,1068637,2337
2026-06-30,2026,6,30,chokepoint1,Suez Canal,5,16,7,1,18,29,47,265672,863465,22966,0,992538,1152104,2144643,2338
2026-06-01,2026,6,1,chokepoint2,Panama Canal,7,2,2,2,19,13,32,345643,102658,3607,15998,514183,467907,982091,4287
2026-06-02,2026,6,2,chokepoint2,Panama Canal,6,7,1,1,14,15,29,196052,322498,8083,0,268929,526633,795563,4288
2026-06-03,2026,6,3,chokepoint2,Panama Canal,11,4,4,2,11,21,32,414105,160960,21825,8332,180214,605224,785439,4289
2026-06-04,2026,6,4,chokepoint2,Panama Canal,4,4,3,2,13,13,26,187742,128471,29459,5373,434607,351046,785653,4290
2026-06-05,2026,6,5,chokepoint2,Panama Canal,7,4,3,1,18,15,33,321430,164550,31966,23000,459952,540948,1000901,4291
2026-06-06,2026,6,6,chokepoint2,Panama Canal,11,6,1,7,6,25,31,403850,317117,18743,21863,144138,761575,905713,4292
2026-06-07,2026,6,7,chokepoint2,Panama Canal,8,3,2,3,16,16,32,167591,135709,0,16881,400157,320182,720339,4293
2026-06-08,2026,6,8,chokepoint2,Panama Canal,8,2,1,2,17,13,30,310642,105520,4216,7654,508995,428032,937028,4294
2026-06-09,2026,6,9,chokepoint2,Panama Canal,10,4,1,2,8,17,25,508989,143691,3214,0,194635,655895,850530,4295
2026-06-10,2026,6,10,chokepoint2,Panama Canal,7,3,0,0,15,10,25,301281,132953,0,0,433403,434234,867637,4296
2026-06-11,2026,6,11,chokepoint2,Panama Canal,8,2,2,3,10,15,25,279440,60468,14359,13483,233393,367751,601144,4297
2026-06-12,2026,6,12,chokepoint2,Panama Canal,4,1,1,1,17,7,24,115196,136488,4653,6128,525499,262466,787966,4298
2026-06-13,2026,6,13,chokepoint2,Panama Canal,8,2,1,3,9,14,23,346284,73376,5113,22237,408038,447012,855051,4299
2026-06-14,2026,6,14,chokepoint2,Panama Canal,13,2,2,1,7,18,25,593180,119173,6282,0,116966,718636,835602,4300
2026-06-15,2026,6,15,chokepoint2,Panama Canal,6,2,3,0,13,11,24,297475,103580,40642,0,430547,441699,872246,4301
2026-06-16,2026,6,16,chokepoint2,Panama Canal,8,3,0,2,11,13,24,277684,143128,0,6212,327972,427026,754998,4302
2026-06-17,2026,6,17,chokepoint2,Panama Canal,9,3,1,1,9,14,23,336537,194584,7028,0,221365,538150,759516,4303
2026-06-18,2026,6,18,chokepoint2,Panama Canal,9,3,3,2,18,17,35,247147,32860,18126,18915,408344,317049,725394,4304
2026-06-19,2026,6,19,chokepoint2,Panama Canal,8,10,0,0,14,18,32,375427,353641,0,0,241222,729068,970291,4305
2026-06-20,2026,6,20,chokepoint2,Panama Canal,9,6,0,6,12,21,33,238947,259713,0,15686,203005,514346,717352,4306
2026-06-21,2026,6,21,chokepoint2,Panama Canal,6,2,3,1,24,12,36,205877,34058,17762,0,563526,257697,821224,4307
2026-06-22,2026,6,22,chokepoint2,Panama Canal,9,3,2,6,12,20,32,386575,135385,12692,28686,266242,563340,829582,4308
2026-06-23,2026,6,23,chokepoint2,Panama Canal,6,3,1,1,23,11,34,200282,128574,2442,0,536388,331299,867688,4309
2026-06-24,2026,6,24,chokepoint2,Panama Canal,7,3,2,3,12,15,27,290876,144449,21393,34496,256035,491215,747251,4310
2026-06-25,2026,6,25,chokepoint2,Panama Canal,8,5,0,3,17,16,33,320687,252963,0,5871,401109,579521,980630,4311
2026-06-26,2026,6,26,chokepoint2,Panama Canal,8,7,4,3,14,22,36,285208,191620,41113,8573,377938,526515,904453,4312
2026-06-27,2026,6,27,chokepoint2,Panama Canal,9,5,1,1,17,16,33,319126,303166,0,0,274384,622292,896676,4313
2026-06-28,2026,6,28,chokepoint2,Panama Canal,9,4,2,7,11,22,33,303392,172918,7534,34269,332579,518114,850694,4314
2026-06-29,2026,6,29,chokepoint2,Panama Canal,6,3,2,0,18,11,29,247677,116828,12571,0,460951,377076,838028,4315
2026-06-30,2026,6,30,chokepoint2,Panama Canal,7,6,0,4,14,17,31,287956,256401,0,8423,343287,552781,896068,4316
2026-06-01,2026,6,1,chokepoint3,Bosporus Strait,17,19,35,0,19,71,90,136392,488106,81146,0,473002,705644,1178646,8665
2026-06-02,2026,6,2,chokepoint3,Bosporus Strait,9,14,21,0,17,44,61,59425,368104,45451,0,425124,472981,898106,8666
2026-06-03,2026,6,3,chokepoint3,Bosporus Strait,8,14,29,0,20,51,71,61289,279516,48276,0,206110,389081,595192,8667
2026-06-04,2026,6,4,chokepoint3,Bosporus Strait,9,21,46,0,16,76,92,61424,537463,57215,0,808201,656103,1464305,8668
2026-06-05,2026,6,5,chokepoint3,Bosporus Strait,9,20,30,0,24,59,83,66850,499494,61926,0,602742,628271,1231014,8669
2026-06-06,2026,6,6,chokepoint3,Bosporus Strait,12,18,34,1,17,65,82,111633,661103,111883,1576,479403,886195,1365599,8670
2026-06-07,2026,6,7,chokepoint3,Bosporus Strait,11,16,26,1,17,54,71,48548,242854,41197,571,608763,333172,941935,8671
2026-06-08,2026,6,8,chokepoint3,Bosporus Strait,5,21,30,0,25,56,81,21073,431034,55977,0,290489,508085,798575,8672
2026-06-09,2026,6,9,chokepoint3,Bosporus Strait,15,16,42,0,27,73,100,89976,530471,122364,0,562587,742813,1305400,8673
2026-06-10,2026,6,10,chokepoint3,Bosporus Strait,13,16,40,1,15,70,85,97652,328039,81060,3508,101454,510260,611715,8674
2026-06-11,2026,6,11,chokepoint3,Bosporus Strait,3,15,30,1,22,49,71,9895,373838,58432,0,593906,442166,1036073,8675
2026-06-12,2026,6,12,chokepoint3,Bosporus Strait,14,15,29,1,16,59,75,84749,318508,81442,970,485453,485672,971125,8676
2026-06-13,2026,6,13,chokepoint3,Bosporus Strait,13,12,41,0,22,66,88,76988,200925,81600,0,561713,359514,921227,8677
2026-06-14,2026,6,14,chokepoint3,Bosporus Strait,8,18,40,0,23,66,89,53421,400959,81409,0,298928,535789,834718,8678
2026-06-15,2026,6,15,chokepoint3,Bosporus Strait,8,22,26,0,21,56,77,46951,935446,43581,0,509864,1025979,1535844,8679
2026-06-16,2026,6,16,chokepoint3,Bosporus Strait,9,18,31,1,19,59,78,53162,577514,62279,0,359802,692956,1052758,8680
2026-06-17,2026,6,17,chokepoint3,Bosporus Strait,6,15,24,0,10,45,55,28586,370022,48791,0,48619,447401,496020,8681
2026-06-18,2026,6,18,chokepoint3,Bosporus Strait,12,22,34,0,22,68,90,61874,422983,96247,0,606176,581105,1187282,8682
2026-06-19,2026,6,19,chokepoint3,Bosporus Strait,12,15,43,0,29,70,99,71006,436969,129329,0,720391,637305,1357697,8683
2026-06-20,2026,6,20,chokepoint3,Bosporus Strait,11,18,41,1,18,71,89,89220,459023,80931,442,893874,629617,1523492,8684
2026-06-21,2026,6,21,chokepoint3,Bosporus Strait,9,16,30,0,22,55,77,43038,422677,93379,0,749414,559094,1308508,8685
2026-06-22,2026,6,22,chokepoint3,Bosporus Strait,11,12,36,0,18,59,77,78142,374252,66368,0,633472,518763,1152235,8686
2026-06-23,2026,6,23,chokepoint3,Bosporus Strait,16,14,28,0,21,58,79,135241,451812,67951,0,582020,655004,1237025,8687
2026-06-24,2026,6,24,chokepoint3,Bosporus Strait,8,20,23,0,15,51,66,42313,384064,55754,0,479039,482132,961171,8688
2026-06-25,2026,6,25,chokepoint3,Bosporus Strait,10,17,34,0,25,61,86,67825,489599,73855,0,536094,631280,1167375,8689
2026-06-26,2026,6,26,chokepoint3,Bosporus Strait,10,27,44,0,17,81,98,55768,562901,70021,0,547462,688691,1236153,8690
2026-06-27,2026,6,27,chokepoint3,Bosporus Strait,9,10,40,0,22,59,81,67758,259295,91968,0,76209,419023,495232,8691
2026-06-28,2026,6,28,chokepoint3,Bosporus Strait,10,17,19,0,17,46,63,54891,366286,40781,0,370989,461959,832949,8692
2026-06-29,2026,6,29,chokepoint3,Bosporus Strait,8,21,31,0,26,60,86,34127,766588,98819,0,848724,899535,1748260,8693
2026-06-30,2026,6,30,chokepoint3,Bosporus Strait,9,19,39,0,30,67,97,84353,791679,74276,0,593423,950310,1543733,8694
2026-06-01,2026,6,1,chokepoint4,Bab el-Mandeb Strait,5,10,6,0,20,21,41,61438,577703,56813,0,1011869,695955,1707824,11482
2026-06-02,2026,6,2,chokepoint4,Bab el-Mandeb Strait,8,9,9,1,10,27,37,86149,424531,32619,0,771515,543299,1314814,11485
2026-06-03,2026,6,3,chokepoint4,Bab el-Mandeb Strait,4,12,4,0,10,20,30,90664,545348,60910,0,587942,696923,1284866,11488
2026-06-04,2026,6,4,chokepoint4,Bab el-Mandeb Strait,8,13,6,4,16,31,47,151839,812417,29943,11984,508802,1006184,1514986,11491
2026-06-05,2026,6,5,chokepoint4,Bab el-Mandeb Strait,4,9,4,1,10,18,28,74203,405574,31185,3359,304716,514323,819039,11494
2026-06-06,2026,6,6,chokepoint4,Bab el-Mandeb Strait,6,10,5,2,17,23,40,66716,526321,26310,12640,949652,631989,1581641,11497
2026-06-07,2026,6,7,chokepoint4,Bab el-Mandeb Strait,5,8,5,1,18,19,37,72829,333794,22295,0,1079369,428918,1508288,11500
2026-06-08,2026,6,8,chokepoint4,Bab el-Mandeb Strait,7,8,6,0,10,21,31,89249,286995,13483,0,381917,389728,771645,11503
2026-06-09,2026,6,9,chokepoint4,Bab el-Mandeb Strait,4,17,3,1,13,25,38,30727,601453,20849,0,670620,653029,1323650,11506
2026-06-10,2026,6,10,chokepoint4,Bab el-Mandeb Strait,4,4,8,1,15,17,32,87206,306154,65966,4621,948069,463948,1412017,11509
2026-06-11,2026,6,11,chokepoint4,Bab el-Mandeb Strait,10,10,3,1,16,24,40,148676,494189,26856,5042,488939,674765,1163705,11512
2026-06-12,2026,6,12,chokepoint4,Bab el-Mandeb Strait,6,11,7,2,15,26,41,70573,670194,55763,0,1001619,796532,1798151,11515
2026-06-13,2026,6,13,chokepoint4,Bab el-Mandeb Strait,4,11,2,1,19,18,37,88268,367749,47093,554,853598,503666,1357264,11521
2026-06-14,2026,6,14,chokepoint4,Bab el-Mandeb Strait,7,13,3,2,8,25,33,122764,534328,69647,7267,509114,734008,1243123,11526
2026-06-15,2026,6,15,chokepoint4,Bab el-Mandeb Strait,2,12,2,3,16,19,35,37580,635680,11208,15927,460926,700398,1161325,11529
2026-06-16,2026,6,16,chokepoint4,Bab el-Mandeb Strait,4,5,1,3,12,13,25,53377,225924,1926,11599,329243,292827,622071,11532
2026-06-17,2026,6,17,chokepoint4,Bab el-Mandeb Strait,5,14,7,2,14,28,42,37030,632617,27653,6772,818697,704074,1522771,11535
2026-06-18,2026,6,18,chokepoint4,Bab el-Mandeb Strait,8,9,6,3,14,26,40,129816,446115,89359,5784,1004925,671075,1676000,11538
2026-06-19,2026,6,19,chokepoint4,Bab el-Mandeb Strait,5,9,7,3,15,24,39,55080,498999,70206,9379,885582,633666,1519248,11541
2026-06-20,2026,6,20,chokepoint4,Bab el-Mandeb Strait,8,5,3,2,21,18,39,140294,251128,3348,7449,1608081,402221,2010302,11544
2026-06-21,2026,6,21,chokepoint4,Bab el-Mandeb Strait,6,7,7,4,13,24,37,130391,130400,30792,12432,488990,304016,793006,11547
2026-06-22,2026,6,22,chokepoint4,Bab el-Mandeb Strait,6,7,3,1,12,17,29,77908,318673,19285,0,1047856,415867,1463724,11550
2026-06-23,2026,6,23,chokepoint4,Bab el-Mandeb Strait,4,10,3,2,11,19,30,36736,766137,52851,7822,419273,863548,1282822,11553
2026-06-24,2026,6,24,chokepoint4,Bab el-Mandeb Strait,5,16,2,1,12,24,36,55464,815706,17133,6431,830754,894734,1725489,11556
2026-06-25,2026,6,25,chokepoint4,Bab el-Mandeb Strait,5,19,5,2,15,31,46,71893,962093,62024,5042,687891,1101053,1788945,11559
2026-06-26,2026,6,26,chokepoint4,Bab el-Mandeb Strait,4,11,4,1,16,20,36,44651,565513,9802,2264,772243,622232,1394475,11562
2026-06-27,2026,6,27,chokepoint4,Bab el-Mandeb Strait,3,10,12,1,6,26,32,56988,509997,43749,0,561900,610734,1172634,11565
2026-06-28,2026,6,28,chokepoint4,Bab el-Mandeb Strait,3,18,2,0,14,23,37,29748,1276143,1830,0,1052433,1307722,2360155,11576
2026-06-29,2026,6,29,chokepoint4,Bab el-Mandeb Strait,6,12,4,2,11,24,35,88548,564561,6599,3352,915375,663061,1578437,11579
2026-06-30,2026,6,30,chokepoint4,Bab el-Mandeb Strait,5,13,3,3,13,24,37,59186,405474,13945,4583,847244,483189,1330434,11582
2026-06-01,2026,6,1,chokepoint5,Malacca Strait,48,60,14,3,82,125,207,1257851,2721345,86678,15136,3447186,4081011,7528198,12669
2026-06-02,2026,6,2,chokepoint5,Malacca Strait,67,56,12,4,58,139,197,2330000,3359253,75594,14611,2013607,5779459,7793067,12670
2026-06-03,2026,6,3,chokepoint5,Malacca Strait,53,55,14,12,80,134,214,1567741,3680487,85014,27304,3107979,5360548,8468528,12671
2026-06-04,2026,6,4,chokepoint5,Malacca Strait,63,54,19,7,70,143,213,1651219,2964352,107494,31220,3065470,4754287,7819758,12672
2026-06-05,2026,6,5,chokepoint5,Malacca Strait,56,56,12,7,60,131,191,1863547,3250317,62206,25161,1339388,5201231,6540620,12673
2026-06-06,2026,6,6,chokepoint5,Malacca Strait,55,61,18,7,81,141,222,1826035,3244498,40842,28516,2362161,5139893,7502054,12674
2026-06-07,2026,6,7,chokepoint5,Malacca Strait,49,49,20,6,69,124,193,1543440,3169869,76801,16391,2485877,4806503,7292380,12675
2026-06-08,2026,6,8,chokepoint5,Malacca Strait,55,75,19,8,66,157,223,2092845,3925306,83241,33911,2365641,6135305,8500946,12676
2026-06-09,2026,6,9,chokepoint5,Malacca Strait,78,58,26,7,71,169,240,2465717,3474648,191493,9230,1702385,6141090,7843475,12677
2026-06-10,2026,6,10,chokepoint5,Malacca Strait,55,74,17,6,70,152,222,1417554,5065364,96973,26992,2012657,6606884,8619542,12678
2026-06-11,2026,6,11,chokepoint5,Malacca Strait,64,73,20,11,50,168,218,2128645,3844613,105585,41440,2196474,6120284,8316759,12679
2026-06-12,2026,6,12,chokepoint5,Malacca Strait,54,60,19,8,70,141,211,1550328,2776419,133951,15557,2272878,4476255,6749133,12680
2026-06-13,2026,6,13,chokepoint5,Malacca Strait,54,70,22,6,75,152,227,1536251,3328487,89038,11907,2852297,4965684,7817982,12681
2026-06-14,2026,6,14,chokepoint5,Malacca Strait,70,59,22,8,65,159,224,2386351,3390599,114037,31254,2617831,5922243,8540074,12682
2026-06-15,2026,6,15,chokepoint5,Malacca Strait,62,76,19,8,62,165,227,1821105,4840767,154534,29315,1959528,6845721,8805250,12683
2026-06-16,2026,6,16,chokepoint5,Malacca Strait,67,61,14,7,83,149,232,1933532,3443217,83738,19943,1777479,5480431,7257911,12684
2026-06-17,2026,6,17,chokepoint5,Malacca Strait,49,71,18,6,60,144,204,1772019,3989658,104343,7787,2790119,5873808,8663927,12685
2026-06-18,2026,6,18,chokepoint5,Malacca Strait,46,66,21,7,70,140,210,963632,3285856,86757,21072,2808576,4357319,7165895,12686
2026-06-19,2026,6,19,chokepoint5,Malacca Strait,49,55,24,7,58,135,193,1928428,3701824,152598,26035,2383946,5808886,8192833,12687
2026-06-20,2026,6,20,chokepoint5,Malacca Strait,57,66,18,7,75,148,223,1787060,3333072,81925,20716,1987115,5222775,7209890,12688
2026-06-21,2026,6,21,chokepoint5,Malacca Strait,78,65,14,7,71,164,235,2250114,3409516,64099,29106,2399834,5752837,8152672,12689
2026-06-22,2026,6,22,chokepoint5,Malacca Strait,81,80,20,13,69,194,263,1945009,4568669,105304,32864,3723547,6651847,10375395,12690
2026-06-23,2026,6,23,chokepoint5,Malacca Strait,66,63,18,8,78,155,233,2301461,2775073,50688,33933,2259767,5161157,7420925,12691
2026-06-24,2026,6,24,chokepoint5,Malacca Strait,57,70,15,3,72,145,217,1687625,4524748,114461,5588,2122403,6332423,8454827,12692
2026-06-25,2026,6,25,chokepoint5,Malacca Strait,71,72,15,5,76,163,239,2080941,4653709,104445,0,2635996,6839096,9475093,12693
2026-06-26,2026,6,26,chokepoint5,Malacca Strait,71,72,19,7,66,169,235,2158560,5442301,92137,27138,3250545,7720136,10970681,12694
2026-06-27,2026,6,27,chokepoint5,Malacca Strait,50,78,18,9,77,155,232,1721989,3832413,111653,16705,3367183,5682762,9049946,12695
2026-06-28,2026,6,28,chokepoint5,Malacca Strait,57,68,18,7,65,150,215,1759707,3397010,128740,28135,1737611,5313593,7051204,12696
2026-06-29,2026,6,29,chokepoint5,Malacca Strait,61,58,15,1,54,135,189,1844931,3372786,43189,3521,2407375,5264429,7671804,12697
2026-06-30,2026,6,30,chokepoint5,Malacca Strait,71,77,23,6,69,177,246,2662361,4121240,218139,17369,3031348,7019111,10050460,12698
2026-06-01,2026,6,1,chokepoint6,Strait of Hormuz,0,1,0,0,1,1,2,0,52053,0,0,38238,52053,90292,17399
2026-06-02,2026,6,2,chokepoint6,Strait of Hormuz,0,1,0,1,3,2,5,0,32472,0,6245,33268,38718,71987,17400
2026-06-03,2026,6,3,chokepoint6,Strait of Hormuz,0,3,2,0,3,5,8,0,101939,1186,0,12593,103125,115719,17401
2026-06-04,2026,6,4,chokepoint6,Strait of Hormuz,0,0,2,0,1,2,3,0,0,1047,0,0,1047,1047,17402
2026-06-05,2026,6,5,chokepoint6,Strait of Hormuz,0,0,0,0,0,0,0,0,0,0,0,0,0,0,17403
2026-06-06,2026,6,6,chokepoint6,Strait of Hormuz,0,2,0,0,0,2,2,0,93370,0,0,0,93370,93370,17404
2026-06-07,2026,6,7,chokepoint6,Strait of Hormuz,0,0,0,0,0,0,0,0,0,0,0,0,0,0,17405
2026-06-08,2026,6,8,chokepoint6,Strait of Hormuz,2,1,3,0,1,6,7,41108,0,13545,0,6794,54653,61448,17406
2026-06-09,2026,6,9,chokepoint6,Strait of Hormuz,0,1,1,0,2,2,4,0,61289,859,0,48671,62149,110820,17407
2026-06-10,2026,6,10,chokepoint6,Strait of Hormuz,0,0,3,0,0,3,3,0,0,13825,0,0,13825,13825,17408
2026-06-11,2026,6,11,chokepoint6,Strait of Hormuz,0,0,0,0,2,0,2,0,0,0,0,11142,0,11142,17409
2026-06-12,2026,6,12,chokepoint6,Strait of Hormuz,0,0,0,0,1,0,1,0,0,0,0,11375,0,11375,17410
2026-06-13,2026,6,13,chokepoint6,Strait of Hormuz,0,0,0,0,0,0,0,0,0,0,0,0,0,0,17411
2026-06-14,2026,6,14,chokepoint6,Strait of Hormuz,0,0,0,0,0,0,0,0,0,0,0,0,0,0,17412
2026-06-15,2026,6,15,chokepoint6,Strait of Hormuz,0,2,3,0,1,5,6,0,85430,1089,0,0,86520,86520,17413
2026-06-16,2026,6,16,chokepoint6,Strait of Hormuz,1,0,2,0,2,3,5,393,0,2864,0,35583,3257,38841,17414
2026-06-17,2026,6,17,chokepoint6,Strait of Hormuz,2,4,2,0,0,8,8,54288,76746,4444,0,0,135479,135479,17415
2026-06-18,2026,6,18,chokepoint6,Strait of Hormuz,1,7,1,0,10,9,19,0,351944,10961,0,459872,362905,822778,17416
2026-06-19,2026,6,19,chokepoint6,Strait of Hormuz,2,1,3,0,3,6,9,48415,67620,12352,0,600658,128388,729047,17417
2026-06-20,2026,6,20,chokepoint6,Strait of Hormuz,1,6,4,0,12,11,23,16260,259184,38403,0,543037,313848,856885,17418
2026-06-21,2026,6,21,chokepoint6,Strait of Hormuz,1,2,2,0,1,5,6,0,89864,5969,0,65755,95834,161589,17419
2026-06-22,2026,6,22,chokepoint6,Strait of Hormuz,0,2,0,0,8,2,10,0,74187,0,0,337125,74187,411312,17420
2026-06-23,2026,6,23,chokepoint6,Strait of Hormuz,1,5,1,0,4,7,11,31769,171205,2188,0,835217,205162,1040380,17421
2026-06-24,2026,6,24,chokepoint6,Strait of Hormuz,5,18,2,1,18,26,44,87401,583322,1510,0,1256969,672235,1929204,17422
2026-06-25,2026,6,25,chokepoint6,Strait of Hormuz,7,12,3,0,21,22,43,57338,388502,11227,0,1383947,457068,1841015,17423
2026-06-26,2026,6,26,chokepoint6,Strait of Hormuz,2,6,2,0,17,10,27,33710,266029,13035,0,655492,312775,968267,17424
2026-06-27,2026,6,27,chokepoint6,Strait of Hormuz,3,6,6,0,9,15,24,73395,272380,56790,0,552718,402566,955285,17425
2026-06-28,2026,6,28,chokepoint6,Strait of Hormuz,2,1,2,0,6,5,11,89930,58810,5927,0,86241,154668,240909,17426
2026-06-29,2026,6,29,chokepoint6,Strait of Hormuz,4,6,2,0,12,12,24,52444,231303,27949,0,976186,311697,1287883,17427
2026-06-30,2026,6,30,chokepoint6,Strait of Hormuz,0,7,2,0,5,9,14,0,330871,2188,0,232679,333059,565738,17428
2026-06-01,2026,6,1,chokepoint7,Cape of Good Hope,26,42,8,7,24,83,107,1470715,3568037,71524,26757,866709,5137035,6003745,18977
2026-06-02,2026,6,2,chokepoint7,Cape of Good Hope,17,36,2,8,23,63,86,739798,3001355,19278,20788,849410,3781221,4630632,18978
2026-06-03,2026,6,3,chokepoint7,Cape of Good Hope,16,45,3,3,11,67,78,1105455,3424202,35892,14053,325711,4579604,4905316,18979
2026-06-04,2026,6,4,chokepoint7,Cape of Good Hope,11,39,0,3,16,53,69,823821,2905115,0,14769,779450,3743706,4523157,18980
2026-06-05,2026,6,5,chokepoint7,Cape of Good Hope,32,45,1,6,19,84,103,1770814,4769726,33517,17064,1194659,6591123,7785783,18981
2026-06-06,2026,6,6,chokepoint7,Cape of Good Hope,24,40,4,2,26,70,96,1440466,3915102,68104,0,1912208,5423673,7335882,18982
2026-06-07,2026,6,7,chokepoint7,Cape of Good Hope,25,35,3,7,30,70,100,1666452,2640112,3340,28863,1905418,4338768,6244187,18983
2026-06-08,2026,6,8,chokepoint7,Cape of Good Hope,20,48,3,7,23,78,101,1068685,4597017,39985,50548,1470006,5756237,7226243,18984
2026-06-09,2026,6,9,chokepoint7,Cape of Good Hope,20,42,5,6,15,73,88,1248252,3576099,53659,25652,962549,4903663,5866213,18985
2026-06-10,2026,6,10,chokepoint7,Cape of Good Hope,27,51,8,2,17,88,105,1911863,3436520,74031,2135,673430,5424550,6097980,18986
2026-06-11,2026,6,11,chokepoint7,Cape of Good Hope,10,46,6,3,16,65,81,577716,3079904,51861,13206,1780245,3722689,5502935,18987
2026-06-12,2026,6,12,chokepoint7,Cape of Good Hope,16,37,3,1,19,57,76,1022575,3638465,34755,0,795240,4695796,5491036,18988
2026-06-13,2026,6,13,chokepoint7,Cape of Good Hope,22,36,3,3,15,64,79,1465716,2817588,70232,12491,826431,4366028,5192459,18989
2026-06-14,2026,6,14,chokepoint7,Cape of Good Hope,24,58,2,2,21,86,107,1464706,4895725,13613,7609,1121997,6381655,7503652,18990
2026-06-15,2026,6,15,chokepoint7,Cape of Good Hope,19,42,3,5,27,69,96,956283,2739352,45729,19668,1321728,3761034,5082763,18991
2026-06-16,2026,6,16,chokepoint7,Cape of Good Hope,16,49,4,3,25,72,97,914821,3130183,73226,24380,1550181,4142610,5692792,18992
2026-06-17,2026,6,17,chokepoint7,Cape of Good Hope,14,49,4,1,15,68,83,845583,3431159,31024,4671,1129751,4312438,5442189,18993
2026-06-18,2026,6,18,chokepoint7,Cape of Good Hope,27,44,4,3,15,78,93,1540729,3126893,57754,10818,1040644,4736195,5776839,18994
2026-06-19,2026,6,19,chokepoint7,Cape of Good Hope,28,39,5,5,17,77,94,1765198,2110223,34202,6632,1046438,3916257,4962696,18995
2026-06-20,2026,6,20,chokepoint7,Cape of Good Hope,22,43,5,6,22,76,98,1196040,4166132,55246,20759,1325621,5438178,6763800,18996
2026-06-21,2026,6,21,chokepoint7,Cape of Good Hope,30,44,2,3,27,79,106,1990292,3295910,25135,20071,1369667,5331411,6701078,18997
2026-06-22,2026,6,22,chokepoint7,Cape of Good Hope,23,54,4,8,21,89,110,1356920,4370634,48971,33513,1075269,5810040,6885309,18998
2026-06-23,2026,6,23,chokepoint7,Cape of Good Hope,20,41,2,5,22,68,90,933475,3405390,7382,12810,710423,4359058,5069481,18999
2026-06-24,2026,6,24,chokepoint7,Cape of Good Hope,9,46,4,5,14,64,78,468304,3479432,69216,35757,833040,4052711,4885751,19000
2026-06-25,2026,6,25,chokepoint7,Cape of Good Hope,22,42,5,4,17,73,90,1576226,3073462,28166,17865,1067982,4695720,5763703,19001
2026-06-26,2026,6,26,chokepoint7,Cape of Good Hope,26,33,4,0,28,63,91,1774588,2330208,59906,0,1962154,4164704,6126858,19002
2026-06-27,2026,6,27,chokepoint7,Cape of Good Hope,21,53,6,4,21,84,105,1254359,3999547,37901,20607,1055452,5312416,6367869,19003
2026-06-28,2026,6,28,chokepoint7,Cape of Good Hope,14,39,1,6,19,60,79,980473,3469777,16690,13772,1229210,4480714,5709925,19004
2026-06-29,2026,6,29,chokepoint7,Cape of Good Hope,19,50,5,2,12,76,88,1063805,3268875,25478,16832,663770,4374992,5038762,19005
2026-06-30,2026,6,30,chokepoint7,Cape of Good Hope,23,46,3,4,26,76,102,1343433,4149473,28991,21093,2043410,5542990,7586401,19006
2026-06-01,2026,6,1,chokepoint8,Gibraltar Strait,36,21,25,4,36,86,122,1080049,555244,137022,12622,1376926,1784940,3161866,23755
2026-06-02,2026,6,2,chokepoint8,Gibraltar Strait,38,23,26,9,40,96,136,1475788,1125360,70377,24402,1374069,2695927,4069997,23756
2026-06-03,2026,6,3,chokepoint8,Gibraltar Strait,25,25,21,6,34,77,111,903325,1115087,72153,14021,854618,2104588,2959206,23757
2026-06-04,2026,6,4,chokepoint8,Gibraltar Strait,34,22,23,4,51,83,134,1109185,602873,94861,4603,1504090,1811523,3315614,23758
2026-06-05,2026,6,5,chokepoint8,Gibraltar Strait,18,30,21,8,35,77,112,826726,1169220,81324,26740,1015188,2104012,3119200,23759
2026-06-06,2026,6,6,chokepoint8,Gibraltar Strait,34,27,26,3,52,90,142,951926,887417,89280,5442,1662348,1934066,3596415,23760
2026-06-07,2026,6,7,chokepoint8,Gibraltar Strait,41,29,13,3,34,86,120,1268408,1241502,51407,5144,1568278,2566463,4134741,23761
2026-06-08,2026,6,8,chokepoint8,Gibraltar Strait,36,23,23,5,54,87,141,1067446,687455,69462,19639,1497575,1844004,3341579,23762
2026-06-09,2026,6,9,chokepoint8,Gibraltar Strait,28,35,25,4,32,92,124,676921,1379563,92519,4673,1151889,2153678,3305567,23763
2026-06-10,2026,6,10,chokepoint8,Gibraltar Strait,33,35,14,4,45,86,131,997269,1216944,49104,16033,1208068,2279351,3487420,23764
2026-06-11,2026,6,11,chokepoint8,Gibraltar Strait,28,35,17,2,60,82,142,1175413,1462711,92712,955,1777808,2731792,4509601,23765
2026-06-12,2026,6,12,chokepoint8,Gibraltar Strait,31,35,22,3,31,91,122,1277198,1342255,60270,2834,716586,2682559,3399145,23766
2026-06-13,2026,6,13,chokepoint8,Gibraltar Strait,33,43,34,6,47,116,163,752586,1827467,116126,8891,1366469,2705071,4071541,23767
2026-06-14,2026,6,14,chokepoint8,Gibraltar Strait,25,25,21,11,32,82,114,761838,1070340,103811,29005,1119228,1964996,3084224,23768
2026-06-15,2026,6,15,chokepoint8,Gibraltar Strait,42,31,25,3,40,101,141,1313842,1344454,87433,2132,1257415,2747862,4005278,23769
2026-06-16,2026,6,16,chokepoint8,Gibraltar Strait,29,27,24,7,50,87,137,658577,1103860,102320,20548,1833320,1885306,3718626,23770
2026-06-17,2026,6,17,chokepoint8,Gibraltar Strait,45,23,23,8,24,99,123,1404107,739423,55440,18057,918717,2217028,3135746,23771
2026-06-18,2026,6,18,chokepoint8,Gibraltar Strait,32,40,25,4,39,101,140,984896,1418931,85464,7804,1158399,2497097,3655496,23772
2026-06-19,2026,6,19,chokepoint8,Gibraltar Strait,21,25,32,6,48,84,132,694448,926075,103668,11602,1982458,1735795,3718254,23773
2026-06-20,2026,6,20,chokepoint8,Gibraltar Strait,32,37,30,7,57,106,163,1164305,1453494,97860,11814,1905044,2727473,4632518,23774
2026-06-21,2026,6,21,chokepoint8,Gibraltar Strait,32,30,19,1,42,82,124,1141036,1198945,82924,4132,1279453,2427038,3706491,23775
2026-06-22,2026,6,22,chokepoint8,Gibraltar Strait,39,28,24,6,51,97,148,948845,1030784,92890,27302,1852029,2099823,3951852,23776
2026-06-23,2026,6,23,chokepoint8,Gibraltar Strait,23,33,23,5,49,84,133,666325,1060656,84684,13426,1601941,1825091,3427033,23777
2026-06-24,2026,6,24,chokepoint8,Gibraltar Strait,37,24,17,4,43,82,125,1157651,1257015,56731,6504,1480349,2477902,3958252,23778
2026-06-25,2026,6,25,chokepoint8,Gibraltar Strait,21,30,22,4,39,77,116,800407,1318967,79415,3964,808032,2202755,3010787,23779
2026-06-26,2026,6,26,chokepoint8,Gibraltar Strait,40,33,21,1,41,95,136,1269146,1053671,59707,0,1344937,2382525,3727462,23780
2026-06-27,2026,6,27,chokepoint8,Gibraltar Strait,33,29,21,5,52,88,140,866481,1252855,98690,15445,1594420,2233473,3827893,23781
2026-06-28,2026,6,28,chokepoint8,Gibraltar Strait,33,15,30,7,44,85,129,900589,590488,133631,28090,1892212,1652800,3545013,23782
2026-06-29,2026,6,29,chokepoint8,Gibraltar Strait,32,20,35,3,50,90,140,833443,1040835,154063,1400,1575283,2029743,3605027,23783
2026-06-30,2026,6,30,chokepoint8,Gibraltar Strait,26,20,23,6,58,75,133,816150,556945,91641,28239,1683034,1492976,3176010,23784
2026-06-01,2026,6,1,chokepoint9,Dover Strait,38,23,34,9,57,104,161,1061651,718254,105910,22028,1498655,1907845,3406501,24133
2026-06-02,2026,6,2,chokepoint9,Dover Strait,30,21,47,10,58,108,166,982718,708122,140144,16953,1097691,1847938,2945630,24134
2026-06-03,2026,6,3,chokepoint9,Dover Strait,37,23,31,9,56,100,156,1032654,678491,68026,29652,1384762,1808824,3193586,24135
2026-06-04,2026,6,4,chokepoint9,Dover Strait,37,17,37,8,61,99,160,897119,589777,145268,20943,1120492,1653107,2773600,24136
2026-06-05,2026,6,5,chokepoint9,Dover Strait,30,23,24,11,58,88,146,1066312,1045694,88848,18762,1513766,2219616,3733383,24137
2026-06-06,2026,6,6,chokepoint9,Dover Strait,42,26,39,11,54,118,172,1206525,933119,133158,24519,1287923,2297323,3585246,24138
2026-06-07,2026,6,7,chokepoint9,Dover Strait,32,26,40,8,59,106,165,938060,963081,132888,17241,1462991,2051271,3514262,24139
2026-06-08,2026,6,8,chokepoint9,Dover Strait,38,26,38,6,61,108,169,825144,1086083,95919,18606,1635496,2025754,3661250,24140
2026-06-09,2026,6,9,chokepoint9,Dover Strait,33,26,36,13,52,108,160,787022,783472,115063,38145,822833,1723704,2546537,24141
2026-06-10,2026,6,10,chokepoint9,Dover Strait,33,26,41,17,54,117,171,806547,1148566,120584,47662,1179251,2123360,3302611,24142
2026-06-11,2026,6,11,chokepoint9,Dover Strait,36,27,35,12,48,110,158,939489,1352282,129975,23447,467137,2445195,2912332,24143
2026-06-12,2026,6,12,chokepoint9,Dover Strait,32,30,37,11,62,110,172,769720,1268059,109744,29249,1626916,2176774,3803691,24144
2026-06-13,2026,6,13,chokepoint9,Dover Strait,36,20,51,11,55,118,173,1017830,725038,129096,22720,1089338,1894687,2984025,24145
2026-06-14,2026,6,14,chokepoint9,Dover Strait,43,20,39,11,54,113,167,1425232,759377,114733,13963,1285847,2313307,3599154,24146
2026-06-15,2026,6,15,chokepoint9,Dover Strait,41,17,31,11,46,100,146,1172885,656473,95818,34531,1424918,1959709,3384628,24147
2026-06-16,2026,6,16,chokepoint9,Dover Strait,29,16,51,5,59,101,160,967535,661953,190698,5544,959357,1825733,2785090,24148
2026-06-17,2026,6,17,chokepoint9,Dover Strait,33,21,31,9,66,94,160,802136,1152763,85967,26291,1699261,2067159,3766421,24149
2026-06-18,2026,6,18,chokepoint9,Dover Strait,32,11,37,12,53,92,145,968916,302005,114402,29610,629687,1414934,2044622,24150
2026-06-19,2026,6,19,chokepoint9,Dover Strait,31,21,47,11,54,110,164,957598,854793,136555,22984,965808,1971931,2937740,24151
2026-06-20,2026,6,20,chokepoint9,Dover Strait,32,26,35,13,49,106,155,789066,1038190,101883,47376,1055448,1976516,3031964,24152
2026-06-21,2026,6,21,chokepoint9,Dover Strait,38,29,42,12,55,121,176,971199,1093117,98982,8934,1336380,2172233,3508614,24153
2026-06-22,2026,6,22,chokepoint9,Dover Strait,38,23,27,10,55,98,153,1140174,1000664,97351,27075,1268384,2265266,3533651,24154
2026-06-23,2026,6,23,chokepoint9,Dover Strait,35,27,35,8,49,105,154,1131844,1073288,120587,18302,1005263,2344022,3349285,24155
2026-06-24,2026,6,24,chokepoint9,Dover Strait,36,24,48,11,55,119,174,995229,521384,156768,4648,1460445,1678030,3138476,24156
2026-06-25,2026,6,25,chokepoint9,Dover Strait,36,15,42,10,43,103,146,791285,882845,159521,19285,1164168,1852937,3017106,24157
2026-06-26,2026,6,26,chokepoint9,Dover Strait,29,20,41,13,55,103,158,661939,739279,148220,61458,1705592,1610897,3316489,24158
2026-06-27,2026,6,27,chokepoint9,Dover Strait,39,20,44,11,48,114,162,1407058,1002773,100259,23683,1377080,2533775,3910856,24159
2026-06-28,2026,6,28,chokepoint9,Dover Strait,31,23,35,11,66,100,166,857963,575238,82547,11465,1453477,1527214,2980691,24160
2026-06-29,2026,6,29,chokepoint9,Dover Strait,25,17,34,12,42,88,130,835748,669400,95915,33334,1041948,1634399,2676347,24161
2026-06-30,2026,6,30,chokepoint9,Dover Strait,31,26,41,5,59,103,162,710292,1029059,119917,2754,1102399,1862023,2964422,24162
2026-06-01,2026,6,1,chokepoint10,Oresund Strait,7,4,15,3,4,29,33,18385,89729,30276,1343,6020,139734,145755,26511
2026-06-02,2026,6,2,chokepoint10,Oresund Strait,7,9,15,2,9,33,42,12452,7319,20004,3546,20524,43323,63848,26512
2026-06-03,2026,6,3,chokepoint10,Oresund Strait,1,3,19,3,11,26,37,1479,2268,37404,2169,8877,43322,52200,26513
2026-06-04,2026,6,4,chokepoint10,Oresund Strait,4,6,24,2,13,36,49,951,5029,38192,0,41483,44173,85656,26514
2026-06-05,2026,6,5,chokepoint10,Oresund Strait,6,12,18,1,10,37,47,7701,45078,25413,0,18935,78192,97128,26515
2026-06-06,2026,6,6,chokepoint10,Oresund Strait,10,6,16,4,9,36,45,20174,50610,26388,5019,21360,102192,123553,26516
2026-06-07,2026,6,7,chokepoint10,Oresund Strait,3,4,16,4,11,27,38,12527,0,32071,5062,25089,49662,74751,26517
2026-06-08,2026,6,8,chokepoint10,Oresund Strait,5,6,23,3,6,37,43,10314,74311,42925,3187,9070,130739,139809,26518
2026-06-09,2026,6,9,chokepoint10,Oresund Strait,8,4,13,3,9,28,37,16713,141779,21892,1837,19273,182223,201496,26519
2026-06-10,2026,6,10,chokepoint10,Oresund Strait,8,5,17,2,10,32,42,13356,23785,31693,3800,36239,72636,108876,26520
2026-06-11,2026,6,11,chokepoint10,Oresund Strait,7,3,19,2,9,31,40,10367,3278,39182,0,12495,52828,65323,26521
2026-06-12,2026,6,12,chokepoint10,Oresund Strait,5,4,19,1,12,29,41,8764,8398,36640,0,27706,53802,81509,26522
2026-06-13,2026,6,13,chokepoint10,Oresund Strait,7,9,21,3,15,40,55,12030,17587,30446,5033,40262,65098,105360,26523
2026-06-14,2026,6,14,chokepoint10,Oresund Strait,2,3,15,3,8,23,31,1605,0,25154,1239,35092,27999,63092,26524
2026-06-15,2026,6,15,chokepoint10,Oresund Strait,6,7,17,1,8,31,39,11680,0,23194,0,34090,34874,68964,26525
2026-06-16,2026,6,16,chokepoint10,Oresund Strait,3,5,21,4,11,33,44,5776,45262,31936,5258,43314,88234,131548,26526
2026-06-17,2026,6,17,chokepoint10,Oresund Strait,5,5,19,3,9,32,41,13046,8765,21329,1330,18247,44472,62719,26527
2026-06-18,2026,6,18,chokepoint10,Oresund Strait,3,5,16,1,10,25,35,6747,0,27317,3775,23622,37841,61463,26528
2026-06-19,2026,6,19,chokepoint10,Oresund Strait,6,5,17,2,9,30,39,10911,4060,28483,1343,12018,44799,56817,26529
2026-06-20,2026,6,20,chokepoint10,Oresund Strait,7,4,22,2,13,35,48,15834,0,25966,0,51956,41801,93757,26530
2026-06-21,2026,6,21,chokepoint10,Oresund Strait,10,4,17,3,4,34,38,32054,170238,32661,0,0,234955,234955,26531
2026-06-22,2026,6,22,chokepoint10,Oresund Strait,4,2,14,3,10,23,33,9008,3049,32104,3727,21053,47890,68944,26532
2026-06-23,2026,6,23,chokepoint10,Oresund Strait,6,3,26,4,7,39,46,13286,0,41977,6146,16655,61410,78065,26533
2026-06-24,2026,6,24,chokepoint10,Oresund Strait,3,6,12,3,8,24,32,10834,0,17853,1948,19521,30635,50156,26534
2026-06-25,2026,6,25,chokepoint10,Oresund Strait,4,6,14,2,8,26,34,6284,8125,24544,0,20426,38954,59380,26535
2026-06-26,2026,6,26,chokepoint10,Oresund Strait,8,3,26,2,12,39,51,18972,5044,38593,0,68613,62610,131224,26536
2026-06-27,2026,6,27,chokepoint10,Oresund Strait,4,5,15,2,9,26,35,5915,41969,24556,5019,63166,77461,140627,26537
2026-06-28,2026,6,28,chokepoint10,Oresund Strait,9,7,15,3,10,34,44,14671,0,25131,2000,20775,41804,62579,26538
2026-06-29,2026,6,29,chokepoint10,Oresund Strait,7,7,16,1,10,31,41,14690,0,26225,0,26154,40915,67070,26539
2026-06-30,2026,6,30,chokepoint10,Oresund Strait,5,6,19,5,7,35,42,6278,7275,27966,11145,26216,52666,78882,26540
2026-06-01,2026,6,1,chokepoint11,Taiwan Strait,107,104,37,9,62,257,319,2380788,3822390,185021,24272,1344661,6412472,7757134,31689
2026-06-02,2026,6,2,chokepoint11,Taiwan Strait,103,83,32,8,47,226,273,2296628,4176745,237402,23185,1205541,6733961,7939502,31690
2026-06-03,2026,6,3,chokepoint11,Taiwan Strait,99,73,28,6,49,206,255,2345075,3457039,225011,23634,892476,6050761,6943237,31691
2026-06-04,2026,6,4,chokepoint11,Taiwan Strait,82,88,30,12,60,212,272,1720133,4247249,142820,33095,693195,6143298,6836494,31692
2026-06-05,2026,6,5,chokepoint11,Taiwan Strait,95,74,30,5,59,204,263,2193576,3486126,146572,33624,830077,5859900,6689978,31693
2026-06-06,2026,6,6,chokepoint11,Taiwan Strait,106,74,23,6,58,209,267,2054925,3465205,106170,26033,596073,5652335,6248409,31694
2026-06-07,2026,6,7,chokepoint11,Taiwan Strait,94,55,29,10,49,188,237,2628836,2440111,192904,17273,559951,5279126,5839077,31695
2026-06-08,2026,6,8,chokepoint11,Taiwan Strait,77,69,23,2,51,171,222,1503016,3061402,156133,8030,968140,4728582,5696722,31696
2026-06-09,2026,6,9,chokepoint11,Taiwan Strait,113,69,29,9,46,220,266,2717043,3088878,143459,35906,680071,5985288,6665359,31697
2026-06-10,2026,6,10,chokepoint11,Taiwan Strait,100,76,25,7,47,208,255,2156020,4420202,141163,11050,1175284,6728436,7903721,31698
2026-06-11,2026,6,11,chokepoint11,Taiwan Strait,79,82,31,9,43,201,244,1759007,3214714,131541,23417,351272,5128680,5479953,31699
2026-06-12,2026,6,12,chokepoint11,Taiwan Strait,93,72,21,6,48,192,240,2121624,3461701,136285,13033,523288,5732644,6255932,31700
2026-06-13,2026,6,13,chokepoint11,Taiwan Strait,90,75,31,7,40,203,243,2155722,3302275,168724,15981,645629,5642705,6288334,31701
2026-06-14,2026,6,14,chokepoint11,Taiwan Strait,99,64,20,8,42,191,233,2333016,2890598,169464,16126,409724,5409205,5818930,31702
2026-06-15,2026,6,15,chokepoint11,Taiwan Strait,91,76,20,6,39,193,232,2086102,3344013,79136,19970,739853,5529222,6269076,31703
2026-06-16,2026,6,16,chokepoint11,Taiwan Strait,84,62,36,6,58,188,246,2423110,3545964,158354,25740,659228,6153170,6812399,31704
2026-06-17,2026,6,17,chokepoint11,Taiwan Strait,100,72,26,8,42,206,248,2449604,3718547,152274,28301,696462,6348728,7045190,31705
2026-06-18,2026,6,18,chokepoint11,Taiwan Strait,100,80,28,12,50,220,270,1680905,3686729,91725,33052,730756,5492413,6223170,31706
2026-06-19,2026,6,19,chokepoint11,Taiwan Strait,88,51,34,4,54,177,231,1913264,2408064,132426,12757,1318986,4466512,5785498,31707
2026-06-20,2026,6,20,chokepoint11,Taiwan Strait,83,75,31,7,41,196,237,1816787,3057627,163164,15558,451927,5053136,5505064,31708
2026-06-21,2026,6,21,chokepoint11,Taiwan Strait,93,76,24,7,48,200,248,2036576,2948952,105089,21025,360641,5111644,5472285,31709
2026-06-22,2026,6,22,chokepoint11,Taiwan Strait,95,77,32,9,45,213,258,2615234,3810738,139200,21890,601964,6587063,7189027,31710
2026-06-23,2026,6,23,chokepoint11,Taiwan Strait,102,121,44,11,47,278,325,2205909,6568360,308346,26654,769045,9109270,9878316,31711
2026-06-24,2026,6,24,chokepoint11,Taiwan Strait,96,95,37,18,67,246,313,2194002,6613662,203360,64362,949715,9075388,10025104,31712
2026-06-25,2026,6,25,chokepoint11,Taiwan Strait,88,90,19,4,43,201,244,2050324,4867286,154598,9315,818238,7081523,7899762,31713
2026-06-26,2026,6,26,chokepoint11,Taiwan Strait,99,81,28,7,59,215,274,2298283,4345386,154325,20142,700625,6818137,7518762,31714
2026-06-27,2026,6,27,chokepoint11,Taiwan Strait,99,80,24,5,49,208,257,2163029,3658812,130414,14693,869107,5966948,6836056,31715
2026-06-28,2026,6,28,chokepoint11,Taiwan Strait,100,72,25,5,45,202,247,2197988,3236069,117300,14760,598395,5566118,6164514,31716
2026-06-29,2026,6,29,chokepoint11,Taiwan Strait,87,94,29,5,49,215,264,1750127,3717741,205117,14499,876439,5687486,6563925,31717
2026-06-30,2026,6,30,chokepoint11,Taiwan Strait,94,77,25,10,53,206,259,2277097,3928367,112094,42637,818068,6360197,7178265,31718
2026-06-01,2026,6,1,chokepoint12,Korea Strait,80,47,46,5,58,178,236,1226073,1373378,94546,12133,1419385,2706133,4125518,33655
2026-06-02,2026,6,2,chokepoint12,Korea Strait,56,30,54,8,60,148,208,892953,586822,147799,19761,1291154,1647336,2938491,33656
2026-06-03,2026,6,3,chokepoint12,Korea Strait,65,37,59,9,48,170,218,1195459,1748056,122046,16842,722192,3082405,3804597,33657
2026-06-04,2026,6,4,chokepoint12,Korea Strait,46,41,62,7,69,156,225,1198763,1193078,134314,5159,642287,2531315,3173603,33658
2026-06-05,2026,6,5,chokepoint12,Korea Strait,72,43,61,9,61,185,246,1554958,1071911,136676,6423,1356096,2769969,4126066,33659
2026-06-06,2026,6,6,chokepoint12,Korea Strait,65,44,65,8,52,182,234,1214567,1669480,179945,5733,1215973,3069726,4285700,33660
2026-06-07,2026,6,7,chokepoint12,Korea Strait,59,37,53,8,51,157,208,1262397,1019832,128456,31187,562375,2441873,3004249,33661
2026-06-08,2026,6,8,chokepoint12,Korea Strait,56,41,52,8,61,157,218,1119756,856628,122432,4862,933367,2103680,3037047,33662
2026-06-09,2026,6,9,chokepoint12,Korea Strait,72,39,42,8,57,161,218,1541945,1005308,95753,8980,1395327,2651988,4047315,33663
2026-06-10,2026,6,10,chokepoint12,Korea Strait,60,38,68,11,42,177,219,1172735,1420349,146059,20861,813171,2760004,3573175,33664
2026-06-11,2026,6,11,chokepoint12,Korea Strait,68,34,40,6,47,148,195,1385178,1273556,62785,7368,786986,2728889,3515875,33665
2026-06-12,2026,6,12,chokepoint12,Korea Strait,55,33,55,14,56,157,213,1063024,1165336,133753,51357,906644,2413473,3320117,33666
2026-06-13,2026,6,13,chokepoint12,Korea Strait,64,52,59,8,57,183,240,1321659,1901548,97677,12054,894125,3332940,4227066,33667
2026-06-14,2026,6,14,chokepoint12,Korea Strait,61,34,60,12,47,167,214,1493913,999272,166179,7905,761252,2667270,3428523,33668
2026-06-15,2026,6,15,chokepoint12,Korea Strait,61,46,50,4,60,161,221,991069,1407857,92656,12406,524161,2503990,3028151,33669
2026-06-16,2026,6,16,chokepoint12,Korea Strait,61,36,54,10,49,161,210,1374114,1074796,104522,22886,379481,2576319,2955801,33670
2026-06-17,2026,6,17,chokepoint12,Korea Strait,57,37,57,6,64,157,221,1273088,966427,156728,6581,874858,2402826,3277685,33671
2026-06-18,2026,6,18,chokepoint12,Korea Strait,64,45,45,11,52,165,217,1201834,1036674,85751,40998,715629,2365259,3080888,33672
2026-06-19,2026,6,19,chokepoint12,Korea Strait,58,39,53,7,56,157,213,1158797,1066978,86939,17834,1018206,2330550,3348756,33673
2026-06-20,2026,6,20,chokepoint12,Korea Strait,66,36,37,13,44,152,196,1384439,1123157,79450,23062,610829,2610109,3220939,33674
2026-06-21,2026,6,21,chokepoint12,Korea Strait,58,51,59,10,60,178,238,978286,1559419,135802,20238,853227,2693747,3546975,33675
2026-06-22,2026,6,22,chokepoint12,Korea Strait,70,44,57,10,51,181,232,1244396,1358242,126120,6948,825224,2735708,3560932,33676
2026-06-23,2026,6,23,chokepoint12,Korea Strait,65,41,31,6,54,143,197,1334367,1383252,41522,11623,526637,2770765,3297403,33677
2026-06-24,2026,6,24,chokepoint12,Korea Strait,62,44,75,12,58,193,251,1361367,1592374,167109,20660,1059579,3141512,4201092,33678
2026-06-25,2026,6,25,chokepoint12,Korea Strait,63,49,61,18,56,191,247,1214244,1419601,173456,36844,1419821,2844147,4263968,33679
2026-06-26,2026,6,26,chokepoint12,Korea Strait,66,40,50,16,62,172,234,1064656,1291234,114650,28777,815861,2499318,3315180,33680
2026-06-27,2026,6,27,chokepoint12,Korea Strait,63,63,48,10,47,184,231,948689,1691640,137831,15209,425108,2793370,3218479,33681
2026-06-28,2026,6,28,chokepoint12,Korea Strait,53,37,57,12,62,159,221,1232118,1008360,129086,21128,1570224,2390692,3960917,33682
2026-06-29,2026,6,29,chokepoint12,Korea Strait,52,55,49,3,51,159,210,1134793,1545989,87704,8457,684592,2776944,3461537,33683
2026-06-30,2026,6,30,chokepoint12,Korea Strait,58,40,66,8,65,172,237,1134157,991077,124733,42327,1705569,2292296,3997866,33684
2026-06-01,2026,6,1,chokepoint13,Tsugaru Strait,12,12,7,4,14,35,49,529542,285153,21104,8702,16256,844502,860758,37645
2026-06-02,2026,6,2,chokepoint13,Tsugaru Strait,14,20,15,10,14,59,73,586535,646293,31559,24161,143785,1288549,1432335,37646
2026-06-03,2026,6,3,chokepoint13,Tsugaru Strait,23,20,11,2,15,56,71,896346,558473,17805,5036,238350,1477661,1716012,37647
2026-06-04,2026,6,4,chokepoint13,Tsugaru Strait,14,11,7,5,11,37,48,496136,277295,10349,11677,562444,795458,1357903,37648
2026-06-05,2026,6,5,chokepoint13,Tsugaru Strait,11,10,1,3,9,25,34,525537,284262,849,10406,201949,821056,1023005,37649
2026-06-06,2026,6,6,chokepoint13,Tsugaru Strait,22,11,11,3,17,47,64,735346,439619,60512,0,423501,1235478,1658980,37650
2026-06-07,2026,6,7,chokepoint13,Tsugaru Strait,10,11,7,1,12,29,41,441269,393893,8791,7282,148796,851237,1000033,37651
2026-06-08,2026,6,8,chokepoint13,Tsugaru Strait,14,15,8,8,17,45,62,641954,911317,5199,16606,213888,1575077,1788965,37652
2026-06-09,2026,6,9,chokepoint13,Tsugaru Strait,9,11,10,3,16,33,49,351594,393204,53180,6763,120474,804742,925217,37653
2026-06-10,2026,6,10,chokepoint13,Tsugaru Strait,19,11,5,1,19,36,55,844072,581465,5922,4530,162320,1435991,1598312,37654
2026-06-11,2026,6,11,chokepoint13,Tsugaru Strait,15,18,7,2,15,42,57,647490,484921,25079,11992,246437,1169484,1415922,37655
2026-06-12,2026,6,12,chokepoint13,Tsugaru Strait,21,14,6,6,12,47,59,743426,497745,6104,2071,248278,1249347,1497625,37656
2026-06-13,2026,6,13,chokepoint13,Tsugaru Strait,14,15,11,4,12,44,56,470965,531761,25394,15349,269098,1043470,1312568,37657
2026-06-14,2026,6,14,chokepoint13,Tsugaru Strait,17,11,7,1,16,36,52,756713,363466,19444,1478,116913,1141103,1258016,37658
2026-06-15,2026,6,15,chokepoint13,Tsugaru Strait,8,12,11,3,12,34,46,331710,476937,17371,14424,246254,840443,1086697,37659
2026-06-16,2026,6,16,chokepoint13,Tsugaru Strait,15,24,10,9,18,58,76,611300,599182,30292,22151,181129,1262927,1444056,37660
2026-06-17,2026,6,17,chokepoint13,Tsugaru Strait,11,18,6,5,16,40,56,573894,668920,13080,5053,214276,1260949,1475225,37661
2026-06-18,2026,6,18,chokepoint13,Tsugaru Strait,11,14,9,5,8,39,47,376816,493380,36221,12601,131238,919020,1050259,37662
2026-06-19,2026,6,19,chokepoint13,Tsugaru Strait,13,14,8,3,13,38,51,489722,500914,8257,24635,308771,1023529,1332301,37663
2026-06-20,2026,6,20,chokepoint13,Tsugaru Strait,17,16,5,2,10,40,50,891936,450098,35094,0,174416,1377129,1551545,37664
2026-06-21,2026,6,21,chokepoint13,Tsugaru Strait,15,9,7,3,14,34,48,550892,419038,13305,11544,189509,994781,1184290,37665
2026-06-22,2026,6,22,chokepoint13,Tsugaru Strait,17,9,8,1,11,35,46,723726,321420,4326,0,302914,1049473,1352388,37666
2026-06-23,2026,6,23,chokepoint13,Tsugaru Strait,13,13,8,5,13,39,52,434591,321839,30181,7474,180918,794086,975004,37667
2026-06-24,2026,6,24,chokepoint13,Tsugaru Strait,14,19,13,5,11,51,62,395721,818480,12043,15311,197162,1241556,1438718,37668
2026-06-25,2026,6,25,chokepoint13,Tsugaru Strait,13,12,12,4,6,41,47,313399,517330,30898,11245,128600,872874,1001475,37669
2026-06-26,2026,6,26,chokepoint13,Tsugaru Strait,16,11,8,6,19,41,60,759852,413451,22759,16790,783020,1212854,1995875,37670
2026-06-27,2026,6,27,chokepoint13,Tsugaru Strait,16,26,7,2,17,51,68,551432,1040278,10092,5405,239619,1607209,1846828,37671
2026-06-28,2026,6,28,chokepoint13,Tsugaru Strait,13,7,9,1,12,30,42,524954,124910,22814,0,156792,672679,829471,37672
2026-06-29,2026,6,29,chokepoint13,Tsugaru Strait,12,17,7,5,13,41,54,419659,673046,41878,25462,253144,1160047,1413191,37673
2026-06-30,2026,6,30,chokepoint13,Tsugaru Strait,9,15,9,3,14,36,50,353133,644336,16582,4988,210672,1019040,1229712,37674
2026-06-01,2026,6,1,chokepoint14,Luzon Strait,9,37,4,4,21,54,75,266854,4704016,13834,2692,1358958,4987397,6346356,38425
2026-06-02,2026,6,2,chokepoint14,Luzon Strait,8,45,5,1,20,59,79,179698,4645361,24472,4870,1407666,4854403,6262070,38426
2026-06-03,2026,6,3,chokepoint14,Luzon Strait,10,50,4,7,26,71,97,223797,6408705,30071,25388,1607470,6687962,8295432,38427
2026-06-04,2026,6,4,chokepoint14,Luzon Strait,14,42,2,2,19,60,79,307855,3954560,16225,0,1091021,4278641,5369662,38428
2026-06-05,2026,6,5,chokepoint14,Luzon Strait,8,39,5,3,23,55,78,279849,3588788,33433,4885,981263,3906956,4888220,38429
2026-06-06,2026,6,6,chokepoint14,Luzon Strait,13,42,4,4,20,63,83,300664,4114305,20086,7365,989041,4442422,5431464,38430
2026-06-07,2026,6,7,chokepoint14,Luzon Strait,10,38,8,1,18,57,75,136904,3324013,74304,4428,1360007,3539651,4899659,38431
2026-06-08,2026,6,8,chokepoint14,Luzon Strait,18,40,3,8,22,69,91,443062,6388992,11970,14053,1153062,6858078,8011141,38432
2026-06-09,2026,6,9,chokepoint14,Luzon Strait,15,32,4,4,27,55,82,254077,2702830,28507,7381,1317181,2992797,4309978,38433
2026-06-10,2026,6,10,chokepoint14,Luzon Strait,6,43,8,6,25,63,88,241435,3735426,39704,28244,1054094,4044811,5098906,38434
2026-06-11,2026,6,11,chokepoint14,Luzon Strait,15,45,5,3,31,68,99,274729,4918981,22258,13555,2514203,5229525,7743728,38435
2026-06-12,2026,6,12,chokepoint14,Luzon Strait,13,38,4,2,26,57,83,283353,4415991,23531,3942,1038003,4726818,5764822,38436
2026-06-13,2026,6,13,chokepoint14,Luzon Strait,5,42,5,5,29,57,86,109708,4547304,33196,9990,1154559,4700199,5854759,38437
2026-06-14,2026,6,14,chokepoint14,Luzon Strait,13,50,2,8,31,73,104,163361,3671206,7933,16977,972394,3859478,4831873,38438
2026-06-15,2026,6,15,chokepoint14,Luzon Strait,10,66,6,3,35,85,120,297408,6718524,26315,7339,2871227,7049588,9920816,38439
2026-06-16,2026,6,16,chokepoint14,Luzon Strait,13,47,7,7,28,74,102,175071,3187311,42461,7345,1138511,3412189,4550701,38440
2026-06-17,2026,6,17,chokepoint14,Luzon Strait,16,52,4,5,35,77,112,451809,5122015,19073,12764,1790466,5605663,7396129,38441
2026-06-18,2026,6,18,chokepoint14,Luzon Strait,9,37,14,7,29,67,96,125602,2011331,87157,15631,1617949,2239722,3857672,38442
2026-06-19,2026,6,19,chokepoint14,Luzon Strait,10,41,7,1,28,59,87,205678,3598197,24056,4291,2039945,3832223,5872168,38443
2026-06-20,2026,6,20,chokepoint14,Luzon Strait,18,38,8,8,37,72,109,386503,2848180,52770,12253,1355995,3299707,4655702,38444
2026-06-21,2026,6,21,chokepoint14,Luzon Strait,15,51,8,3,29,77,106,280828,3739614,68830,15203,1358301,4104476,5462777,38445
2026-06-22,2026,6,22,chokepoint14,Luzon Strait,7,40,2,4,30,53,83,260320,3655141,27254,23412,2121511,3966129,6087641,38446
2026-06-23,2026,6,23,chokepoint14,Luzon Strait,2,13,0,3,14,18,32,84332,560681,0,1020,1049279,646034,1695314,38447
2026-06-24,2026,6,24,chokepoint14,Luzon Strait,6,10,1,0,8,17,25,220369,1697826,20502,0,1278129,1938697,3216827,38448
2026-06-25,2026,6,25,chokepoint14,Luzon Strait,7,29,8,5,20,49,69,154764,3304834,46202,1963,616561,3507764,4124326,38449
2026-06-26,2026,6,26,chokepoint14,Luzon Strait,6,43,4,1,19,54,73,142834,3758901,25669,0,482957,3927406,4410363,38450
2026-06-27,2026,6,27,chokepoint14,Luzon Strait,13,43,1,3,23,60,83,402694,4434866,4567,1937,2572723,4844065,7416788,38451
2026-06-28,2026,6,28,chokepoint14,Luzon Strait,8,36,5,6,26,55,81,223847,3764402,28512,13684,2049037,4030448,6079485,38452
2026-06-29,2026,6,29,chokepoint14,Luzon Strait,20,41,4,5,27,70,97,443154,3679576,30014,11635,1339595,4164382,5503978,38453
2026-06-30,2026,6,30,chokepoint14,Luzon Strait,15,44,3,6,34,68,102,414083,3636219,11701,23491,1822997,4085495,5908493,38454
2026-06-01,2026,6,1,chokepoint15,Lombok Strait,0,31,3,0,8,34,42,0,4414116,20076,0,62071,4434192,4496263,41201
2026-06-02,2026,6,2,chokepoint15,Lombok Strait,0,22,3,2,8,27,35,0,2748158,2065,0,61862,2750223,2812086,41202
2026-06-03,2026,6,3,chokepoint15,Lombok Strait,0,29,3,0,8,32,40,0,2969403,8107,0,84729,2977510,3062240,41203
2026-06-04,2026,6,4,chokepoint15,Lombok Strait,0,35,1,0,7,36,43,0,3574517,0,0,146906,3574517,3721424,41204
2026-06-05,2026,6,5,chokepoint15,Lombok Strait,1,33,1,1,6,36,42,2231,5146734,1947,5949,127474,5156862,5284336,41205
2026-06-06,2026,6,6,chokepoint15,Lombok Strait,0,31,0,0,4,31,35,0,2502107,0,0,94540,2502107,2596647,41206
2026-06-07,2026,6,7,chokepoint15,Lombok Strait,0,30,2,0,11,32,43,0,4616550,3121,0,97445,4619671,4717117,41207
2026-06-08,2026,6,8,chokepoint15,Lombok Strait,0,29,1,0,10,30,40,0,2947915,846,0,362006,2948762,3310768,41208
2026-06-09,2026,6,9,chokepoint15,Lombok Strait,1,42,5,0,9,48,57,920,3621721,30396,0,347018,3653038,4000056,41209
2026-06-10,2026,6,10,chokepoint15,Lombok Strait,0,25,1,1,6,27,33,0,2917866,6146,4100,22852,2928113,2950965,41210
2026-06-11,2026,6,11,chokepoint15,Lombok Strait,1,26,3,1,8,31,39,13127,2565621,16516,7210,215678,2602476,2818155,41211
2026-06-12,2026,6,12,chokepoint15,Lombok Strait,1,24,1,0,10,26,36,2381,2197088,0,0,418517,2199469,2617987,41212
2026-06-13,2026,6,13,chokepoint15,Lombok Strait,1,29,2,0,9,32,41,2201,2739091,2065,0,56396,2743358,2799755,41213
2026-06-14,2026,6,14,chokepoint15,Lombok Strait,1,33,0,0,11,34,45,0,3564533,0,0,203999,3564533,3768532,41214
2026-06-15,2026,6,15,chokepoint15,Lombok Strait,0,24,2,0,7,26,33,0,2850115,2499,0,317644,2852615,3170260,41215
2026-06-16,2026,6,16,chokepoint15,Lombok Strait,0,32,1,0,8,33,41,0,3805464,7894,0,100030,3813358,3913388,41216
2026-06-17,2026,6,17,chokepoint15,Lombok Strait,0,26,1,0,8,27,35,0,1745243,2224,0,167084,1747468,1914552,41217
2026-06-18,2026,6,18,chokepoint15,Lombok Strait,0,29,4,0,7,33,40,0,3227055,9969,0,98866,3237025,3335892,41218
2026-06-19,2026,6,19,chokepoint15,Lombok Strait,1,24,3,1,6,29,35,2074,3016628,8861,0,4349,3027564,3031913,41219
2026-06-20,2026,6,20,chokepoint15,Lombok Strait,0,30,1,0,11,31,42,0,2713657,632,0,253752,2714289,2968042,41220
2026-06-21,2026,6,21,chokepoint15,Lombok Strait,0,28,1,0,9,29,38,0,2564162,4799,0,137360,2568962,2706322,41221
2026-06-22,2026,6,22,chokepoint15,Lombok Strait,0,24,2,1,10,27,37,0,2205508,5958,0,285346,2211467,2496814,41222
2026-06-23,2026,6,23,chokepoint15,Lombok Strait,0,25,3,1,6,29,35,0,3621917,7812,4110,156763,3633840,3790603,41223
2026-06-24,2026,6,24,chokepoint15,Lombok Strait,0,25,2,0,8,27,35,0,2944520,2781,0,121019,2947301,3068320,41224
2026-06-25,2026,6,25,chokepoint15,Lombok Strait,0,26,2,1,10,29,39,0,3235617,6366,0,114791,3241984,3356775,41225
2026-06-26,2026,6,26,chokepoint15,Lombok Strait,0,22,0,1,5,23,28,0,2522259,0,4965,24148,2527225,2551373,41226
2026-06-27,2026,6,27,chokepoint15,Lombok Strait,2,30,0,0,10,32,42,4348,2699641,0,0,379973,2703989,3083963,41227
2026-06-28,2026,6,28,chokepoint15,Lombok Strait,0,34,3,0,8,37,45,0,3718494,12394,0,321801,3730888,4052690,41228
2026-06-29,2026,6,29,chokepoint15,Lombok Strait,0,24,1,0,4,25,29,0,2234070,1824,0,126398,2235894,2362293,41229
2026-06-30,2026,6,30,chokepoint15,Lombok Strait,0,33,1,2,10,36,46,0,1957806,0,4854,131231,1962661,2093892,41230
2026-06-01,2026,6,1,chokepoint16,Ombai Strait,2,6,1,0,1,9,10,8739,599693,6742,0,0,615175,615175,45579
2026-06-02,2026,6,2,chokepoint16,Ombai Strait,1,6,1,0,5,8,13,30319,1648351,5222,0,81439,1683894,1765333,45580
2026-06-03,2026,6,3,chokepoint16,Ombai Strait,2,5,1,0,4,8,12,23222,1931119,6564,0,52116,1960905,2013022,45581
2026-06-04,2026,6,4,chokepoint16,Ombai Strait,1,2,0,0,2,3,5,2576,346660,0,0,95177,349236,444413,45582
2026-06-05,2026,6,5,chokepoint16,Ombai Strait,2,2,0,0,6,4,10,55227,48546,0,0,33397,103773,137171,45583
2026-06-06,2026,6,6,chokepoint16,Ombai Strait,2,5,0,0,3,7,10,44790,1597706,0,0,51333,1642497,1693830,45584
2026-06-07,2026,6,7,chokepoint16,Ombai Strait,1,0,0,1,5,2,7,0,0,0,2059,158103,2059,160162,45585
2026-06-08,2026,6,8,chokepoint16,Ombai Strait,1,2,0,1,4,4,8,4332,0,0,0,125618,4332,129950,45586
2026-06-09,2026,6,9,chokepoint16,Ombai Strait,0,5,1,0,2,6,8,0,431761,5049,0,82613,436811,519424,45587
2026-06-10,2026,6,10,chokepoint16,Ombai Strait,1,5,0,0,4,6,10,15552,459046,0,0,39017,474598,513616,45588
2026-06-11,2026,6,11,chokepoint16,Ombai Strait,1,3,0,0,3,4,7,19345,172255,0,0,0,191601,191601,45589
2026-06-12,2026,6,12,chokepoint16,Ombai Strait,1,7,2,0,4,10,14,28347,943246,12670,0,6194,984265,990459,45590
2026-06-13,2026,6,13,chokepoint16,Ombai Strait,2,2,1,0,4,5,9,5917,195856,1418,0,120012,203192,323204,45591
2026-06-14,2026,6,14,chokepoint16,Ombai Strait,1,5,0,1,4,7,11,29409,1629775,0,3738,46675,1662923,1709599,45592
2026-06-15,2026,6,15,chokepoint16,Ombai Strait,1,4,0,0,6,5,11,3365,1547597,0,0,148771,1550963,1699735,45593
2026-06-16,2026,6,16,chokepoint16,Ombai Strait,0,2,2,0,3,4,7,0,0,12188,0,169156,12188,181345,45594
2026-06-17,2026,6,17,chokepoint16,Ombai Strait,2,7,1,0,4,10,14,48323,430172,4260,0,50922,482755,533678,45595
2026-06-18,2026,6,18,chokepoint16,Ombai Strait,2,3,0,0,7,5,12,65715,457506,0,0,191346,523222,714568,45596
2026-06-19,2026,6,19,chokepoint16,Ombai Strait,0,4,2,0,3,6,9,0,205449,0,0,33512,205449,238962,45597
2026-06-20,2026,6,20,chokepoint16,Ombai Strait,2,7,0,0,4,9,13,61151,414128,0,0,11685,475280,486966,45598
2026-06-21,2026,6,21,chokepoint16,Ombai Strait,3,6,0,2,1,11,12,42081,344901,0,0,0,386983,386983,45599
2026-06-22,2026,6,22,chokepoint16,Ombai Strait,2,1,1,0,3,4,7,17470,203964,4260,0,0,225694,225694,45600
2026-06-23,2026,6,23,chokepoint16,Ombai Strait,1,5,0,0,3,6,9,3310,543923,0,0,40654,547234,587888,45601
2026-06-24,2026,6,24,chokepoint16,Ombai Strait,1,3,0,0,2,4,6,30107,530991,0,0,0,561099,561099,45602
2026-06-25,2026,6,25,chokepoint16,Ombai Strait,1,4,3,0,3,8,11,10046,2430106,15334,0,37087,2455486,2492574,45603
2026-06-26,2026,6,26,chokepoint16,Ombai Strait,1,5,0,0,4,6,10,28267,475780,0,0,73460,504047,577507,45604
2026-06-27,2026,6,27,chokepoint16,Ombai Strait,1,3,0,0,5,4,9,39597,1446607,0,0,150293,1486204,1636498,45605
2026-06-28,2026,6,28,chokepoint16,Ombai Strait,2,6,0,0,3,8,11,10598,472398,0,0,80247,482996,563243,45606
2026-06-29,2026,6,29,chokepoint16,Ombai Strait,2,5,2,0,4,9,13,41955,1433611,0,0,85795,1475566,1561362,45607
2026-06-30,2026,6,30,chokepoint16,Ombai Strait,0,4,1,0,3,5,8,0,225411,0,0,0,225411,225411,45608
2026-06-01,2026,6,1,chokepoint17,Bohai Strait,22,109,20,1,30,152,182,278364,6184326,77120,1908,704188,6541719,7245907,46758
2026-06-02,2026,6,2,chokepoint17,Bohai Strait,19,96,21,2,35,138,173,671558,5036918,99631,1301,209126,5809410,6018536,46759
2026-06-03,2026,6,3,chokepoint17,Bohai Strait,15,88,13,1,24,117,141,246178,4104644,41943,1807,606560,4394574,5001134,46760
2026-06-04,2026,6,4,chokepoint17,Bohai Strait,24,100,18,2,35,144,179,493128,4894759,64426,8028,465401,5460342,5925743,46761
2026-06-05,2026,6,5,chokepoint17,Bohai Strait,20,103,18,2,33,143,176,437636,5254248,36788,1030,994826,5729705,6724531,46762
2026-06-06,2026,6,6,chokepoint17,Bohai Strait,17,92,16,2,29,127,156,324182,4668349,112773,8028,375849,5113333,5489182,46763
2026-06-07,2026,6,7,chokepoint17,Bohai Strait,25,96,20,1,29,142,171,475502,5078184,64795,0,757391,5618482,6375874,46764
2026-06-08,2026,6,8,chokepoint17,Bohai Strait,26,98,15,3,25,142,167,551998,6186228,62700,706,216509,6801634,7018143,46765
2026-06-09,2026,6,9,chokepoint17,Bohai Strait,18,94,18,2,39,132,171,255549,5344409,54009,2120,767893,5656088,6423981,46766
2026-06-10,2026,6,10,chokepoint17,Bohai Strait,26,97,21,2,33,146,179,557800,4639399,69227,3772,220639,5270201,5490840,46767
2026-06-11,2026,6,11,chokepoint17,Bohai Strait,20,87,23,1,44,131,175,311056,4005071,70250,0,1130570,4386377,5516948,46768
2026-06-12,2026,6,12,chokepoint17,Bohai Strait,20,88,18,1,34,127,161,443325,5351998,75333,7244,677449,5877901,6555350,46769
2026-06-13,2026,6,13,chokepoint17,Bohai Strait,12,106,21,0,32,139,171,154865,6659853,63831,0,361188,6878550,7239738,46770
2026-06-14,2026,6,14,chokepoint17,Bohai Strait,18,86,19,3,25,126,151,402779,3821053,65751,11634,412973,4301218,4714191,46771
2026-06-15,2026,6,15,chokepoint17,Bohai Strait,17,92,12,2,31,123,154,427997,4745624,82181,1320,280914,5257123,5538038,46772
2026-06-16,2026,6,16,chokepoint17,Bohai Strait,22,104,19,2,29,147,176,421729,6584899,49355,1908,354181,7057891,7412073,46773
2026-06-17,2026,6,17,chokepoint17,Bohai Strait,16,97,19,3,26,135,161,334811,6053229,35379,1259,129237,6424680,6553918,46774
2026-06-18,2026,6,18,chokepoint17,Bohai Strait,18,96,22,0,35,136,171,346775,5795277,95582,0,501130,6237634,6738765,46775
2026-06-19,2026,6,19,chokepoint17,Bohai Strait,16,94,19,1,28,130,158,336229,5534420,76850,0,757750,5947500,6705250,46776
2026-06-20,2026,6,20,chokepoint17,Bohai Strait,20,96,19,0,31,135,166,401250,4557762,110612,0,450985,5069625,5520611,46777
2026-06-21,2026,6,21,chokepoint17,Bohai Strait,19,95,13,1,37,128,165,458752,4782824,43373,5302,562391,5290253,5852645,46778
2026-06-22,2026,6,22,chokepoint17,Bohai Strait,21,107,22,0,38,150,188,420696,6035805,81057,0,300557,6537559,6838117,46779
2026-06-23,2026,6,23,chokepoint17,Bohai Strait,17,88,20,1,40,126,166,337322,4783013,120213,1746,749861,5242297,5992159,46780
2026-06-24,2026,6,24,chokepoint17,Bohai Strait,22,86,18,3,33,129,162,353418,3744674,38288,706,661910,4137088,4798999,46781
2026-06-25,2026,6,25,chokepoint17,Bohai Strait,22,94,20,0,34,136,170,484252,3667290,128042,0,524777,4279584,4804362,46782
2026-06-26,2026,6,26,chokepoint17,Bohai Strait,24,105,18,1,26,148,174,512417,5939508,70725,0,395927,6522650,6918578,46783
2026-06-27,2026,6,27,chokepoint17,Bohai Strait,17,91,25,1,33,134,167,384601,5337496,106757,1253,423705,5830109,6253814,46784
2026-06-28,2026,6,28,chokepoint17,Bohai Strait,14,102,25,1,35,142,177,152431,5537239,155754,7496,280444,5852922,6133367,46785
2026-06-29,2026,6,29,chokepoint17,Bohai Strait,17,76,13,1,28,107,135,481488,4669739,76255,1908,391514,5229391,5620905,46786
2026-06-30,2026,6,30,chokepoint17,Bohai Strait,20,95,25,1,28,141,169,434797,5913430,77397,0,649150,6425625,7074775,46787
2026-06-01,2026,6,1,chokepoint18,Torres Strait,0,4,0,0,1,4,5,0,0,0,0,46772,0,46772,48335
2026-06-02,2026,6,2,chokepoint18,Torres Strait,2,10,1,0,1,13,14,65796,243220,0,0,0,309016,309016,48336
2026-06-03,2026,6,3,chokepoint18,Torres Strait,1,6,1,0,1,8,9,8260,307902,574,0,0,316738,316738,48337
2026-06-04,2026,6,4,chokepoint18,Torres Strait,0,6,2,0,0,8,8,0,114894,14025,0,0,128919,128919,48338
2026-06-05,2026,6,5,chokepoint18,Torres Strait,1,5,2,1,0,9,9,19834,115963,23561,0,0,159359,159359,48339
2026-06-06,2026,6,6,chokepoint18,Torres Strait,0,4,1,0,1,5,6,0,166230,890,0,0,167121,167121,48340
2026-06-07,2026,6,7,chokepoint18,Torres Strait,3,6,3,0,3,12,15,76727,101287,6564,0,96937,184579,281517,48341
2026-06-08,2026,6,8,chokepoint18,Torres Strait,1,6,1,0,2,8,10,35969,74843,4669,0,33397,115481,148879,48342
2026-06-09,2026,6,9,chokepoint18,Torres Strait,0,2,1,0,5,3,8,0,83512,0,0,4065,83512,87577,48343
2026-06-10,2026,6,10,chokepoint18,Torres Strait,1,7,2,1,1,11,12,33889,140636,17250,5365,47595,197141,244737,48344
2026-06-11,2026,6,11,chokepoint18,Torres Strait,0,8,0,1,2,9,11,0,236490,0,0,15241,236490,251732,48345
2026-06-12,2026,6,12,chokepoint18,Torres Strait,2,7,0,1,2,10,12,20406,279396,0,5574,10119,305378,315498,48346
2026-06-13,2026,6,13,chokepoint18,Torres Strait,1,5,2,0,4,8,12,15552,114087,4174,0,115309,133815,249124,48347
2026-06-14,2026,6,14,chokepoint18,Torres Strait,2,4,0,0,1,6,7,50963,0,0,0,59909,50963,110872,48348
2026-06-15,2026,6,15,chokepoint18,Torres Strait,1,4,0,0,4,5,9,28347,119742,0,0,41512,148090,189603,48349
2026-06-16,2026,6,16,chokepoint18,Torres Strait,2,11,1,0,1,14,15,89917,283045,0,0,0,372962,372962,48350
2026-06-17,2026,6,17,chokepoint18,Torres Strait,1,7,2,1,2,11,13,28760,197052,1993,2892,80524,230698,311223,48351
2026-06-18,2026,6,18,chokepoint18,Torres Strait,1,5,0,1,2,7,9,30107,134757,0,0,5509,164864,170374,48352
2026-06-19,2026,6,19,chokepoint18,Torres Strait,1,3,0,0,3,4,7,30349,0,0,0,87416,30349,117765,48353
2026-06-20,2026,6,20,chokepoint18,Torres Strait,2,6,2,0,3,10,13,43075,116993,3067,0,35205,163135,198341,48354
2026-06-21,2026,6,21,chokepoint18,Torres Strait,1,3,0,0,4,4,8,13085,0,0,0,116144,13085,129229,48355
2026-06-22,2026,6,22,chokepoint18,Torres Strait,0,7,1,0,1,8,9,0,46274,7811,0,0,54085,54085,48356
2026-06-23,2026,6,23,chokepoint18,Torres Strait,3,3,1,0,2,7,9,105316,32580,1679,0,7134,139577,146711,48357
2026-06-24,2026,6,24,chokepoint18,Torres Strait,0,5,1,0,3,6,9,0,216933,574,0,38775,217507,256283,48358
2026-06-25,2026,6,25,chokepoint18,Torres Strait,2,3,0,0,7,5,12,12393,79030,0,0,136127,91423,227551,48359
2026-06-26,2026,6,26,chokepoint18,Torres Strait,1,4,2,0,0,7,7,25686,152842,17719,0,0,196248,196248,48360
2026-06-27,2026,6,27,chokepoint18,Torres Strait,1,3,2,1,2,7,9,2544,174422,3497,0,37819,180464,218283,48361
2026-06-28,2026,6,28,chokepoint18,Torres Strait,2,1,1,0,1,4,5,13799,75466,6982,0,37087,96248,133336,48362
2026-06-29,2026,6,29,chokepoint18,Torres Strait,1,6,0,0,2,7,9,24177,145382,0,0,81124,169559,250684,48363
2026-06-30,2026,6,30,chokepoint18,Torres Strait,2,6,1,1,1,10,11,67042,96433,1033,3050,0,167559,167559,48364
2026-06-01,2026,6,1,chokepoint19,Sunda Strait,2,6,1,1,10,10,20,56898,513543,37300,7423,140205,615165,755371,52313
2026-06-02,2026,6,2,chokepoint19,Sunda Strait,3,12,4,2,10,21,31,28014,1042919,16438,0,177993,1087372,1265366,52314
2026-06-03,2026,6,3,chokepoint19,Sunda Strait,2,11,5,1,17,19,36,65715,1111435,28571,9385,112133,1215107,1327241,52315
2026-06-04,2026,6,4,chokepoint19,Sunda Strait,4,13,8,1,10,26,36,9665,1020008,42758,4285,124181,1076718,1200900,52316
2026-06-05,2026,6,5,chokepoint19,Sunda Strait,4,13,2,0,14,19,33,213258,804788,492,0,170693,1018540,1189233,52317
2026-06-06,2026,6,6,chokepoint19,Sunda Strait,5,9,2,3,10,19,29,215770,403492,14206,5219,405650,638688,1044339,52318
2026-06-07,2026,6,7,chokepoint19,Sunda Strait,3,5,2,0,11,10,21,144201,620088,2568,0,78365,766858,845223,52319
2026-06-08,2026,6,8,chokepoint19,Sunda Strait,3,8,1,1,12,13,25,42362,347143,408,3523,478399,393438,871837,52320
2026-06-09,2026,6,9,chokepoint19,Sunda Strait,3,14,2,5,19,24,43,97014,1282752,3225,21735,858586,1404727,2263314,52321
2026-06-10,2026,6,10,chokepoint19,Sunda Strait,5,12,3,1,12,21,33,149729,767863,2006,0,329736,919599,1249335,52322
2026-06-11,2026,6,11,chokepoint19,Sunda Strait,3,5,4,1,14,13,27,12226,203964,44345,8531,386227,269067,655295,52323
2026-06-12,2026,6,12,chokepoint19,Sunda Strait,2,11,2,0,11,15,26,35018,1061446,4730,0,155028,1101195,1256223,52324
2026-06-13,2026,6,13,chokepoint19,Sunda Strait,5,12,5,4,7,26,33,90221,661616,42996,17402,143357,812236,955593,52325
2026-06-14,2026,6,14,chokepoint19,Sunda Strait,1,16,1,0,12,18,30,3320,1480078,6014,0,187982,1489413,1677395,52326
2026-06-15,2026,6,15,chokepoint19,Sunda Strait,2,7,3,0,15,12,27,64528,693668,11621,0,623885,769818,1393703,52327
2026-06-16,2026,6,16,chokepoint19,Sunda Strait,4,17,7,1,10,29,39,119008,999069,7517,0,105786,1125594,1231381,52328
2026-06-17,2026,6,17,chokepoint19,Sunda Strait,5,11,2,1,15,19,34,95403,762013,3842,0,549697,861259,1410956,52329
2026-06-18,2026,6,18,chokepoint19,Sunda Strait,3,8,5,2,16,18,34,53635,835421,5197,3728,266019,897982,1164001,52330
2026-06-19,2026,6,19,chokepoint19,Sunda Strait,4,11,1,1,10,17,27,152791,343981,0,0,128741,496772,625514,52331
2026-06-20,2026,6,20,chokepoint19,Sunda Strait,5,16,4,2,12,27,39,92870,862152,2954,6153,515290,964130,1479421,52332
2026-06-21,2026,6,21,chokepoint19,Sunda Strait,7,12,4,3,12,26,38,286792,638571,8457,0,112798,933821,1046620,52333
2026-06-22,2026,6,22,chokepoint19,Sunda Strait,1,14,3,0,8,18,26,16400,1127848,4891,0,250753,1149139,1399893,52334
2026-06-23,2026,6,23,chokepoint19,Sunda Strait,3,10,3,2,16,18,34,87913,545722,2193,6313,208141,642142,850284,52335
2026-06-24,2026,6,24,chokepoint19,Sunda Strait,4,10,4,2,12,20,32,156602,191924,15030,10361,326179,373919,700098,52336
2026-06-25,2026,6,25,chokepoint19,Sunda Strait,0,16,3,1,13,20,33,0,945633,523,0,317183,946156,1263340,52337
2026-06-26,2026,6,26,chokepoint19,Sunda Strait,5,13,4,1,17,23,40,146392,919562,55801,0,204588,1121756,1326345,52338
2026-06-27,2026,6,27,chokepoint19,Sunda Strait,4,10,7,1,10,22,32,96295,1655684,16050,0,103529,1768031,1871560,52339
2026-06-28,2026,6,28,chokepoint19,Sunda Strait,5,16,5,3,11,29,40,113963,769230,22661,19569,477496,925424,1402921,52340
2026-06-29,2026,6,29,chokepoint19,Sunda Strait,4,11,3,1,13,19,32,117030,1304523,6619,8015,296316,1436188,1732505,52341
2026-06-30,2026,6,30,chokepoint19,Sunda Strait,1,10,4,1,7,16,23,15317,399716,9053,3986,119558,428074,547633,52342
2026-06-01,2026,6,1,chokepoint20,Makassar Strait,3,46,2,0,10,51,61,56814,2704753,1427,0,47494,2762996,2810490,54691
2026-06-02,2026,6,2,chokepoint20,Makassar Strait,0,45,4,1,6,50,56,0,2191069,6051,267,12668,2197387,2210056,54692
2026-06-03,2026,6,3,chokepoint20,Makassar Strait,3,54,6,1,5,64,69,9128,6111876,28372,0,100051,6149377,6249428,54693
2026-06-04,2026,6,4,chokepoint20,Makassar Strait,2,51,1,0,3,54,57,41776,3064104,3973,0,9709,3109854,3119563,54694
2026-06-05,2026,6,5,chokepoint20,Makassar Strait,2,38,5,0,3,45,48,44748,4143587,34608,0,0,4222944,4222944,54695
2026-06-06,2026,6,6,chokepoint20,Makassar Strait,0,46,4,0,8,50,58,0,3760839,7728,0,93535,3768567,3862102,54696
2026-06-07,2026,6,7,chokepoint20,Makassar Strait,2,61,8,0,6,71,77,20141,3276028,13838,0,112085,3310009,3422094,54697
2026-06-08,2026,6,8,chokepoint20,Makassar Strait,3,43,2,1,2,49,51,26998,5041513,8897,4100,3340,5081509,5084850,54698
2026-06-09,2026,6,9,chokepoint20,Makassar Strait,3,47,3,0,6,53,59,32528,3910388,46842,0,20528,3989760,4010289,54699
2026-06-10,2026,6,10,chokepoint20,Makassar Strait,1,47,2,0,6,50,56,5174,3295623,5685,0,31228,3306483,3337711,54700
2026-06-11,2026,6,11,chokepoint20,Makassar Strait,0,51,8,0,7,59,66,0,4397228,34079,0,208219,4431308,4639527,54701
2026-06-12,2026,6,12,chokepoint20,Makassar Strait,1,44,2,0,5,47,52,4674,2565314,5280,0,23269,2575270,2598540,54702
2026-06-13,2026,6,13,chokepoint20,Makassar Strait,2,40,3,0,7,45,52,14548,2403344,8661,0,98519,2426555,2525074,54703
2026-06-14,2026,6,14,chokepoint20,Makassar Strait,0,33,2,0,4,35,39,0,2796259,1090,0,100731,2797349,2898081,54704
2026-06-15,2026,6,15,chokepoint20,Makassar Strait,1,49,5,0,4,55,59,8549,2294113,16258,0,44909,2318920,2363830,54705
2026-06-16,2026,6,16,chokepoint20,Makassar Strait,4,48,2,0,5,54,59,68117,3728712,7744,0,167204,3804574,3971778,54706
2026-06-17,2026,6,17,chokepoint20,Makassar Strait,1,34,3,0,8,38,46,17426,2943842,4742,0,97952,2966011,3063963,54707
2026-06-18,2026,6,18,chokepoint20,Makassar Strait,2,49,4,0,3,55,58,8268,4589960,4587,0,92930,4602815,4695746,54708
2026-06-19,2026,6,19,chokepoint20,Makassar Strait,4,47,2,0,6,53,59,60197,3012718,4450,0,3203,3077366,3080569,54709
2026-06-20,2026,6,20,chokepoint20,Makassar Strait,0,59,5,0,6,64,70,0,4164592,30068,0,117390,4194660,4312051,54710
2026-06-21,2026,6,21,chokepoint20,Makassar Strait,0,36,4,1,5,41,46,0,2063697,15311,0,54273,2079008,2133282,54711
2026-06-22,2026,6,22,chokepoint20,Makassar Strait,5,45,4,1,2,55,57,48081,3056993,9332,4110,85895,3118517,3204413,54712
2026-06-23,2026,6,23,chokepoint20,Makassar Strait,3,49,4,0,7,56,63,41171,3893745,9475,0,98794,3944392,4043187,54713
2026-06-24,2026,6,24,chokepoint20,Makassar Strait,1,35,2,0,10,38,48,0,2426979,1047,0,137573,2428027,2565600,54714
2026-06-25,2026,6,25,chokepoint20,Makassar Strait,1,47,4,1,7,53,60,16257,2903499,7161,4965,13037,2931883,2944921,54715
2026-06-26,2026,6,26,chokepoint20,Makassar Strait,7,55,3,1,9,66,75,78038,4149819,10190,0,193761,4238049,4431810,54716
2026-06-27,2026,6,27,chokepoint20,Makassar Strait,4,45,1,0,6,50,56,28033,3669133,6366,0,14309,3703533,3717843,54717
2026-06-28,2026,6,28,chokepoint20,Makassar Strait,0,50,1,1,9,52,61,0,3832396,0,267,64718,3832663,3897381,54718
2026-06-29,2026,6,29,chokepoint20,Makassar Strait,1,36,8,1,6,46,52,6662,2806717,33424,5614,77666,2852418,2930084,54719
2026-06-30,2026,6,30,chokepoint20,Makassar Strait,3,58,5,0,12,66,78,8059,5933819,17793,0,294398,5959672,6254070,54720
2026-06-01,2026,6,1,chokepoint21,Magellan Strait,0,3,0,0,1,3,4,0,150568,0,0,98930,150568,249498,58700
2026-06-02,2026,6,2,chokepoint21,Magellan Strait,1,2,0,0,2,3,5,23806,56996,0,0,41131,80803,121934,58701
2026-06-03,2026,6,3,chokepoint21,Magellan Strait,0,3,0,0,1,3,4,0,160296,0,0,0,160296,160296,58702
2026-06-04,2026,6,4,chokepoint21,Magellan Strait,0,0,0,0,2,0,2,0,0,0,0,0,0,0,58703
2026-06-05,2026,6,5,chokepoint21,Magellan Strait,1,2,0,0,0,3,3,19172,98640,0,0,0,117812,117812,58704
2026-06-06,2026,6,6,chokepoint21,Magellan Strait,0,5,0,0,2,5,7,0,133500,0,0,24383,133500,157883,58705
2026-06-07,2026,6,7,chokepoint21,Magellan Strait,0,1,0,0,1,1,2,0,56686,0,0,14504,56686,71191,58706
2026-06-08,2026,6,8,chokepoint21,Magellan Strait,0,2,1,0,1,3,4,0,110329,3429,0,0,113759,113759,58707
2026-06-09,2026,6,9,chokepoint21,Magellan Strait,2,1,0,0,2,3,5,45533,165408,0,0,0,210941,210941,58708
2026-06-10,2026,6,10,chokepoint21,Magellan Strait,0,3,2,0,1,5,6,0,110660,25641,0,0,136302,136302,58709
2026-06-11,2026,6,11,chokepoint21,Magellan Strait,0,2,0,0,1,2,3,0,189001,0,0,0,189001,189001,58710
2026-06-12,2026,6,12,chokepoint21,Magellan Strait,0,4,0,0,0,4,4,0,175952,0,0,0,175952,175952,58711
2026-06-13,2026,6,13,chokepoint21,Magellan Strait,0,5,1,0,0,6,6,0,265525,1515,0,0,267041,267041,58712
2026-06-14,2026,6,14,chokepoint21,Magellan Strait,0,3,0,0,1,3,4,0,125224,0,0,0,125224,125224,58713
2026-06-15,2026,6,15,chokepoint21,Magellan Strait,0,3,0,1,1,4,5,0,164927,0,5287,18709,170215,188925,58714
2026-06-16,2026,6,16,chokepoint21,Magellan Strait,1,5,0,0,2,6,8,21819,206222,0,0,102377,228042,330419,58715
2026-06-17,2026,6,17,chokepoint21,Magellan Strait,0,4,2,0,2,6,8,0,93033,28800,0,89529,121833,211363,58716
2026-06-18,2026,6,18,chokepoint21,Magellan Strait,0,2,0,0,1,2,3,0,61974,0,0,24202,61974,86176,58717
2026-06-19,2026,6,19,chokepoint21,Magellan Strait,0,7,0,0,0,7,7,0,306909,0,0,0,306909,306909,58718
2026-06-20,2026,6,20,chokepoint21,Magellan Strait,0,1,0,0,1,1,2,0,35942,0,0,0,35942,35942,58719
2026-06-21,2026,6,21,chokepoint21,Magellan Strait,0,5,0,0,1,5,6,0,215896,0,0,154695,215896,370591,58720
2026-06-22,2026,6,22,chokepoint21,Magellan Strait,0,1,0,0,0,1,1,0,79532,0,0,0,79532,79532,58721
2026-06-23,2026,6,23,chokepoint21,Magellan Strait,1,2,0,0,1,3,4,17085,96727,0,0,0,113812,113812,58722
2026-06-24,2026,6,24,chokepoint21,Magellan Strait,1,2,1,2,1,6,7,30280,166110,3858,4104,0,204354,204354,58723
2026-06-25,2026,6,25,chokepoint21,Magellan Strait,1,2,0,0,0,3,3,11861,73338,0,0,0,85199,85199,58724
2026-06-26,2026,6,26,chokepoint21,Magellan Strait,0,3,0,0,3,3,6,0,138644,0,0,138405,138644,277050,58725
2026-06-27,2026,6,27,chokepoint21,Magellan Strait,0,3,0,0,2,3,5,0,116854,0,0,141051,116854,257906,58726
2026-06-28,2026,6,28,chokepoint21,Magellan Strait,0,4,0,1,1,5,6,0,86459,0,0,0,86459,86459,58727
2026-06-29,2026,6,29,chokepoint21,Magellan Strait,0,1,0,0,2,1,3,0,36845,0,0,244227,36845,281073,58728
2026-06-30,2026,6,30,chokepoint21,Magellan Strait,1,2,0,0,1,3,4,28576,69243,0,0,0,97820,97820,58729
2026-06-01,2026,6,1,chokepoint22,Yucatan Channel,13,10,2,2,37,27,64,144703,299667,7122,8225,1256428,459719,1716147,61447
2026-06-02,2026,6,2,chokepoint22,Yucatan Channel,4,9,4,1,34,18,52,31688,266049,32420,0,814519,330159,1144678,61448
2026-06-03,2026,6,3,chokepoint22,Yucatan Channel,12,8,2,2,32,24,56,120407,247886,22272,5610,956355,396176,1352531,61449
2026-06-04,2026,6,4,chokepoint22,Yucatan Channel,6,12,1,1,37,20,57,107793,522656,0,5512,954344,635963,1590307,61450
2026-06-05,2026,6,5,chokepoint22,Yucatan Channel,11,5,4,1,23,21,44,108048,142009,30120,0,1395332,280178,1675511,61451
2026-06-06,2026,6,6,chokepoint22,Yucatan Channel,14,11,0,0,37,25,62,201997,249965,0,0,1065262,451963,1517226,61452
2026-06-07,2026,6,7,chokepoint22,Yucatan Channel,13,6,4,1,35,24,59,76710,158371,32977,2966,878552,271026,1149578,61453
2026-06-08,2026,6,8,chokepoint22,Yucatan Channel,8,5,4,2,29,19,48,122216,222414,9835,2933,890295,357399,1247694,61454
2026-06-09,2026,6,9,chokepoint22,Yucatan Channel,7,6,3,1,34,17,51,58749,295576,30515,0,1161732,384840,1546572,61455
2026-06-10,2026,6,10,chokepoint22,Yucatan Channel,9,11,2,2,41,24,65,120789,335662,1172,0,1123150,457623,1580774,61456
2026-06-11,2026,6,11,chokepoint22,Yucatan Channel,12,8,6,0,22,26,48,170595,370156,31491,0,409955,572244,982199,61457
2026-06-12,2026,6,12,chokepoint22,Yucatan Channel,10,6,1,0,29,17,46,139339,275406,1210,0,1277298,415956,1693255,61458
2026-06-13,2026,6,13,chokepoint22,Yucatan Channel,15,7,1,0,35,23,58,258439,337684,1943,0,1482304,598068,2080372,61459
2026-06-14,2026,6,14,chokepoint22,Yucatan Channel,10,7,4,1,23,22,45,47044,226655,17120,3294,399157,294114,693271,61460
2026-06-15,2026,6,15,chokepoint22,Yucatan Channel,7,7,1,0,39,15,54,102438,145506,18286,0,1054117,266231,1320349,61461
2026-06-16,2026,6,16,chokepoint22,Yucatan Channel,9,5,7,1,24,22,46,110377,165863,48705,0,905063,324947,1230010,61462
2026-06-17,2026,6,17,chokepoint22,Yucatan Channel,13,7,4,2,23,26,49,240166,228031,9114,0,755461,477312,1232774,61463
2026-06-18,2026,6,18,chokepoint22,Yucatan Channel,10,3,5,2,27,20,47,86287,100645,26379,2277,1453556,215589,1669145,61464
2026-06-19,2026,6,19,chokepoint22,Yucatan Channel,12,6,4,0,25,22,47,136835,351102,8776,0,443384,496714,940099,61465
2026-06-20,2026,6,20,chokepoint22,Yucatan Channel,11,3,4,2,30,20,50,66463,49560,15685,0,644102,131710,775812,61466
2026-06-21,2026,6,21,chokepoint22,Yucatan Channel,9,10,5,1,42,25,67,100120,288737,33399,3928,954817,426184,1381001,61467
2026-06-22,2026,6,22,chokepoint22,Yucatan Channel,8,10,4,1,35,23,58,125315,379791,18126,0,742016,523233,1265250,61468
2026-06-23,2026,6,23,chokepoint22,Yucatan Channel,11,6,1,0,29,18,47,159354,160776,28372,0,1158614,348503,1507117,61469
2026-06-24,2026,6,24,chokepoint22,Yucatan Channel,8,8,4,1,36,21,57,104021,371545,23327,0,1708267,498895,2207162,61470
2026-06-25,2026,6,25,chokepoint22,Yucatan Channel,9,4,3,1,36,17,53,134721,172795,25336,4267,897683,337122,1234805,61471
2026-06-26,2026,6,26,chokepoint22,Yucatan Channel,9,9,2,2,38,22,60,162061,329011,12331,7486,1631804,510890,2142695,61472
2026-06-27,2026,6,27,chokepoint22,Yucatan Channel,10,10,5,0,28,25,53,95721,330747,23741,0,1182033,450210,1632244,61473
2026-06-28,2026,6,28,chokepoint22,Yucatan Channel,10,7,3,2,31,22,53,61237,323975,32367,12646,1479825,430225,1910051,61474
2026-06-29,2026,6,29,chokepoint22,Yucatan Channel,12,8,3,2,31,25,56,243237,293471,6897,0,1244069,543606,1787675,61475
2026-06-30,2026,6,30,chokepoint22,Yucatan Channel,13,11,3,3,35,30,65,148632,364029,634,13243,893882,526540,1420423,61476
2026-06-01,2026,6,1,chokepoint23,Windward Passage,20,1,1,1,3,23,26,364357,28064,880,13790,161686,407093,568780,63646
2026-06-02,2026,6,2,chokepoint23,Windward Passage,6,1,6,3,0,16,16,119308,42174,35460,11505,0,208448,208448,63648
2026-06-03,2026,6,3,chokepoint23,Windward Passage,5,1,4,1,1,11,12,197077,49356,17998,2218,76391,266651,343042,63650
2026-06-04,2026,6,4,chokepoint23,Windward Passage,6,2,2,2,0,12,12,144468,64866,371,0,0,209706,209706,63652
2026-06-05,2026,6,5,chokepoint23,Windward Passage,13,0,2,3,2,18,20,211741,0,5339,13841,31100,230921,262021,63654
2026-06-06,2026,6,6,chokepoint23,Windward Passage,8,3,3,1,0,15,15,148041,100362,2722,5373,0,256499,256499,63656
2026-06-07,2026,6,7,chokepoint23,Windward Passage,10,3,2,1,0,16,16,219703,33330,1280,0,0,254314,254314,63658
2026-06-08,2026,6,8,chokepoint23,Windward Passage,12,1,1,2,5,16,21,199701,53566,7429,8404,148834,269102,417936,63660
2026-06-09,2026,6,9,chokepoint23,Windward Passage,12,2,1,2,1,17,18,278637,52707,22718,20243,40009,374307,414317,63664
2026-06-10,2026,6,10,chokepoint23,Windward Passage,8,0,2,3,4,13,17,190673,0,6753,7654,99880,205082,304962,63666
2026-06-11,2026,6,11,chokepoint23,Windward Passage,7,2,5,1,5,15,20,154905,17759,15630,0,73903,188295,262199,63668
2026-06-12,2026,6,12,chokepoint23,Windward Passage,11,3,2,1,1,17,18,227441,93471,2011,841,0,323766,323766,63670
2026-06-13,2026,6,13,chokepoint23,Windward Passage,5,1,2,3,1,11,12,134274,50849,4138,4613,5511,193876,199387,63672
2026-06-14,2026,6,14,chokepoint23,Windward Passage,12,0,3,2,4,17,21,225747,0,2736,12045,51813,240528,292342,63674
2026-06-15,2026,6,15,chokepoint23,Windward Passage,13,1,1,3,0,18,18,352536,0,4653,4063,0,361252,361252,63676
2026-06-16,2026,6,16,chokepoint23,Windward Passage,12,0,3,2,1,17,18,225188,0,23503,21407,37039,270100,307139,63678
2026-06-17,2026,6,17,chokepoint23,Windward Passage,6,0,2,1,3,9,12,209961,0,3001,0,45145,212962,258108,63680
2026-06-18,2026,6,18,chokepoint23,Windward Passage,8,1,4,2,1,15,16,162843,64687,38113,14878,0,280522,280522,63682
2026-06-19,2026,6,19,chokepoint23,Windward Passage,7,0,1,2,0,10,10,177143,0,7028,1612,0,185784,185784,63684
2026-06-20,2026,6,20,chokepoint23,Windward Passage,7,0,4,2,0,13,13,124564,0,9910,4537,0,139011,139011,63686
2026-06-21,2026,6,21,chokepoint23,Windward Passage,7,3,0,1,1,11,12,73975,39053,0,0,0,113029,113029,63688
2026-06-22,2026,6,22,chokepoint23,Windward Passage,12,3,3,2,1,20,21,212313,111017,1148,0,9752,324480,334233,63690
2026-06-23,2026,6,23,chokepoint23,Windward Passage,11,3,2,3,2,19,21,151807,52635,8197,1612,0,214253,214253,63692
2026-06-24,2026,6,24,chokepoint23,Windward Passage,10,1,1,0,1,12,13,319650,43903,1985,0,34569,365538,400108,63694
2026-06-25,2026,6,25,chokepoint23,Windward Passage,6,1,0,0,3,7,10,120564,32746,0,0,0,153311,153311,63696
2026-06-26,2026,6,26,chokepoint23,Windward Passage,12,0,0,4,5,16,21,282079,0,0,18373,121621,300452,422074,63698
2026-06-27,2026,6,27,chokepoint23,Windward Passage,6,1,2,0,2,9,11,61541,15676,5221,0,6291,82439,88730,63700
2026-06-28,2026,6,28,chokepoint23,Windward Passage,8,0,1,3,0,12,12,107005,0,0,22864,0,129869,129869,63702
2026-06-29,2026,6,29,chokepoint23,Windward Passage,7,4,0,1,2,12,14,123709,70272,0,0,0,193981,193981,63704
2026-06-30,2026,6,30,chokepoint23,Windward Passage,9,5,3,3,1,20,21,155685,127297,11083,18044,25866,312110,337977,63706
2026-06-01,2026,6,1,chokepoint24,Mona Passage,4,1,0,0,5,5,10,141735,25297,0,0,109801,167032,276833,66203
2026-06-02,2026,6,2,chokepoint24,Mona Passage,5,0,3,3,6,11,17,86730,0,20529,6436,120680,113695,234376,66204
2026-06-03,2026,6,3,chokepoint24,Mona Passage,2,2,0,1,3,5,8,10558,91801,0,7800,89344,110160,199504,66205
2026-06-04,2026,6,4,chokepoint24,Mona Passage,8,1,2,0,1,11,12,207150,42125,8033,0,28083,257308,285392,66206
2026-06-05,2026,6,5,chokepoint24,Mona Passage,2,5,2,0,1,9,10,17710,99073,8083,0,52399,124867,177267,66207
2026-06-06,2026,6,6,chokepoint24,Mona Passage,6,3,4,1,1,14,15,191683,84303,16649,1572,26396,294209,320606,66208
2026-06-07,2026,6,7,chokepoint24,Mona Passage,4,3,1,0,3,8,11,98498,162381,4286,0,13212,265165,278378,66209
2026-06-08,2026,6,8,chokepoint24,Mona Passage,0,2,1,0,6,3,9,0,114935,4278,0,396292,119213,515506,66210
2026-06-09,2026,6,9,chokepoint24,Mona Passage,2,1,2,0,1,5,6,69696,30785,6383,0,35481,106866,142347,66211
2026-06-10,2026,6,10,chokepoint24,Mona Passage,4,3,2,0,4,9,13,71091,183715,9653,0,51067,264460,315528,66212
2026-06-11,2026,6,11,chokepoint24,Mona Passage,6,1,1,1,2,9,11,174911,0,17456,0,46283,192367,238651,66213
2026-06-12,2026,6,12,chokepoint24,Mona Passage,4,3,1,0,4,8,12,136787,112179,4435,0,167093,253402,420496,66214
2026-06-13,2026,6,13,chokepoint24,Mona Passage,3,4,2,0,1,9,10,125693,225615,10436,0,6915,361744,368660,66215
2026-06-14,2026,6,14,chokepoint24,Mona Passage,2,3,2,1,2,8,10,30334,97736,34649,2467,31500,165189,196690,66216
2026-06-15,2026,6,15,chokepoint24,Mona Passage,0,2,1,1,3,4,7,0,60678,31737,3375,320120,95791,415911,66217
2026-06-16,2026,6,16,chokepoint24,Mona Passage,3,1,1,1,2,6,8,24129,55311,0,4145,71912,83586,155499,66218
2026-06-17,2026,6,17,chokepoint24,Mona Passage,6,1,0,0,1,7,8,113204,41955,0,0,40124,155159,195283,66219
2026-06-18,2026,6,18,chokepoint24,Mona Passage,6,0,2,2,5,10,15,180414,0,9747,0,331093,190161,521255,66220
2026-06-19,2026,6,19,chokepoint24,Mona Passage,5,2,0,2,2,9,11,119392,55517,0,6402,132085,181313,313398,66221
2026-06-20,2026,6,20,chokepoint24,Mona Passage,3,1,1,0,1,5,6,88061,81308,5665,0,25115,175034,200150,66222
2026-06-21,2026,6,21,chokepoint24,Mona Passage,6,6,1,1,4,14,18,108268,49902,943,13863,163437,172977,336415,66223
2026-06-22,2026,6,22,chokepoint24,Mona Passage,2,3,2,1,1,8,9,37420,102376,8414,3012,94002,151223,245225,66224
2026-06-23,2026,6,23,chokepoint24,Mona Passage,2,2,0,0,1,4,5,100226,21351,0,0,14415,121577,135993,66225
2026-06-24,2026,6,24,chokepoint24,Mona Passage,3,3,2,1,3,9,12,64453,173066,5644,4237,5446,247401,252848,66226
2026-06-25,2026,6,25,chokepoint24,Mona Passage,6,4,2,2,2,14,16,138774,114509,29557,0,0,282841,282841,66227
2026-06-26,2026,6,26,chokepoint24,Mona Passage,3,1,0,0,2,4,6,122639,18279,0,0,45494,140918,186412,66228
2026-06-27,2026,6,27,chokepoint24,Mona Passage,3,4,3,0,4,10,14,50553,355557,16404,0,203196,422515,625712,66229
2026-06-28,2026,6,28,chokepoint24,Mona Passage,4,1,1,0,3,6,9,93108,45560,19484,0,37766,158152,195919,66230
2026-06-29,2026,6,29,chokepoint24,Mona Passage,3,6,3,1,0,13,13,69464,163888,6066,6213,0,245633,245633,66231
2026-06-30,2026,6,30,chokepoint24,Mona Passage,5,4,1,0,3,10,13,182998,333989,880,0,64380,517868,582248,66232
2026-06-01,2026,6,1,chokepoint25,Balabac Strait,1,1,1,0,5,3,8,8271,16480,1043,0,18200,25796,43996,68981
2026-06-02,2026,6,2,chokepoint25,Balabac Strait,0,9,2,0,5,11,16,0,510227,5575,0,61232,515802,577034,68982
2026-06-03,2026,6,3,chokepoint25,Balabac Strait,2,4,2,0,4,8,12,13380,121049,6044,0,68257,140474,208731,68983
2026-06-04,2026,6,4,chokepoint25,Balabac Strait,2,6,2,1,5,11,16,13827,176242,4495,267,60645,194832,255478,68984
2026-06-05,2026,6,5,chokepoint25,Balabac Strait,0,4,1,0,4,5,9,0,286822,3274,0,10754,290096,300851,68985
2026-06-06,2026,6,6,chokepoint25,Balabac Strait,1,4,4,0,4,9,13,10455,115481,15299,0,22278,141236,163515,68986
2026-06-07,2026,6,7,chokepoint25,Balabac Strait,1,10,2,1,1,14,15,0,487353,10216,0,5880,497570,503450,68987
2026-06-08,2026,6,8,chokepoint25,Balabac Strait,0,7,0,0,1,7,8,0,352295,0,0,0,352295,352295,68988
2026-06-09,2026,6,9,chokepoint25,Balabac Strait,3,10,3,0,7,16,23,18630,344729,1803,0,63408,365164,428572,68989
2026-06-10,2026,6,10,chokepoint25,Balabac Strait,2,5,1,0,7,8,15,10795,98536,0,0,7061,109332,116394,68990
2026-06-11,2026,6,11,chokepoint25,Balabac Strait,0,5,3,0,2,8,10,0,241061,7990,0,12128,249051,261179,68991
2026-06-12,2026,6,12,chokepoint25,Balabac Strait,0,3,2,0,3,5,8,0,150261,5940,0,13558,156201,169760,68992
2026-06-13,2026,6,13,chokepoint25,Balabac Strait,1,6,2,0,5,9,14,43451,178739,0,0,43776,222190,265967,68993
2026-06-14,2026,6,14,chokepoint25,Balabac Strait,0,7,3,0,5,10,15,0,538950,13114,0,23219,552065,575284,68994
2026-06-15,2026,6,15,chokepoint25,Balabac Strait,1,3,1,0,2,5,7,9538,79337,1154,0,675,90030,90706,68995
2026-06-16,2026,6,16,chokepoint25,Balabac Strait,3,7,3,0,4,13,17,71436,521625,8325,0,19179,601387,620567,68996
2026-06-17,2026,6,17,chokepoint25,Balabac Strait,0,5,0,0,1,5,6,0,183611,0,0,0,183611,183611,68997
2026-06-18,2026,6,18,chokepoint25,Balabac Strait,3,8,2,0,4,13,17,20075,332639,6927,0,22334,359643,381977,68998
2026-06-19,2026,6,19,chokepoint25,Balabac Strait,1,5,2,0,0,8,8,6949,16480,4756,0,0,28185,28185,68999
2026-06-20,2026,6,20,chokepoint25,Balabac Strait,1,5,1,0,2,7,9,15923,220092,0,0,4999,236016,241016,69000
2026-06-21,2026,6,21,chokepoint25,Balabac Strait,0,6,1,0,5,7,12,0,132912,1903,0,32789,134816,167605,69001
2026-06-22,2026,6,22,chokepoint25,Balabac Strait,0,0,0,0,4,0,4,0,0,0,0,63655,0,63655,69002
2026-06-23,2026,6,23,chokepoint25,Balabac Strait,0,9,1,0,0,10,10,0,552495,0,0,0,552495,552495,69003
2026-06-24,2026,6,24,chokepoint25,Balabac Strait,1,5,2,0,5,8,13,43451,153653,6628,0,32346,203733,236079,69004
2026-06-25,2026,6,25,chokepoint25,Balabac Strait,1,4,1,0,5,6,11,6431,339932,7514,0,19712,353878,373591,69005
2026-06-26,2026,6,26,chokepoint25,Balabac Strait,2,5,4,0,6,11,17,20334,262086,8090,0,128803,290511,419314,69006
2026-06-27,2026,6,27,chokepoint25,Balabac Strait,2,7,0,0,4,9,13,83941,385910,0,0,2910,469851,472762,69007
2026-06-28,2026,6,28,chokepoint25,Balabac Strait,0,3,2,0,5,5,10,0,97263,5038,0,10934,102302,113236,69008
2026-06-29,2026,6,29,chokepoint25,Balabac Strait,2,8,1,0,2,11,13,18515,256765,1699,0,2804,276980,279784,69009
2026-06-30,2026,6,30,chokepoint25,Balabac Strait,0,1,0,0,3,1,4,0,14203,0,0,12636,14203,26839,69010
2026-06-01,2026,6,1,chokepoint26,Bering Strait,0,0,0,0,0,0,0,0,0,0,0,0,0,0,72159
2026-06-02,2026,6,2,chokepoint26,Bering Strait,0,0,0,0,0,0,0,0,0,0,0,0,0,0,72160
2026-06-03,2026,6,3,chokepoint26,Bering Strait,0,0,0,0,0,0,0,0,0,0,0,0,0,0,72161
2026-06-04,2026,6,4,chokepoint26,Bering Strait,0,0,0,0,0,0,0,0,0,0,0,0,0,0,72162
2026-06-05,2026,6,5,chokepoint26,Bering Strait,0,0,0,0,0,0,0,0,0,0,0,0,0,0,72163
2026-06-06,2026,6,6,chokepoint26,Bering Strait,0,0,0,0,0,0,0,0,0,0,0,0,0,0,72164
2026-06-07,2026,6,7,chokepoint26,Bering Strait,0,0,0,0,1,0,1,0,0,0,0,93344,0,93344,72165
2026-06-08,2026,6,8,chokepoint26,Bering Strait,0,0,0,0,0,0,0,0,0,0,0,0,0,0,72166
2026-06-09,2026,6,9,chokepoint26,Bering Strait,0,0,0,0,0,0,0,0,0,0,0,0,0,0,72167
2026-06-10,2026,6,10,chokepoint26,Bering Strait,0,0,0,0,0,0,0,0,0,0,0,0,0,0,72168
2026-06-11,2026,6,11,chokepoint26,Bering Strait,0,0,0,0,0,0,0,0,0,0,0,0,0,0,72169
2026-06-12,2026,6,12,chokepoint26,Bering Strait,0,0,0,0,0,0,0,0,0,0,0,0,0,0,72170
2026-06-13,2026,6,13,chokepoint26,Bering Strait,0,0,0,0,0,0,0,0,0,0,0,0,0,0,72171
2026-06-14,2026,6,14,chokepoint26,Bering Strait,0,0,0,0,0,0,0,0,0,0,0,0,0,0,72172
2026-06-15,2026,6,15,chokepoint26,Bering Strait,0,0,0,0,1,0,1,0,0,0,0,76950,0,76950,72173
2026-06-16,2026,6,16,chokepoint26,Bering Strait,0,0,0,0,0,0,0,0,0,0,0,0,0,0,72174
2026-06-17,2026,6,17,chokepoint26,Bering Strait,0,0,0,0,0,0,0,0,0,0,0,0,0,0,72175
2026-06-18,2026,6,18,chokepoint26,Bering Strait,0,1,0,0,0,1,1,0,0,0,0,0,0,0,72176
2026-06-19,2026,6,19,chokepoint26,Bering Strait,0,0,0,0,0,0,0,0,0,0,0,0,0,0,72177
2026-06-20,2026,6,20,chokepoint26,Bering Strait,0,0,0,0,0,0,0,0,0,0,0,0,0,0,72178
2026-06-21,2026,6,21,chokepoint26,Bering Strait,0,0,0,0,0,0,0,0,0,0,0,0,0,0,72179
2026-06-22,2026,6,22,chokepoint26,Bering Strait,0,0,0,0,0,0,0,0,0,0,0,0,0,0,72180
2026-06-23,2026,6,23,chokepoint26,Bering Strait,0,0,0,0,0,0,0,0,0,0,0,0,0,0,72181
2026-06-24,2026,6,24,chokepoint26,Bering Strait,0,0,0,0,0,0,0,0,0,0,0,0,0,0,72182
2026-06-25,2026,6,25,chokepoint26,Bering Strait,0,0,0,0,0,0,0,0,0,0,0,0,0,0,72183
2026-06-26,2026,6,26,chokepoint26,Bering Strait,0,0,0,0,0,0,0,0,0,0,0,0,0,0,72184
2026-06-27,2026,6,27,chokepoint26,Bering Strait,0,0,0,0,0,0,0,0,0,0,0,0,0,0,72185
2026-06-28,2026,6,28,chokepoint26,Bering Strait,0,0,0,0,0,0,0,0,0,0,0,0,0,0,72186
2026-06-29,2026,6,29,chokepoint26,Bering Strait,0,0,0,0,0,0,0,0,0,0,0,0,0,0,72187
2026-06-30,2026,6,30,chokepoint26,Bering Strait,0,1,0,0,0,1,1,0,44655,0,0,0,44655,44655,72188
2026-06-01,2026,6,1,chokepoint27,Mindoro Strait,3,45,7,0,4,55,59,23635,5783601,32250,0,82095,5839488,5921584,74137
2026-06-02,2026,6,2,chokepoint27,Mindoro Strait,3,61,5,0,7,69,76,39548,3866334,28994,0,231514,3934877,4166392,74138
2026-06-03,2026,6,3,chokepoint27,Mindoro Strait,5,52,5,0,4,62,66,78569,4205173,12390,0,15602,4296133,4311736,74139
2026-06-04,2026,6,4,chokepoint27,Mindoro Strait,4,57,3,0,4,64,68,40244,2918734,10675,0,43285,2969654,3012939,74140
2026-06-05,2026,6,5,chokepoint27,Mindoro Strait,3,50,3,0,0,56,56,17772,2527405,21497,0,0,2566675,2566675,74141
2026-06-06,2026,6,6,chokepoint27,Mindoro Strait,2,41,6,2,6,51,57,18948,4692654,17797,4100,18759,4733500,4752259,74142
2026-06-07,2026,6,7,chokepoint27,Mindoro Strait,5,41,2,0,4,48,52,41183,2699300,7654,0,11420,2748139,2759559,74143
2026-06-08,2026,6,8,chokepoint27,Mindoro Strait,2,52,7,0,5,61,66,4532,4332456,44256,0,5464,4381246,4386710,74144
2026-06-09,2026,6,9,chokepoint27,Mindoro Strait,3,32,3,0,4,38,42,44733,3165869,14483,0,108609,3225087,3333696,74145
2026-06-10,2026,6,10,chokepoint27,Mindoro Strait,2,53,5,0,4,60,64,14418,3553992,14218,0,24942,3582629,3607571,74146
2026-06-11,2026,6,11,chokepoint27,Mindoro Strait,2,53,1,0,4,56,60,22801,4693292,5742,0,63341,4721836,4785177,74147
2026-06-12,2026,6,12,chokepoint27,Mindoro Strait,5,45,3,0,5,53,58,33538,2420540,31563,0,25386,2485641,2511028,74148
2026-06-13,2026,6,13,chokepoint27,Mindoro Strait,4,54,3,0,7,61,68,15840,4345282,14027,0,205179,4375151,4580331,74149
2026-06-14,2026,6,14,chokepoint27,Mindoro Strait,5,42,2,0,0,49,49,73402,3564360,19039,0,0,3656802,3656802,74150
2026-06-15,2026,6,15,chokepoint27,Mindoro Strait,2,44,1,0,5,47,52,17020,3412027,6390,0,215516,3435438,3650954,74151
2026-06-16,2026,6,16,chokepoint27,Mindoro Strait,2,34,3,0,4,39,43,13127,1880263,7793,0,29850,1901184,1931034,74152
2026-06-17,2026,6,17,chokepoint27,Mindoro Strait,4,51,5,0,4,60,64,30259,3357422,22727,0,92728,3410409,3503137,74153
2026-06-18,2026,6,18,chokepoint27,Mindoro Strait,7,38,2,0,11,47,58,48653,2879149,19338,0,333779,2947140,3280920,74154
2026-06-19,2026,6,19,chokepoint27,Mindoro Strait,3,47,3,1,3,54,57,33361,2908100,11323,4110,48978,2956897,3005875,74155
2026-06-20,2026,6,20,chokepoint27,Mindoro Strait,2,39,7,0,1,48,49,11214,3822360,20340,0,352,3853915,3854268,74156
2026-06-21,2026,6,21,chokepoint27,Mindoro Strait,5,49,2,1,6,57,63,62271,4072376,0,7496,13877,4142143,4156021,74157
2026-06-22,2026,6,22,chokepoint27,Mindoro Strait,5,45,3,1,6,54,60,55268,3623448,10628,0,10364,3689345,3699709,74158
2026-06-23,2026,6,23,chokepoint27,Mindoro Strait,0,54,6,1,5,61,66,0,3549489,29336,4965,27724,3583792,3611516,74159
2026-06-24,2026,6,24,chokepoint27,Mindoro Strait,6,44,2,0,8,52,60,52625,1937424,12975,0,94369,2003026,2097395,74160
2026-06-25,2026,6,25,chokepoint27,Mindoro Strait,5,56,5,1,3,67,70,63037,4581966,16787,267,83306,4662058,4745365,74161
2026-06-26,2026,6,26,chokepoint27,Mindoro Strait,2,49,2,0,7,53,60,24608,3603993,11274,0,166441,3639875,3806317,74162
2026-06-27,2026,6,27,chokepoint27,Mindoro Strait,2,43,6,0,3,51,54,30291,3085935,16194,0,22075,3132421,3154496,74163
2026-06-28,2026,6,28,chokepoint27,Mindoro Strait,5,50,0,1,5,56,61,48034,3798942,0,0,69298,3846976,3916275,74164
2026-06-29,2026,6,29,chokepoint27,Mindoro Strait,6,40,1,0,4,47,51,62083,3884615,0,0,22604,3946698,3969303,74165
2026-06-30,2026,6,30,chokepoint27,Mindoro Strait,3,42,1,1,5,47,52,21286,2627006,0,2367,15038,2650660,2665699,74166
2026-06-01,2026,6,1,chokepoint28,Kerch Strait,0,4,3,0,1,7,8,0,126983,4515,0,145039,131499,276539,76377
2026-06-02,2026,6,2,chokepoint28,Kerch Strait,0,1,1,1,0,3,3,0,0,13173,1981,0,15154,15154,76378
2026-06-03,2026,6,3,chokepoint28,Kerch Strait,1,5,8,0,4,14,18,4671,125284,11028,0,5918,140983,146901,76379
2026-06-04,2026,6,4,chokepoint28,Kerch Strait,5,3,14,0,3,22,25,41196,25614,23253,0,32723,90064,122788,76380
2026-06-05,2026,6,5,chokepoint28,Kerch Strait,0,1,10,0,8,11,19,0,31347,17652,0,71168,49000,120168,76381
2026-06-06,2026,6,6,chokepoint28,Kerch Strait,1,5,4,1,1,11,12,7382,27051,12718,0,0,47153,47153,76382
2026-06-07,2026,6,7,chokepoint28,Kerch Strait,1,1,8,0,2,10,12,4671,0,9673,0,6416,14345,20761,76383
2026-06-08,2026,6,8,chokepoint28,Kerch Strait,0,1,3,0,3,4,7,0,0,13287,0,8846,13287,22133,76384
2026-06-09,2026,6,9,chokepoint28,Kerch Strait,0,3,5,0,5,8,13,0,0,12408,0,12156,12408,24565,76385
2026-06-10,2026,6,10,chokepoint28,Kerch Strait,1,4,4,0,1,9,10,5864,101012,3148,0,0,110026,110026,76386
2026-06-11,2026,6,11,chokepoint28,Kerch Strait,0,0,3,0,2,3,5,0,0,3744,0,4554,3744,8299,76387
2026-06-12,2026,6,12,chokepoint28,Kerch Strait,0,1,4,0,1,5,6,0,0,7591,0,3800,7591,11391,76388
2026-06-13,2026,6,13,chokepoint28,Kerch Strait,0,2,5,0,0,7,7,0,48755,16388,0,0,65143,65143,76389
2026-06-14,2026,6,14,chokepoint28,Kerch Strait,0,1,5,0,5,6,11,0,101012,6238,0,12674,107251,119925,76390
2026-06-15,2026,6,15,chokepoint28,Kerch Strait,1,1,2,0,2,4,6,2910,0,675,0,28596,3586,32182,76391
2026-06-16,2026,6,16,chokepoint28,Kerch Strait,0,1,7,0,1,8,9,0,25614,11677,0,4554,37292,41847,76392
2026-06-17,2026,6,17,chokepoint28,Kerch Strait,0,2,7,0,3,9,12,0,28748,7919,0,3453,36667,40120,76393
2026-06-18,2026,6,18,chokepoint28,Kerch Strait,0,0,4,0,1,4,5,0,0,7565,0,6619,7565,14184,76394
2026-06-19,2026,6,19,chokepoint28,Kerch Strait,0,4,14,0,5,18,23,0,124612,27114,0,6131,151727,157858,76395
2026-06-20,2026,6,20,chokepoint28,Kerch Strait,1,2,8,1,2,12,14,7949,101012,13503,1356,3328,123821,127150,76396
2026-06-21,2026,6,21,chokepoint28,Kerch Strait,1,3,5,0,2,9,11,8493,39031,6235,0,4726,53760,58486,76397
2026-06-22,2026,6,22,chokepoint28,Kerch Strait,0,1,8,0,2,9,11,0,0,8134,0,3453,8134,11587,76398
2026-06-23,2026,6,23,chokepoint28,Kerch Strait,0,2,9,1,2,12,14,0,25614,13318,1981,43438,40914,84352,76399
2026-06-24,2026,6,24,chokepoint28,Kerch Strait,2,3,4,0,2,9,11,10612,17034,9903,0,3328,37549,40877,76400
2026-06-25,2026,6,25,chokepoint28,Kerch Strait,0,1,8,0,5,9,14,0,101012,13897,0,11085,114910,125996,76401
2026-06-26,2026,6,26,chokepoint28,Kerch Strait,0,2,10,0,0,12,12,0,22563,15747,0,0,38310,38310,76402
2026-06-27,2026,6,27,chokepoint28,Kerch Strait,0,0,4,1,1,5,6,0,0,6293,792,2698,7086,9784,76403
2026-06-28,2026,6,28,chokepoint28,Kerch Strait,0,3,4,1,1,8,9,0,28894,4323,1356,4726,34573,39300,76404
2026-06-29,2026,6,29,chokepoint28,Kerch Strait,1,0,9,0,1,10,11,11541,0,18229,0,0,29771,29771,76405
2026-06-30,2026,6,30,chokepoint28,Kerch Strait,0,3,10,0,0,13,13,0,76606,16631,0,0,93238,93238,76406
2026-07-01,2026,7,1,chokepoint1,Suez Canal,7,11,2,0,14,20,34,294778,632701,29084,0,878951,956564,1835515,2339
2026-07-02,2026,7,2,chokepoint1,Suez Canal,10,16,4,0,14,30,44,265812,684268,10093,0,446386,960174,1406560,2340
2026-07-03,2026,7,3,chokepoint1,Suez Canal,8,18,7,1,15,34,49,209641,790623,90126,2906,629560,1093297,1722857,2341
2026-07-04,2026,7,4,chokepoint1,Suez Canal,8,9,3,1,20,21,41,225015,416052,17805,0,727570,658874,1386444,2342
2026-07-05,2026,7,5,chokepoint1,Suez Canal,7,16,3,0,20,26,46,120845,686050,22566,0,992390,829462,1821853,2343
2026-07-06,2026,7,6,chokepoint1,Suez Canal,14,9,1,2,10,26,36,475756,507471,5479,0,575529,988707,1564237,2344
2026-07-07,2026,7,7,chokepoint1,Suez Canal,5,15,4,1,15,25,40,129853,626232,28244,7071,906239,791401,1697641,2345
2026-07-08,2026,7,8,chokepoint1,Suez Canal,13,11,4,1,15,29,44,555203,497113,21591,7640,749126,1081549,1830675,2346
2026-07-09,2026,7,9,chokepoint1,Suez Canal,6,14,1,0,16,21,37,262635,645359,996,0,712145,908990,1621135,2347
2026-07-10,2026,7,10,chokepoint1,Suez Canal,10,9,3,2,20,24,44,247165,376473,5079,3556,758159,632274,1390434,2348
2026-07-11,2026,7,11,chokepoint1,Suez Canal,9,16,2,2,19,29,48,345426,885383,7297,8275,726604,1246381,1972985,2349
2026-07-12,2026,7,12,chokepoint1,Suez Canal,12,9,4,4,10,29,39,424454,443465,21664,9265,426228,898849,1325078,2350
2026-07-13,2026,7,13,chokepoint1,Suez Canal,9,11,3,0,20,23,43,204495,639495,2810,0,1286711,846801,2133513,2351
2026-07-14,2026,7,14,chokepoint1,Suez Canal,7,16,0,1,10,24,34,493538,765543,0,2957,846518,1262039,2108558,2352
2026-07-15,2026,7,15,chokepoint1,Suez Canal,6,12,1,2,21,21,42,113525,571882,3304,0,910475,688712,1599188,2353
2026-07-16,2026,7,16,chokepoint1,Suez Canal,8,12,3,1,15,24,39,314440,593404,28747,0,566811,936592,1503404,2354
2026-07-17,2026,7,17,chokepoint1,Suez Canal,9,11,5,1,18,26,44,212748,534094,5311,7267,677659,759422,1437081,2355
2026-07-18,2026,7,18,chokepoint1,Suez Canal,10,13,5,3,15,31,46,448768,690829,16743,0,389225,1156342,1545567,2356
2026-07-19,2026,7,19,chokepoint1,Suez Canal,9,8,4,1,21,22,43,245685,277358,7209,0,1443001,530253,1973255,2357
2026-07-20,2026,7,20,chokepoint1,Suez Canal,5,11,3,2,15,21,36,108004,400202,27949,8167,481612,544323,1025936,2358
2026-07-21,2026,7,21,chokepoint1,Suez Canal,9,9,6,2,14,26,40,355072,172339,20025,18486,498274,565923,1064198,2359
2026-07-22,2026,7,22,chokepoint1,Suez Canal,11,13,4,2,14,30,44,461072,541811,28224,8930,770592,1040039,1810632,2360
2026-07-23,2026,7,23,chokepoint1,Suez Canal,9,15,4,1,17,29,46,112935,699817,20113,0,762479,832866,1595346,2361
2026-07-24,2026,7,24,chokepoint1,Suez Canal,13,13,4,0,16,30,46,312949,520893,16486,0,720497,850329,1570826,2362
2026-07-25,2026,7,25,chokepoint1,Suez Canal,9,8,3,0,17,20,37,171685,260018,20183,0,407502,451887,859389,2363
2026-07-26,2026,7,26,chokepoint1,Suez Canal,7,9,9,1,16,26,42,184233,320537,72585,0,891012,577356,1468369,2364
2026-07-27,2026,7,27,chokepoint1,Suez Canal,16,14,5,0,11,35,46,446754,577064,33343,0,959918,1057162,2017081,2365
2026-07-28,2026,7,28,chokepoint1,Suez Canal,11,14,3,2,13,30,43,270895,423275,34446,13840,968983,742457,1711440,2366
2026-07-29,2026,7,29,chokepoint1,Suez Canal,6,12,3,1,17,22,39,158851,608606,6765,0,620735,774223,1394958,2367
2026-07-30,2026,7,30,chokepoint1,Suez Canal,10,8,9,2,18,29,47,308734,341934,35049,0,805004,685718,1490722,2368
2026-07-31,2026,7,31,chokepoint1,Suez Canal,11,11,4,0,11,26,37,419959,599735,36865,0,646359,1056560,1702919,2369
2026-07-01,2026,7,1,chokepoint2,Panama Canal,11,5,3,1,16,20,36,388441,244097,22669,0,521162,655209,1176371,4317
2026-07-02,2026,7,2,chokepoint2,Panama Canal,6,4,4,3,14,17,31,272891,149590,13938,19194,374935,455615,830550,4318
2026-07-03,2026,7,3,chokepoint2,Panama Canal,7,6,4,1,16,18,34,210019,240817,18919,0,412018,469757,881775,4319
2026-07-04,2026,7,4,chokepoint2,Panama Canal,9,7,1,2,11,19,30,453194,289365,20331,9442,294609,772334,1066944,4320
2026-07-05,2026,7,5,chokepoint2,Panama Canal,10,4,3,3,16,20,36,388159,368599,7870,22744,552411,787374,1339786,4321
2026-07-06,2026,7,6,chokepoint2,Panama Canal,6,7,0,0,16,13,29,326175,276582,0,0,439027,602757,1041785,4322
2026-07-07,2026,7,7,chokepoint2,Panama Canal,8,4,2,1,12,15,27,370120,125847,9913,0,222864,505881,728746,4323
2026-07-08,2026,7,8,chokepoint2,Panama Canal,8,5,2,1,16,16,32,312109,176255,19821,6168,492482,514354,1006837,4324
2026-07-09,2026,7,9,chokepoint2,Panama Canal,8,2,4,4,14,18,32,320602,103563,36426,9563,370081,470155,840236,4325
2026-07-10,2026,7,10,chokepoint2,Panama Canal,8,5,0,4,14,17,31,280047,219907,0,7168,384658,507122,891780,4326
2026-07-11,2026,7,11,chokepoint2,Panama Canal,7,5,5,2,10,19,29,238366,204102,12377,21271,348570,476118,824688,4327
2026-07-12,2026,7,12,chokepoint2,Panama Canal,6,4,3,1,19,14,33,222123,137552,19717,10368,455285,389762,845047,4328
2026-07-13,2026,7,13,chokepoint2,Panama Canal,20,17,3,8,35,48,83,802437,711926,12377,44642,979117,1571384,2550501,4329
2026-07-14,2026,7,14,chokepoint2,Panama Canal,8,5,0,4,12,17,29,379373,223232,0,26105,256863,628710,885574,4330
2026-07-15,2026,7,15,chokepoint2,Panama Canal,6,7,1,3,11,17,28,260867,325244,2371,26015,429898,614498,1044397,4331
2026-07-16,2026,7,16,chokepoint2,Panama Canal,9,4,1,3,12,17,29,355718,264605,6199,5050,242227,631574,873801,4332
2026-07-17,2026,7,17,chokepoint2,Panama Canal,5,6,4,0,17,15,32,220312,229575,18718,0,327166,468606,795772,4333
2026-07-18,2026,7,18,chokepoint2,Panama Canal,11,5,3,1,11,20,31,429161,207745,32291,20694,310692,689892,1000585,4334
2026-07-19,2026,7,19,chokepoint2,Panama Canal,5,4,3,4,18,16,34,129052,267698,11112,16062,449996,423927,873923,4335
2026-07-20,2026,7,20,chokepoint2,Panama Canal,6,2,3,4,13,15,28,252080,82381,6083,10417,334282,350962,685245,4336
2026-07-21,2026,7,21,chokepoint2,Panama Canal,10,5,1,1,13,17,30,351376,205484,4933,0,261674,561794,823468,4337
2026-07-22,2026,7,22,chokepoint2,Panama Canal,8,4,3,3,4,18,22,415467,198722,35595,14498,120629,664283,784912,4338
2026-07-23,2026,7,23,chokepoint2,Panama Canal,9,4,2,4,11,19,30,395655,306863,3847,11456,278383,717823,996207,4339
2026-07-24,2026,7,24,chokepoint2,Panama Canal,8,2,1,6,14,17,31,310173,103522,13565,19638,253183,446900,700084,4340
2026-07-25,2026,7,25,chokepoint2,Panama Canal,8,3,1,3,15,15,30,356134,212149,0,16871,397039,585154,982194,4341
2026-07-26,2026,7,26,chokepoint2,Panama Canal,9,4,1,1,10,15,25,256494,131865,14265,6001,271321,408626,679947,4342
2026-07-27,2026,7,27,chokepoint2,Panama Canal,9,4,3,1,13,17,30,263599,182715,28696,8978,482491,483991,966483,4343
2026-07-28,2026,7,28,chokepoint2,Panama Canal,11,4,2,1,13,18,31,379635,172099,21376,6385,397474,579497,976971,4344
2026-07-29,2026,7,29,chokepoint2,Panama Canal,7,3,3,4,13,17,30,295273,99747,7661,12824,340565,415506,756071,4345
2026-07-30,2026,7,30,chokepoint2,Panama Canal,9,7,2,1,14,19,33,474317,340437,8227,3267,221053,826249,1047303,4346
2026-07-31,2026,7,31,chokepoint2,Panama Canal,7,5,1,3,13,16,29,226959,251911,782,13482,360315,493136,853452,4347
2026-07-01,2026,7,1,chokepoint3,Bosporus Strait,9,9,32,0,12,50,62,72139,228860,98511,0,114746,399511,514258,8695
2026-07-02,2026,7,2,chokepoint3,Bosporus Strait,7,11,34,0,11,52,63,67786,347700,64976,0,436045,480463,916508,8696
2026-07-03,2026,7,3,chokepoint3,Bosporus Strait,8,19,36,1,23,64,87,32763,358881,103803,0,866504,495448,1361952,8697
2026-07-04,2026,7,4,chokepoint3,Bosporus Strait,12,21,28,0,24,61,85,101840,646746,69762,0,573800,818349,1392150,8698
2026-07-05,2026,7,5,chokepoint3,Bosporus Strait,11,19,30,0,27,60,87,52823,507750,59182,0,709965,619756,1329721,8699
2026-07-06,2026,7,6,chokepoint3,Bosporus Strait,8,14,24,1,21,47,68,45753,275785,45667,0,487809,367205,855014,8700
2026-07-07,2026,7,7,chokepoint3,Bosporus Strait,15,15,35,0,19,65,84,118593,619147,74155,0,377425,811896,1189322,8701
2026-07-08,2026,7,8,chokepoint3,Bosporus Strait,7,26,37,1,21,71,92,65804,511249,102194,0,492308,679247,1171556,8702
2026-07-09,2026,7,9,chokepoint3,Bosporus Strait,15,12,30,2,28,59,87,122095,204863,65883,3505,640296,396348,1036645,8703
2026-07-10,2026,7,10,chokepoint3,Bosporus Strait,10,21,21,0,14,52,66,65757,866551,125130,0,523203,1057439,1580643,8704
2026-07-11,2026,7,11,chokepoint3,Bosporus Strait,8,21,33,0,19,62,81,59286,329758,78004,0,491175,467049,958224,8705
2026-07-12,2026,7,12,chokepoint3,Bosporus Strait,8,26,33,0,28,67,95,33181,492089,89385,0,595527,614656,1210183,8706
2026-07-13,2026,7,13,chokepoint3,Bosporus Strait,9,20,37,1,27,67,94,66025,731419,93703,1268,691677,892417,1584095,8707
2026-07-14,2026,7,14,chokepoint3,Bosporus Strait,7,5,19,0,14,31,45,56582,305346,50036,0,115741,411965,527706,8708
2026-07-15,2026,7,15,chokepoint3,Bosporus Strait,7,9,28,0,11,44,55,41019,61858,57960,0,524604,160838,685443,8709
2026-07-16,2026,7,16,chokepoint3,Bosporus Strait,9,14,31,0,19,54,73,51078,518564,102364,0,681878,672006,1353885,8710
2026-07-17,2026,7,17,chokepoint3,Bosporus Strait,11,20,39,0,20,70,90,77652,461556,134860,0,219291,674070,893361,8711
2026-07-18,2026,7,18,chokepoint3,Bosporus Strait,10,26,29,0,18,65,83,81164,680800,44606,0,405179,806571,1211751,8712
2026-07-19,2026,7,19,chokepoint3,Bosporus Strait,9,16,24,0,14,49,63,83603,482007,83424,0,595900,649034,1244935,8713
2026-07-20,2026,7,20,chokepoint3,Bosporus Strait,8,11,28,0,18,47,65,42636,161112,50204,0,233613,253954,487567,8714
2026-07-21,2026,7,21,chokepoint3,Bosporus Strait,11,12,17,0,25,40,65,72727,318742,38347,0,151428,429818,581246,8715
2026-07-22,2026,7,22,chokepoint3,Bosporus Strait,9,15,25,0,24,49,73,56354,309335,67052,0,157064,432742,589807,8716
2026-07-23,2026,7,23,chokepoint3,Bosporus Strait,8,19,19,1,13,47,60,84307,520294,55071,0,670577,659673,1330250,8717
2026-07-24,2026,7,24,chokepoint3,Bosporus Strait,13,20,23,1,12,57,69,92782,304262,80637,0,215527,477682,693209,8718
2026-07-25,2026,7,25,chokepoint3,Bosporus Strait,7,9,31,0,11,47,58,36418,198661,88726,0,26946,323807,350754,8719
2026-07-26,2026,7,26,chokepoint3,Bosporus Strait,6,16,29,1,12,52,64,45990,274017,57906,1123,69557,379038,448595,8720
2026-07-27,2026,7,27,chokepoint3,Bosporus Strait,13,20,25,1,16,59,75,68140,560688,48198,0,75205,677027,752232,8721
2026-07-28,2026,7,28,chokepoint3,Bosporus Strait,8,9,21,0,13,38,51,65164,215263,62794,0,160112,343222,503334,8722
2026-07-29,2026,7,29,chokepoint3,Bosporus Strait,13,13,19,0,13,45,58,92599,344078,36349,0,306631,473027,779658,8723
2026-07-30,2026,7,30,chokepoint3,Bosporus Strait,11,12,22,1,14,46,60,62812,228255,42658,0,419851,333726,753577,8724
2026-07-31,2026,7,31,chokepoint3,Bosporus Strait,5,16,21,1,17,43,60,37133,303195,42226,1127,488671,383682,872354,8725
2026-07-01,2026,7,1,chokepoint4,Bab el-Mandeb Strait,10,6,2,1,12,19,31,148026,404528,25743,0,918060,578298,1496359,11585
2026-07-02,2026,7,2,chokepoint4,Bab el-Mandeb Strait,3,20,4,1,11,28,39,19663,949260,17769,0,796439,986693,1783132,11588
2026-07-03,2026,7,3,chokepoint4,Bab el-Mandeb Strait,7,12,3,2,7,24,31,135621,400515,10366,7071,743551,553576,1297127,11591
2026-07-04,2026,7,4,chokepoint4,Bab el-Mandeb Strait,5,10,1,0,15,16,31,49933,526788,5969,0,444096,582691,1026788,11594
2026-07-05,2026,7,5,chokepoint4,Bab el-Mandeb Strait,6,11,3,1,13,21,34,108849,612922,12978,4147,1066403,738898,1805301,11597
2026-07-06,2026,7,6,chokepoint4,Bab el-Mandeb Strait,1,10,3,1,13,15,28,25863,560674,835,0,838680,587373,1426053,11600
2026-07-07,2026,7,7,chokepoint4,Bab el-Mandeb Strait,7,6,5,3,6,21,27,195616,324957,79453,8829,273661,608857,882519,11603
2026-07-08,2026,7,8,chokepoint4,Bab el-Mandeb Strait,3,12,4,2,10,21,31,58867,563915,61992,13956,827229,698732,1525961,11606
2026-07-09,2026,7,9,chokepoint4,Bab el-Mandeb Strait,5,7,4,2,10,18,28,57594,298229,20591,0,782840,376415,1159255,11609
2026-07-10,2026,7,10,chokepoint4,Bab el-Mandeb Strait,3,9,4,0,11,16,27,19898,389494,32514,0,1100074,441907,1541982,11612
2026-07-11,2026,7,11,chokepoint4,Bab el-Mandeb Strait,6,13,3,1,21,23,44,97168,571936,17289,0,964204,686395,1650599,11615
2026-07-12,2026,7,12,chokepoint4,Bab el-Mandeb Strait,7,10,10,0,14,27,41,67990,502613,61859,0,733713,632463,1366176,11625
2026-07-13,2026,7,13,chokepoint4,Bab el-Mandeb Strait,5,12,5,0,22,22,44,75104,565502,38271,0,1275250,678878,1954128,11627
2026-07-14,2026,7,14,chokepoint4,Bab el-Mandeb Strait,8,15,6,2,14,31,45,88320,857173,23840,0,594703,969334,1564038,11630
2026-07-15,2026,7,15,chokepoint4,Bab el-Mandeb Strait,5,16,2,2,15,25,40,76751,568649,7128,5571,659064,658100,1317165,11633
2026-07-16,2026,7,16,chokepoint4,Bab el-Mandeb Strait,2,14,3,4,10,23,33,24721,733006,20666,11268,399871,789662,1189533,11636
2026-07-17,2026,7,17,chokepoint4,Bab el-Mandeb Strait,4,12,11,3,16,30,46,57108,466266,46008,19821,1004967,589205,1594172,11639
2026-07-18,2026,7,18,chokepoint4,Bab el-Mandeb Strait,6,19,2,2,11,29,40,81951,1013662,9321,2160,738766,1107096,1845862,11642
2026-07-19,2026,7,19,chokepoint4,Bab el-Mandeb Strait,3,9,2,1,18,15,33,53410,240856,6106,9654,1031074,310027,1341101,11645
2026-07-20,2026,7,20,chokepoint4,Bab el-Mandeb Strait,6,11,5,1,12,23,35,79523,540200,79120,7267,763808,706112,1469920,11648
2026-07-21,2026,7,21,chokepoint4,Bab el-Mandeb Strait,3,9,4,1,8,17,25,49023,415071,16921,0,513816,481017,994834,11651
2026-07-22,2026,7,22,chokepoint4,Bab el-Mandeb Strait,9,13,2,0,7,24,31,160367,660242,1989,0,332836,822599,1155436,11654
2026-07-23,2026,7,23,chokepoint4,Bab el-Mandeb Strait,4,7,7,2,14,20,34,63955,293172,45963,10576,1155255,413667,1568922,11657
2026-07-24,2026,7,24,chokepoint4,Bab el-Mandeb Strait,6,6,5,6,7,23,30,75651,313352,58805,28794,540018,476604,1016622,11660
2026-07-25,2026,7,25,chokepoint4,Bab el-Mandeb Strait,5,9,3,0,5,17,22,80274,408109,10813,0,201702,499197,700899,11663
2026-07-26,2026,7,26,chokepoint4,Bab el-Mandeb Strait,5,5,5,1,6,16,22,84423,199351,27393,0,572869,311168,884038,11687
2026-07-27,2026,7,27,chokepoint4,Bab el-Mandeb Strait,3,9,5,1,12,18,30,48281,360848,24980,656,941306,434766,1376073,11688
2026-07-28,2026,7,28,chokepoint4,Bab el-Mandeb Strait,1,16,3,0,13,20,33,15581,697632,8598,0,457953,721811,1179765,11689
2026-07-29,2026,7,29,chokepoint4,Bab el-Mandeb Strait,8,10,6,2,5,26,31,160093,330832,31379,1257,242030,523563,765593,11691
2026-07-30,2026,7,30,chokepoint4,Bab el-Mandeb Strait,7,8,5,3,14,23,37,55037,391172,64374,10900,209723,521485,731208,11694
2026-07-31,2026,7,31,chokepoint4,Bab el-Mandeb Strait,7,9,3,1,7,20,27,110635,357905,2386,3793,140041,474720,614761,11697
2026-07-01,2026,7,1,chokepoint5,Malacca Strait,57,74,28,7,70,166,236,1951399,3968688,195936,23656,2625235,6139680,8764916,12699
2026-07-02,2026,7,2,chokepoint5,Malacca Strait,52,59,17,9,74,137,211,1637729,3081042,81191,35858,3760756,4835821,8596577,12700
2026-07-03,2026,7,3,chokepoint5,Malacca Strait,61,70,25,5,79,161,240,2045169,3850370,210539,4030,3900327,6110110,10010438,12701
2026-07-04,2026,7,4,chokepoint5,Malacca Strait,61,69,22,10,79,162,241,1748018,3628026,104642,39102,2525670,5519790,8045460,12702
2026-07-05,2026,7,5,chokepoint5,Malacca Strait,63,67,17,11,77,158,235,1835686,3160297,68622,44889,2603351,5109495,7712846,12703
2026-07-06,2026,7,6,chokepoint5,Malacca Strait,78,56,16,3,85,153,238,2424820,2612758,94448,18116,4917532,5150144,10067676,12704
2026-07-07,2026,7,7,chokepoint5,Malacca Strait,55,69,21,16,73,161,234,1541539,4483262,99973,52682,4312512,6177457,10489970,12705
2026-07-08,2026,7,8,chokepoint5,Malacca Strait,63,70,19,5,89,157,246,2362044,4767434,148639,22903,4660040,7301022,11961062,12706
2026-07-09,2026,7,9,chokepoint5,Malacca Strait,55,71,20,9,77,155,232,1533688,3958269,105672,30759,2194873,5628389,7823263,12707
2026-07-10,2026,7,10,chokepoint5,Malacca Strait,45,57,20,9,53,131,184,1316210,3409742,85087,25483,2063390,4836523,6899913,12708
2026-07-11,2026,7,11,chokepoint5,Malacca Strait,64,64,16,6,71,150,221,1749043,2948251,112167,11782,2281008,4821245,7102253,12709
2026-07-12,2026,7,12,chokepoint5,Malacca Strait,65,62,12,10,84,149,233,1905598,4240132,88060,25713,4158718,6259504,10418223,12710
2026-07-13,2026,7,13,chokepoint5,Malacca Strait,67,69,14,6,67,156,223,2132300,4343837,105551,21421,3863340,6603111,10466452,12711
2026-07-14,2026,7,14,chokepoint5,Malacca Strait,56,73,21,7,67,157,224,2043637,3981985,54622,31003,3336132,6111249,9447382,12712
2026-07-15,2026,7,15,chokepoint5,Malacca Strait,69,50,22,7,73,148,221,1629242,3256959,101869,18240,3168421,5006311,8174732,12713
2026-07-16,2026,7,16,chokepoint5,Malacca Strait,61,64,15,10,85,150,235,1656197,3440996,106289,26752,3202361,5230235,8432596,12714
2026-07-17,2026,7,17,chokepoint5,Malacca Strait,60,70,14,10,87,154,241,1677943,3727113,24608,2004,2640761,5431670,8072432,12715
2026-07-18,2026,7,18,chokepoint5,Malacca Strait,56,40,15,4,76,115,191,1961872,2324884,112257,4461,3397752,4403476,7801228,12716
2026-07-19,2026,7,19,chokepoint5,Malacca Strait,54,37,9,5,65,105,170,1444150,2541856,24322,14599,3647281,4024930,7672211,12717
2026-07-20,2026,7,20,chokepoint5,Malacca Strait,66,41,15,10,81,132,213,1622997,2509086,61462,33568,3359868,4227115,7586983,12718
2026-07-21,2026,7,21,chokepoint5,Malacca Strait,45,60,18,2,76,125,201,1320900,2773744,75959,9071,4003406,4179674,8183080,12719
2026-07-22,2026,7,22,chokepoint5,Malacca Strait,61,74,23,5,74,163,237,1952296,3761780,147640,20433,3407585,5882150,9289736,12720
2026-07-23,2026,7,23,chokepoint5,Malacca Strait,60,86,20,6,68,172,240,1770645,4785198,102644,21170,4527504,6679658,11207162,12721
2026-07-24,2026,7,24,chokepoint5,Malacca Strait,70,72,21,9,79,172,251,1701588,4147616,82705,25202,3267074,5957112,9224187,12722
2026-07-25,2026,7,25,chokepoint5,Malacca Strait,55,51,18,5,78,129,207,1358239,2805386,101773,10328,2644632,4275727,6920359,12723
2026-07-26,2026,7,26,chokepoint5,Malacca Strait,60,72,16,10,77,158,235,2060362,4257734,80733,41631,2151499,6440462,8591962,12724
2026-07-27,2026,7,27,chokepoint5,Malacca Strait,58,71,21,11,90,161,251,1594910,3258696,93265,38509,3157127,4985381,8142509,12725
2026-07-28,2026,7,28,chokepoint5,Malacca Strait,63,56,23,7,74,149,223,1881810,3043199,87651,31629,2715911,5044290,7760202,12726
2026-07-29,2026,7,29,chokepoint5,Malacca Strait,63,59,20,5,70,147,217,1745088,2574472,133598,16329,1939028,4469488,6408516,12727
2026-07-30,2026,7,30,chokepoint5,Malacca Strait,55,57,23,3,76,138,214,2104779,3769970,115249,13750,2898293,6003750,8902043,12728
2026-07-31,2026,7,31,chokepoint5,Malacca Strait,62,44,19,4,71,129,200,1606041,1925213,95626,0,1430921,3626881,5057803,12729
2026-07-01,2026,7,1,chokepoint6,Strait of Hormuz,2,4,4,0,17,10,27,35547,125083,12346,0,1409459,172976,1582436,17429
2026-07-02,2026,7,2,chokepoint6,Strait of Hormuz,4,6,1,0,14,11,25,66451,267157,675,0,235228,334285,569513,17430
2026-07-03,2026,7,3,chokepoint6,Strait of Hormuz,1,4,1,0,17,6,23,16078,165179,1114,0,1127426,182372,1309798,17431
2026-07-04,2026,7,4,chokepoint6,Strait of Hormuz,3,4,2,0,6,9,15,70711,119464,1094,0,353844,191270,545114,17432
2026-07-05,2026,7,5,chokepoint6,Strait of Hormuz,0,5,0,0,15,5,20,0,110578,0,0,782230,110578,892809,17433
2026-07-06,2026,7,6,chokepoint6,Strait of Hormuz,3,2,2,2,14,9,23,47623,116593,692,0,2066636,164909,2231545,17434
2026-07-07,2026,7,7,chokepoint6,Strait of Hormuz,1,7,2,4,10,14,24,22735,110287,13019,0,1210489,146042,1356531,17435
2026-07-08,2026,7,8,chokepoint6,Strait of Hormuz,2,3,2,0,4,7,11,22949,54009,11711,0,273790,88670,362461,17436
2026-07-09,2026,7,9,chokepoint6,Strait of Hormuz,2,2,1,0,2,5,7,6463,100711,2845,0,45539,110020,155560,17437
2026-07-10,2026,7,10,chokepoint6,Strait of Hormuz,0,1,0,0,3,1,4,0,70472,0,0,48377,70472,118849,17438
2026-07-11,2026,7,11,chokepoint6,Strait of Hormuz,0,3,0,0,3,3,6,0,109979,0,0,118896,109979,228875,17439
2026-07-12,2026,7,12,chokepoint6,Strait of Hormuz,1,0,1,0,1,2,3,3819,0,569,0,58739,4389,63129,17440
2026-07-13,2026,7,13,chokepoint6,Strait of Hormuz,1,1,3,0,2,5,7,21447,0,1316,0,42247,22764,65012,17441
2026-07-14,2026,7,14,chokepoint6,Strait of Hormuz,1,1,0,0,3,2,5,42287,0,0,0,45089,42287,87376,17442
2026-07-15,2026,7,15,chokepoint6,Strait of Hormuz,1,3,1,0,3,5,8,22137,191547,749,0,0,214434,214434,17443
2026-07-16,2026,7,16,chokepoint6,Strait of Hormuz,2,1,0,0,1,3,4,28460,0,0,0,0,28460,28460,17444
2026-07-17,2026,7,17,chokepoint6,Strait of Hormuz,0,0,0,0,1,0,1,0,0,0,0,1231,0,1231,17445
2026-07-18,2026,7,18,chokepoint6,Strait of Hormuz,0,2,1,0,2,3,5,0,79232,16152,0,36937,95385,132322,17446
2026-07-19,2026,7,19,chokepoint6,Strait of Hormuz,1,0,1,0,2,2,4,14080,0,749,0,39216,14830,54047,17447
2026-07-20,2026,7,20,chokepoint6,Strait of Hormuz,1,1,0,0,1,2,3,157,0,0,0,0,157,157,17448
2026-07-21,2026,7,21,chokepoint6,Strait of Hormuz,0,1,2,0,1,3,4,0,26381,2168,0,43064,28549,71614,17449
2026-07-22,2026,7,22,chokepoint6,Strait of Hormuz,0,1,1,0,1,2,3,0,34321,1114,0,0,35435,35435,17450
2026-07-23,2026,7,23,chokepoint6,Strait of Hormuz,0,0,0,0,0,0,0,0,0,0,0,0,0,0,17451
2026-07-24,2026,7,24,chokepoint6,Strait of Hormuz,0,2,1,0,0,3,3,0,0,591,0,0,591,591,17452
2026-07-25,2026,7,25,chokepoint6,Strait of Hormuz,0,0,1,0,0,1,1,0,0,324,0,0,324,324,17453
2026-07-26,2026,7,26,chokepoint6,Strait of Hormuz,0,1,0,0,2,1,3,0,40897,0,0,81157,40897,122054,17454
2026-07-27,2026,7,27,chokepoint6,Strait of Hormuz,0,3,1,0,0,4,4,0,166886,3427,0,0,170314,170314,17455
2026-07-28,2026,7,28,chokepoint6,Strait of Hormuz,0,3,0,0,1,3,4,0,25204,0,0,38762,25204,63967,17456
2026-07-29,2026,7,29,chokepoint6,Strait of Hormuz,0,4,0,0,2,4,6,0,64475,0,0,115119,64475,179594,17457
2026-07-30,2026,7,30,chokepoint6,Strait of Hormuz,1,0,0,0,1,1,2,0,0,0,0,5325,0,5325,17458
2026-07-31,2026,7,31,chokepoint6,Strait of Hormuz,1,2,2,0,1,5,6,42287,130403,15386,0,282046,188077,470124,17459
2026-07-01,2026,7,1,chokepoint7,Cape of Good Hope,24,49,8,5,14,86,100,1202192,3808536,45120,32339,725191,5088188,5813379,19007
2026-07-02,2026,7,2,chokepoint7,Cape of Good Hope,25,45,4,8,15,82,97,1700364,3281535,15720,22093,964212,5019714,5983927,19008
2026-07-03,2026,7,3,chokepoint7,Cape of Good Hope,24,51,2,3,21,80,101,1755255,4714291,13387,6492,1098194,6489427,7587621,19009
2026-07-04,2026,7,4,chokepoint7,Cape of Good Hope,15,37,3,2,11,57,68,759042,2786606,62748,10718,1210153,3619116,4829270,19010
2026-07-05,2026,7,5,chokepoint7,Cape of Good Hope,31,53,8,4,19,96,115,2009259,3367561,81101,12613,1133555,5470535,6604091,19011
2026-07-06,2026,7,6,chokepoint7,Cape of Good Hope,16,46,9,9,19,80,99,789208,3438697,85380,43765,1585989,4357051,5943041,19012
2026-07-07,2026,7,7,chokepoint7,Cape of Good Hope,24,44,7,8,14,83,97,1165682,2869008,20471,27921,747355,4083083,4830439,19013
2026-07-08,2026,7,8,chokepoint7,Cape of Good Hope,14,38,3,1,20,56,76,677871,2890596,91383,0,1922881,3659851,5582733,19014
2026-07-09,2026,7,9,chokepoint7,Cape of Good Hope,13,46,3,1,22,63,85,908504,3245107,25218,4375,1621666,4183206,5804873,19015
2026-07-10,2026,7,10,chokepoint7,Cape of Good Hope,26,37,4,2,19,69,88,1413575,3459070,93079,13435,638205,4979161,5617366,19016
2026-07-11,2026,7,11,chokepoint7,Cape of Good Hope,26,47,3,3,12,79,91,1479817,4169064,35196,15342,202842,5699421,5902263,19017
2026-07-12,2026,7,12,chokepoint7,Cape of Good Hope,20,50,4,5,18,79,97,1194144,4506375,52128,17886,1039494,5770536,6810030,19018
2026-07-13,2026,7,13,chokepoint7,Cape of Good Hope,22,49,4,3,24,78,102,1092975,4429618,76999,13304,1735308,5612896,7348204,19019
2026-07-14,2026,7,14,chokepoint7,Cape of Good Hope,30,42,6,7,18,85,103,1771623,3419501,86298,16704,945303,5294127,6239430,19020
2026-07-15,2026,7,15,chokepoint7,Cape of Good Hope,24,45,4,1,13,74,87,1495154,2912375,27369,7346,1468886,4442246,5911132,19021
2026-07-16,2026,7,16,chokepoint7,Cape of Good Hope,20,48,7,3,17,78,95,1096954,2753647,113014,17093,854029,3980711,4834740,19022
2026-07-17,2026,7,17,chokepoint7,Cape of Good Hope,15,55,2,4,13,76,89,1022468,4448611,29332,5850,1071425,5506264,6577689,19023
2026-07-18,2026,7,18,chokepoint7,Cape of Good Hope,19,41,2,2,20,64,84,1454063,3822204,43421,4336,1472279,5324025,6796305,19024
2026-07-19,2026,7,19,chokepoint7,Cape of Good Hope,21,47,5,4,13,77,90,1242921,3768981,65525,19634,876194,5097062,5973257,19025
2026-07-20,2026,7,20,chokepoint7,Cape of Good Hope,18,41,5,4,13,68,81,972130,2888626,53875,11552,1181726,3926183,5107910,19026
2026-07-21,2026,7,21,chokepoint7,Cape of Good Hope,21,46,4,3,19,74,93,1480946,2987911,40757,12889,1626995,4522505,6149501,19027
2026-07-22,2026,7,22,chokepoint7,Cape of Good Hope,13,56,8,4,19,81,100,801973,4201169,134424,13711,1110375,5151279,6261654,19028
2026-07-23,2026,7,23,chokepoint7,Cape of Good Hope,15,48,6,3,21,72,93,924260,3194957,48236,11994,1779949,4179449,5959398,19029
2026-07-24,2026,7,24,chokepoint7,Cape of Good Hope,17,39,4,4,17,64,81,976191,2519310,27127,27643,1081003,3550272,4631275,19030
2026-07-25,2026,7,25,chokepoint7,Cape of Good Hope,19,42,3,8,19,72,91,1549119,2555852,22399,35902,1195884,4163273,5359157,19031
2026-07-26,2026,7,26,chokepoint7,Cape of Good Hope,24,51,3,4,18,82,100,1065393,3810168,27958,13876,1023061,4917397,5940459,19032
2026-07-27,2026,7,27,chokepoint7,Cape of Good Hope,15,32,4,3,14,54,68,886772,3081862,39806,4613,436065,4013054,4449119,19033
2026-07-28,2026,7,28,chokepoint7,Cape of Good Hope,10,38,4,3,13,55,68,421867,2284575,37637,10389,456118,2754470,3210589,19034
2026-07-29,2026,7,29,chokepoint7,Cape of Good Hope,18,36,2,3,13,59,72,1166912,1875247,3139,4364,562676,3049664,3612340,19035
2026-07-30,2026,7,30,chokepoint7,Cape of Good Hope,19,56,1,3,20,79,99,1213352,4714173,34866,6468,1058589,5968860,7027450,19036
2026-07-31,2026,7,31,chokepoint7,Cape of Good Hope,30,59,6,1,27,96,123,1775586,2687215,51914,9153,1214076,4523870,5737947,19037
2026-07-01,2026,7,1,chokepoint8,Gibraltar Strait,34,32,19,4,45,89,134,1183355,1256787,45186,15040,1086601,2500371,3586972,23785
2026-07-02,2026,7,2,chokepoint8,Gibraltar Strait,27,29,27,7,37,90,127,778532,984534,80019,10864,1207001,1853951,3060953,23786
2026-07-03,2026,7,3,chokepoint8,Gibraltar Strait,31,27,25,5,40,88,128,891699,1167411,57497,34,747921,2116642,2864563,23787
2026-07-04,2026,7,4,chokepoint8,Gibraltar Strait,32,24,18,5,53,79,132,1191781,978040,41177,9302,1437332,2220302,3657635,23788
2026-07-05,2026,7,5,chokepoint8,Gibraltar Strait,30,33,26,2,40,91,131,1015771,1503316,106761,0,1042039,2625849,3667888,23789
2026-07-06,2026,7,6,chokepoint8,Gibraltar Strait,35,31,14,7,39,87,126,1111449,1122428,41792,22580,1055579,2298251,3353831,23790
2026-07-07,2026,7,7,chokepoint8,Gibraltar Strait,33,20,24,5,50,82,132,936817,1044695,113832,21284,1844478,2116630,3961108,23791
2026-07-08,2026,7,8,chokepoint8,Gibraltar Strait,34,23,22,6,44,85,129,1462415,832716,70815,14709,1705082,2380657,4085739,23792
2026-07-09,2026,7,9,chokepoint8,Gibraltar Strait,28,26,18,0,48,72,120,699541,1056203,109131,0,1545286,1864876,3410162,23793
2026-07-10,2026,7,10,chokepoint8,Gibraltar Strait,34,31,22,6,41,93,134,1282330,1212684,61701,12521,1610783,2569238,4180021,23794
2026-07-11,2026,7,11,chokepoint8,Gibraltar Strait,29,29,25,2,26,85,111,855910,931704,99380,7267,849167,1894263,2743430,23795
2026-07-12,2026,7,12,chokepoint8,Gibraltar Strait,30,26,28,8,52,92,144,726126,602531,110312,16035,2211109,1455006,3666115,23796
2026-07-13,2026,7,13,chokepoint8,Gibraltar Strait,38,22,26,5,42,91,133,1165246,881721,110957,15100,1128303,2173026,3301329,23797
2026-07-14,2026,7,14,chokepoint8,Gibraltar Strait,25,20,25,7,49,77,126,771809,605108,128774,13344,1320956,1519036,2839993,23798
2026-07-15,2026,7,15,chokepoint8,Gibraltar Strait,32,26,26,6,31,90,121,1010602,1186268,124353,6413,663265,2327638,2990904,23799
2026-07-16,2026,7,16,chokepoint8,Gibraltar Strait,29,25,21,3,47,78,125,1135309,1146603,82723,10868,1253691,2375505,3629196,23800
2026-07-17,2026,7,17,chokepoint8,Gibraltar Strait,26,19,23,6,54,74,128,723584,539722,85475,22074,1194525,1370857,2565382,23801
2026-07-18,2026,7,18,chokepoint8,Gibraltar Strait,24,28,24,3,41,79,120,801173,1320321,101484,4394,952116,2227374,3179490,23802
2026-07-19,2026,7,19,chokepoint8,Gibraltar Strait,32,26,25,5,31,88,119,1002834,943900,80778,12367,859500,2039880,2899381,23803
2026-07-20,2026,7,20,chokepoint8,Gibraltar Strait,37,17,23,8,44,85,129,1212965,725672,110804,7923,1778719,2057366,3836085,23804
2026-07-21,2026,7,21,chokepoint8,Gibraltar Strait,31,28,19,3,54,81,135,1006831,815966,65415,1564,2153589,1889777,4043367,23805
2026-07-22,2026,7,22,chokepoint8,Gibraltar Strait,26,30,23,8,48,87,135,746078,831492,86797,22237,1382722,1686605,3069328,23806
2026-07-23,2026,7,23,chokepoint8,Gibraltar Strait,31,23,24,4,47,82,129,973796,948357,75785,10950,1552865,2008890,3561756,23807
2026-07-24,2026,7,24,chokepoint8,Gibraltar Strait,24,27,33,4,28,88,116,616275,1233651,159118,4757,1025213,2013803,3039017,23808
2026-07-25,2026,7,25,chokepoint8,Gibraltar Strait,26,19,35,6,50,86,136,814398,795305,142389,14190,1175832,1766283,2942116,23809
2026-07-26,2026,7,26,chokepoint8,Gibraltar Strait,35,26,21,5,44,87,131,910049,1117108,58467,16723,1707088,2102348,3809437,23810
2026-07-27,2026,7,27,chokepoint8,Gibraltar Strait,34,26,24,5,47,89,136,1065250,1037483,72558,3992,964214,2179284,3143499,23811
2026-07-28,2026,7,28,chokepoint8,Gibraltar Strait,26,34,20,7,47,87,134,745406,1468910,102987,21081,1366253,2338385,3704638,23812
2026-07-29,2026,7,29,chokepoint8,Gibraltar Strait,22,28,19,8,41,77,118,771102,879552,108399,34778,1268478,1793833,3062311,23813
2026-07-30,2026,7,30,chokepoint8,Gibraltar Strait,26,21,25,8,42,80,122,1151548,735720,86385,11050,1481159,1984705,3465864,23814
2026-07-31,2026,7,31,chokepoint8,Gibraltar Strait,32,32,22,4,36,90,126,944451,1074187,75167,3826,1291869,2097633,3389503,23815
2026-07-01,2026,7,1,chokepoint9,Dover Strait,36,21,32,7,58,96,154,864505,815670,84641,20565,1371048,1785383,3156432,24163
2026-07-02,2026,7,2,chokepoint9,Dover Strait,42,17,37,10,41,106,147,1302878,833444,109235,18687,750044,2264245,3014290,24164
2026-07-03,2026,7,3,chokepoint9,Dover Strait,36,19,53,10,61,118,179,999796,1279085,181005,25060,1384122,2484948,3869071,24165
2026-07-04,2026,7,4,chokepoint9,Dover Strait,36,17,44,9,67,106,173,1234220,660422,112499,5956,1474713,2013098,3487812,24166
2026-07-05,2026,7,5,chokepoint9,Dover Strait,42,19,28,11,45,100,145,920025,652756,59679,23112,1028192,1655573,2683765,24167
2026-07-06,2026,7,6,chokepoint9,Dover Strait,37,21,38,12,69,108,177,1141096,980596,112085,16082,1935304,2249860,4185164,24168
2026-07-07,2026,7,7,chokepoint9,Dover Strait,42,27,33,13,50,115,165,812462,1064459,113364,42001,974619,2032287,3006907,24169
2026-07-08,2026,7,8,chokepoint9,Dover Strait,32,25,38,11,53,106,159,700881,966835,147194,35535,1153258,1850447,3003705,24170
2026-07-09,2026,7,9,chokepoint9,Dover Strait,33,22,41,8,54,104,158,885403,1000633,78990,11191,1157816,1976218,3134034,24171
2026-07-10,2026,7,10,chokepoint9,Dover Strait,37,23,37,16,60,113,173,1129242,559354,106508,35815,1083174,1830919,2914094,24172
2026-07-11,2026,7,11,chokepoint9,Dover Strait,40,21,47,13,44,121,165,921753,759798,124750,40995,1157481,1847298,3004779,24173
2026-07-12,2026,7,12,chokepoint9,Dover Strait,43,16,31,12,52,102,154,1125982,545481,89001,25358,894032,1785824,2679857,24174
2026-07-13,2026,7,13,chokepoint9,Dover Strait,28,19,26,14,59,87,146,888608,1063459,72758,27074,906214,2051901,2958116,24175
2026-07-14,2026,7,14,chokepoint9,Dover Strait,42,22,41,13,45,118,163,1465007,979081,100587,14081,1392311,2558758,3951069,24176
2026-07-15,2026,7,15,chokepoint9,Dover Strait,21,20,36,9,48,86,134,498824,967522,75845,14150,1415610,1556343,2971953,24177
2026-07-16,2026,7,16,chokepoint9,Dover Strait,32,19,40,14,44,105,149,585601,806929,151734,29244,1545401,1573510,3118912,24178
2026-07-17,2026,7,17,chokepoint9,Dover Strait,32,26,47,12,62,117,179,856970,1308808,108178,25122,1798545,2299080,4097625,24179
2026-07-18,2026,7,18,chokepoint9,Dover Strait,37,20,48,12,48,117,165,1242804,892820,107397,16690,1185020,2259713,3444733,24180
2026-07-19,2026,7,19,chokepoint9,Dover Strait,40,25,36,7,57,108,165,1278974,1154661,132924,17992,1008895,2584552,3593448,24181
2026-07-20,2026,7,20,chokepoint9,Dover Strait,42,20,36,10,54,108,162,981653,954625,99724,22780,1121293,2058783,3180077,24182
2026-07-21,2026,7,21,chokepoint9,Dover Strait,34,16,29,11,49,90,139,1051367,440372,112785,34988,731067,1639514,2370581,24183
2026-07-22,2026,7,22,chokepoint9,Dover Strait,39,20,23,12,57,94,151,974964,1008902,66674,23821,1155507,2074363,3229870,24184
2026-07-23,2026,7,23,chokepoint9,Dover Strait,32,24,36,14,61,106,167,896572,776673,85546,43838,1122576,1802630,2925207,24185
2026-07-24,2026,7,24,chokepoint9,Dover Strait,29,19,44,11,45,103,148,641903,703778,87142,24359,1101944,1457184,2559128,24186
2026-07-25,2026,7,25,chokepoint9,Dover Strait,36,18,42,13,65,109,174,1019846,633935,98539,44048,1449980,1796369,3246349,24187
2026-07-26,2026,7,26,chokepoint9,Dover Strait,39,25,23,6,60,93,153,883006,1198619,59466,5148,1155324,2146241,3301566,24188
2026-07-27,2026,7,27,chokepoint9,Dover Strait,36,12,37,9,51,94,145,854093,635099,127155,6515,1159881,1622863,2782744,24189
2026-07-28,2026,7,28,chokepoint9,Dover Strait,32,22,33,13,47,100,147,695273,832001,108912,16585,832050,1652773,2484823,24190
2026-07-29,2026,7,29,chokepoint9,Dover Strait,33,23,32,12,51,100,151,1166219,1107593,80104,37233,1326480,2391150,3717631,24191
2026-07-30,2026,7,30,chokepoint9,Dover Strait,29,23,28,7,63,87,150,658492,820698,71264,3883,1490011,1554338,3044350,24192
2026-07-31,2026,7,31,chokepoint9,Dover Strait,36,21,43,12,43,112,155,980847,916051,158932,27127,1026850,2082959,3109809,24193
2026-07-01,2026,7,1,chokepoint10,Oresund Strait,3,4,25,3,5,35,40,815,20788,32272,3800,45332,57677,103009,26541
2026-07-02,2026,7,2,chokepoint10,Oresund Strait,3,7,9,1,9,20,29,3951,0,15586,0,37094,19538,56633,26542
2026-07-03,2026,7,3,chokepoint10,Oresund Strait,8,5,13,1,13,27,40,19941,37672,29514,1520,21157,88649,109807,26543
2026-07-04,2026,7,4,chokepoint10,Oresund Strait,6,5,22,5,12,38,50,19819,46669,38294,2000,17157,106784,123941,26544
2026-07-05,2026,7,5,chokepoint10,Oresund Strait,7,7,18,5,12,37,49,21576,22960,31489,3718,20107,79744,99852,26545
2026-07-06,2026,7,6,chokepoint10,Oresund Strait,3,2,24,2,7,31,38,9824,0,38774,1116,19947,49714,69662,26546
2026-07-07,2026,7,7,chokepoint10,Oresund Strait,4,8,16,2,10,30,40,2088,24840,25814,3665,16282,56408,72691,26547
2026-07-08,2026,7,8,chokepoint10,Oresund Strait,4,3,14,2,8,23,31,7623,0,24479,1572,58045,33675,91721,26548
2026-07-09,2026,7,9,chokepoint10,Oresund Strait,3,6,21,2,9,32,41,4279,195012,35956,5776,8984,241025,250010,26549
2026-07-10,2026,7,10,chokepoint10,Oresund Strait,9,5,18,2,9,34,43,15177,26680,31785,0,14357,73644,88002,26550
2026-07-11,2026,7,11,chokepoint10,Oresund Strait,6,8,26,4,9,44,53,14526,33691,42987,8090,27438,99295,126733,26551
2026-07-12,2026,7,12,chokepoint10,Oresund Strait,6,6,19,0,9,31,40,7209,39083,25929,0,20699,72222,92922,26552
2026-07-13,2026,7,13,chokepoint10,Oresund Strait,4,5,13,4,10,26,36,8847,40844,27625,1006,29942,78323,108265,26553
2026-07-14,2026,7,14,chokepoint10,Oresund Strait,3,4,17,3,10,27,37,3994,0,29819,2915,23834,36729,60564,26554
2026-07-15,2026,7,15,chokepoint10,Oresund Strait,5,10,18,2,10,35,45,18805,41927,26673,1343,23598,88749,112348,26555
2026-07-16,2026,7,16,chokepoint10,Oresund Strait,8,6,21,2,8,37,45,27832,8765,39159,3493,35330,79251,114581,26556
2026-07-17,2026,7,17,chokepoint10,Oresund Strait,5,3,21,2,9,31,40,8269,0,39517,0,106703,47786,154490,26557
2026-07-18,2026,7,18,chokepoint10,Oresund Strait,6,6,20,3,5,35,40,17124,0,42884,5019,7457,65027,72485,26558
2026-07-19,2026,7,19,chokepoint10,Oresund Strait,6,4,12,3,7,25,32,18564,22223,24969,0,15345,65758,81104,26559
2026-07-20,2026,7,20,chokepoint10,Oresund Strait,3,8,21,3,7,35,42,8936,2360,27927,3062,18342,42286,60628,26560
2026-07-21,2026,7,21,chokepoint10,Oresund Strait,8,5,13,3,9,29,38,8645,119681,23692,2810,24065,154829,178895,26561
2026-07-22,2026,7,22,chokepoint10,Oresund Strait,1,2,22,1,7,26,33,0,11314,32206,0,7573,43520,51093,26562
2026-07-23,2026,7,23,chokepoint10,Oresund Strait,3,5,18,1,10,27,37,5700,140032,30227,0,28902,175960,204862,26563
2026-07-24,2026,7,24,chokepoint10,Oresund Strait,10,5,24,2,6,41,47,15015,38448,31891,1524,55999,86880,142879,26564
2026-07-25,2026,7,25,chokepoint10,Oresund Strait,8,6,21,4,6,39,45,17149,4751,35638,3266,18604,60806,79410,26565
2026-07-26,2026,7,26,chokepoint10,Oresund Strait,5,7,11,5,13,28,41,9268,2268,14872,4550,28811,30960,59772,26566
2026-07-27,2026,7,27,chokepoint10,Oresund Strait,6,7,7,3,8,23,31,10612,137735,11377,0,7233,159724,166958,26567
2026-07-28,2026,7,28,chokepoint10,Oresund Strait,6,3,16,1,3,26,29,13204,0,19041,3161,9223,35406,44630,26568
2026-07-29,2026,7,29,chokepoint10,Oresund Strait,2,3,14,4,8,23,31,4539,4038,21640,2336,7770,32555,40326,26569
2026-07-30,2026,7,30,chokepoint10,Oresund Strait,3,2,23,1,5,29,34,7561,29618,30350,3775,7246,71305,78552,26570
2026-07-31,2026,7,31,chokepoint10,Oresund Strait,5,3,25,4,7,37,44,8709,7275,39113,1173,17449,56272,73722,26571
2026-07-01,2026,7,1,chokepoint11,Taiwan Strait,97,66,35,3,40,201,241,2631011,4280241,197302,3000,599113,7111556,7710669,31719
2026-07-02,2026,7,2,chokepoint11,Taiwan Strait,81,77,24,7,45,189,234,1501023,4150855,129167,26800,685711,5807847,6493558,31720
2026-07-03,2026,7,3,chokepoint11,Taiwan Strait,87,84,27,6,54,204,258,1805978,4308528,160912,6849,748126,6282268,7030395,31721
2026-07-04,2026,7,4,chokepoint11,Taiwan Strait,80,73,24,3,50,180,230,1812908,3968629,185406,9654,495772,5976600,6472373,31722
2026-07-05,2026,7,5,chokepoint11,Taiwan Strait,95,67,34,9,45,205,250,2210603,3084126,224283,18347,548620,5537360,6085980,31723
2026-07-06,2026,7,6,chokepoint11,Taiwan Strait,88,59,32,6,57,185,242,1807960,2688582,169834,11770,740865,4678148,5419014,31724
2026-07-07,2026,7,7,chokepoint11,Taiwan Strait,98,90,33,4,46,225,271,2426147,3948081,136743,15154,558557,6526127,7084684,31725
2026-07-08,2026,7,8,chokepoint11,Taiwan Strait,102,97,27,7,44,233,277,2344917,4691405,212788,15230,1071549,7264341,8335890,31726
2026-07-09,2026,7,9,chokepoint11,Taiwan Strait,54,79,15,3,25,151,176,1231303,2885132,127433,12229,882076,4256098,5138175,31727
2026-07-10,2026,7,10,chokepoint11,Taiwan Strait,9,9,0,0,10,18,28,163642,223266,0,0,392144,386908,779052,31728
2026-07-11,2026,7,11,chokepoint11,Taiwan Strait,15,27,3,2,12,47,59,189771,1882741,17951,3901,573712,2094365,2668078,31729
2026-07-12,2026,7,12,chokepoint11,Taiwan Strait,138,115,46,13,89,312,401,2283525,6292392,282949,29790,1375480,8888659,10264140,31730
2026-07-13,2026,7,13,chokepoint11,Taiwan Strait,100,41,37,7,36,185,221,2095074,1475310,143758,9981,703015,3724124,4427140,31731
2026-07-14,2026,7,14,chokepoint11,Taiwan Strait,145,61,27,5,43,238,281,3164696,2904618,159348,20374,487735,6249038,6736774,31732
2026-07-15,2026,7,15,chokepoint11,Taiwan Strait,108,72,47,6,53,233,286,2621318,3330461,293431,15871,1257722,6261082,7518805,31733
2026-07-16,2026,7,16,chokepoint11,Taiwan Strait,79,77,39,4,53,199,252,1792101,3670779,213093,14442,936693,5690417,6627111,31734
2026-07-17,2026,7,17,chokepoint11,Taiwan Strait,78,71,26,7,38,182,220,1847601,3785791,97918,15436,600991,5746747,6347738,31735
2026-07-18,2026,7,18,chokepoint11,Taiwan Strait,80,69,28,8,53,185,238,1848957,3597656,127394,18017,875733,5592025,6467759,31736
2026-07-19,2026,7,19,chokepoint11,Taiwan Strait,88,78,28,6,34,200,234,1879870,3319364,200913,25255,615429,5425403,6040833,31737
2026-07-20,2026,7,20,chokepoint11,Taiwan Strait,97,59,31,11,53,198,251,2843337,2650469,162166,15137,996860,5671111,6667972,31738
2026-07-21,2026,7,21,chokepoint11,Taiwan Strait,77,84,30,4,54,195,249,1516018,3713567,152838,12500,918980,5394924,6313904,31739
2026-07-22,2026,7,22,chokepoint11,Taiwan Strait,101,88,24,9,47,222,269,2057058,3635874,107270,48593,808538,5848797,6657335,31740
2026-07-23,2026,7,23,chokepoint11,Taiwan Strait,107,60,32,8,54,207,261,2251937,2570054,119809,15338,1180450,4957140,6137591,31741
2026-07-24,2026,7,24,chokepoint11,Taiwan Strait,57,49,30,6,58,142,200,1249326,2849318,229398,10198,1252133,4338241,5590374,31742
2026-07-25,2026,7,25,chokepoint11,Taiwan Strait,53,34,11,7,16,105,121,1214408,2218860,58652,11869,279614,3503791,3783405,31743
2026-07-26,2026,7,26,chokepoint11,Taiwan Strait,90,63,23,3,47,179,226,2127936,3157956,111842,12509,1200865,5410244,6611110,31744
2026-07-27,2026,7,27,chokepoint11,Taiwan Strait,85,82,35,7,80,209,289,1984755,3429294,167844,15275,1072066,5597169,6669236,31745
2026-07-28,2026,7,28,chokepoint11,Taiwan Strait,87,68,24,5,55,184,239,1901183,2705124,152609,9045,600708,4767963,5368672,31746
2026-07-29,2026,7,29,chokepoint11,Taiwan Strait,90,67,25,7,42,189,231,2384325,2667889,115318,20505,993316,5188039,6181355,31747
2026-07-30,2026,7,30,chokepoint11,Taiwan Strait,75,66,29,5,53,175,228,1873513,2974221,197012,11916,1022513,5056663,6079177,31748
2026-07-31,2026,7,31,chokepoint11,Taiwan Strait,84,66,20,8,52,178,230,1661196,2701194,95212,30174,639777,4487778,5127556,31749
2026-07-01,2026,7,1,chokepoint12,Korea Strait,61,41,50,7,52,159,211,1053335,1332707,82966,28821,949078,2497830,3446908,33685
2026-07-02,2026,7,2,chokepoint12,Korea Strait,69,45,57,13,64,184,248,1648713,1598969,143573,21593,1248883,3412850,4661733,33686
2026-07-03,2026,7,3,chokepoint12,Korea Strait,67,55,47,6,47,175,222,1495432,1976401,90271,14304,331539,3576410,3907950,33687
2026-07-04,2026,7,4,chokepoint12,Korea Strait,48,38,60,6,62,152,214,791291,934325,109242,10359,1118476,1845219,2963696,33688
2026-07-05,2026,7,5,chokepoint12,Korea Strait,63,35,44,11,70,153,223,992790,1230447,94379,21128,785533,2338745,3124278,33689
2026-07-06,2026,7,6,chokepoint12,Korea Strait,58,47,51,4,45,160,205,997152,1393511,105711,6176,1189799,2502551,3692350,33690
2026-07-07,2026,7,7,chokepoint12,Korea Strait,62,41,48,9,56,160,216,1680754,1343687,67760,11744,634234,3103946,3738181,33691
2026-07-08,2026,7,8,chokepoint12,Korea Strait,70,35,54,9,56,168,224,1256087,1150671,105678,36665,591555,2549103,3140658,33692
2026-07-09,2026,7,9,chokepoint12,Korea Strait,57,30,62,12,67,161,228,1037661,559930,184195,24131,764199,1805918,2570117,33693
2026-07-10,2026,7,10,chokepoint12,Korea Strait,68,43,52,8,62,171,233,1248924,1622155,151608,15746,483139,3038436,3521576,33694
2026-07-11,2026,7,11,chokepoint12,Korea Strait,62,33,49,9,51,153,204,1388319,836011,137181,17456,702412,2378969,3081382,33695
2026-07-12,2026,7,12,chokepoint12,Korea Strait,59,29,33,12,45,133,178,834885,1127308,131258,23492,397542,2116945,2514487,33696
2026-07-13,2026,7,13,chokepoint12,Korea Strait,51,34,61,12,49,158,207,956430,843892,101188,13408,477727,1914919,2392647,33697
2026-07-14,2026,7,14,chokepoint12,Korea Strait,39,37,43,3,47,122,169,568429,1045216,93970,16515,706252,1724131,2430383,33698
2026-07-15,2026,7,15,chokepoint12,Korea Strait,58,42,44,9,54,153,207,1213860,1029097,81728,11502,1098567,2336188,3434755,33699
2026-07-16,2026,7,16,chokepoint12,Korea Strait,58,45,62,6,61,171,232,946368,1715401,166189,14351,1367078,2842311,4209389,33700
2026-07-17,2026,7,17,chokepoint12,Korea Strait,62,37,55,8,60,162,222,1191450,1008065,135012,14313,1302092,2348841,3650934,33701
2026-07-18,2026,7,18,chokepoint12,Korea Strait,65,45,53,10,58,173,231,1020130,1393978,160021,30264,838854,2604395,3443250,33702
2026-07-19,2026,7,19,chokepoint12,Korea Strait,53,31,43,8,65,135,200,1068489,660835,74339,30070,1024403,1833734,2858138,33703
2026-07-20,2026,7,20,chokepoint12,Korea Strait,63,33,57,3,70,156,226,1066983,796987,113096,0,657074,1977067,2634141,33704
2026-07-21,2026,7,21,chokepoint12,Korea Strait,54,31,47,10,54,142,196,1331616,1057315,111801,13947,1676472,2514681,4191154,33705
2026-07-22,2026,7,22,chokepoint12,Korea Strait,41,41,61,5,60,148,208,967179,1162867,123491,30624,536551,2284162,2820713,33706
2026-07-23,2026,7,23,chokepoint12,Korea Strait,63,40,42,10,66,155,221,1245285,1342967,77391,5794,1292617,2671439,3964057,33707
2026-07-24,2026,7,24,chokepoint12,Korea Strait,68,37,43,13,60,161,221,1182313,1429414,96061,33715,536362,2741506,3277868,33708
2026-07-25,2026,7,25,chokepoint12,Korea Strait,58,32,50,7,65,147,212,888156,845837,94479,12411,1192841,1840885,3033726,33709
2026-07-26,2026,7,26,chokepoint12,Korea Strait,48,42,65,8,63,163,226,1292962,1140002,132196,15543,1780289,2580704,4360993,33710
2026-07-27,2026,7,27,chokepoint12,Korea Strait,61,28,58,11,57,158,215,880979,821367,113786,19684,458383,1835817,2294200,33711
2026-07-28,2026,7,28,chokepoint12,Korea Strait,45,48,50,11,55,154,209,1058748,1177261,141764,13886,817431,2391661,3209092,33712
2026-07-29,2026,7,29,chokepoint12,Korea Strait,46,42,52,11,59,151,210,1137158,1828446,102855,23503,1364386,3091963,4456349,33714
2026-07-30,2026,7,30,chokepoint12,Korea Strait,59,40,45,10,60,154,214,1333066,1441248,79905,23125,691587,2877345,3568933,33715
2026-07-31,2026,7,31,chokepoint12,Korea Strait,67,42,57,10,57,176,233,1295570,872056,135542,30080,730812,2333250,3064062,33716
2026-07-01,2026,7,1,chokepoint13,Tsugaru Strait,10,19,15,2,12,46,58,346737,500499,37434,10333,253325,895004,1148329,37675
2026-07-02,2026,7,2,chokepoint13,Tsugaru Strait,14,13,7,1,12,35,47,526883,377813,12811,5114,186479,922623,1109103,37676
2026-07-03,2026,7,3,chokepoint13,Tsugaru Strait,20,13,13,5,13,51,64,633089,386140,35064,15611,202216,1069906,1272122,37677
2026-07-04,2026,7,4,chokepoint13,Tsugaru Strait,23,13,13,5,17,54,71,810747,518733,16882,7782,567640,1354145,1921786,37678
2026-07-05,2026,7,5,chokepoint13,Tsugaru Strait,16,17,10,5,12,48,60,838466,741253,18035,9438,169803,1607193,1776996,37679
2026-07-06,2026,7,6,chokepoint13,Tsugaru Strait,13,15,9,3,15,40,55,633920,346773,23818,9478,271766,1013991,1285757,37680
2026-07-07,2026,7,7,chokepoint13,Tsugaru Strait,7,10,11,6,11,34,45,252119,369302,10406,9992,188546,641820,830366,37681
2026-07-08,2026,7,8,chokepoint13,Tsugaru Strait,18,10,9,3,16,40,56,613735,241220,34004,4293,160011,893253,1053265,37682
2026-07-09,2026,7,9,chokepoint13,Tsugaru Strait,13,15,11,2,14,41,55,477473,579528,42232,15652,170082,1114887,1284969,37683
2026-07-10,2026,7,10,chokepoint13,Tsugaru Strait,17,19,6,4,12,46,58,727943,389431,7674,16590,272002,1141639,1413641,37684
2026-07-11,2026,7,11,chokepoint13,Tsugaru Strait,19,9,12,7,9,47,56,763112,519425,7210,12974,30923,1302722,1333645,37685
2026-07-12,2026,7,12,chokepoint13,Tsugaru Strait,22,17,8,4,15,51,66,1030798,556383,13690,10161,220827,1611033,1831861,37686
2026-07-13,2026,7,13,chokepoint13,Tsugaru Strait,11,11,6,5,5,33,38,326641,456630,40429,26247,98486,849948,948435,37687
2026-07-14,2026,7,14,chokepoint13,Tsugaru Strait,9,7,5,2,7,23,30,277795,182310,7212,4062,105154,471381,576535,37688
2026-07-15,2026,7,15,chokepoint13,Tsugaru Strait,9,9,3,8,13,29,42,261437,491494,3413,13096,440577,769442,1210020,37689
2026-07-16,2026,7,16,chokepoint13,Tsugaru Strait,9,8,9,1,18,27,45,171077,258664,24651,6942,261512,461335,722848,37690
2026-07-17,2026,7,17,chokepoint13,Tsugaru Strait,15,11,6,1,9,33,42,504520,366076,16584,0,14479,887181,901661,37691
2026-07-18,2026,7,18,chokepoint13,Tsugaru Strait,14,16,6,3,12,39,51,493068,530415,21101,17661,79640,1062246,1141886,37692
2026-07-19,2026,7,19,chokepoint13,Tsugaru Strait,22,23,4,2,18,51,69,985266,882176,1149,5165,267454,1873758,2141212,37693
2026-07-20,2026,7,20,chokepoint13,Tsugaru Strait,15,15,9,1,13,40,53,535794,453840,39625,0,112587,1029261,1141848,37694
2026-07-21,2026,7,21,chokepoint13,Tsugaru Strait,11,16,8,10,16,45,61,534180,429930,12136,28422,306227,1004669,1310897,37695
2026-07-22,2026,7,22,chokepoint13,Tsugaru Strait,18,12,9,5,13,44,57,694702,288701,44138,3674,181637,1031216,1212854,37696
2026-07-23,2026,7,23,chokepoint13,Tsugaru Strait,12,12,9,1,16,34,50,311442,389191,20872,0,399697,721506,1121204,37697
2026-07-24,2026,7,24,chokepoint13,Tsugaru Strait,15,5,5,1,14,26,40,727186,152406,1599,0,706482,881191,1587673,37698
2026-07-25,2026,7,25,chokepoint13,Tsugaru Strait,22,14,8,5,12,49,61,539235,497185,12311,10891,18039,1059623,1077662,37699
2026-07-26,2026,7,26,chokepoint13,Tsugaru Strait,12,17,3,7,11,39,50,370057,578590,2038,28553,309094,979240,1288335,37700
2026-07-27,2026,7,27,chokepoint13,Tsugaru Strait,14,9,7,2,17,32,49,349712,307909,27061,0,239786,684683,924469,37701
2026-07-28,2026,7,28,chokepoint13,Tsugaru Strait,17,10,5,3,10,35,45,689526,243970,2796,9382,109212,945675,1054888,37702
2026-07-29,2026,7,29,chokepoint13,Tsugaru Strait,11,15,3,4,13,33,46,301811,576200,2009,11543,188343,891564,1079908,37703
2026-07-30,2026,7,30,chokepoint13,Tsugaru Strait,16,15,12,7,18,50,68,626591,207484,32327,15964,537701,882368,1420070,37704
2026-07-31,2026,7,31,chokepoint13,Tsugaru Strait,9,17,5,6,10,37,47,285191,730444,3628,11717,149536,1030982,1180518,37705
2026-07-01,2026,7,1,chokepoint14,Luzon Strait,14,41,9,6,33,70,103,315664,4098568,74626,7879,1919337,4496739,6416076,38455
2026-07-02,2026,7,2,chokepoint14,Luzon Strait,6,44,7,3,30,60,90,116130,3842256,58111,0,1682918,4016499,5699417,38456
2026-07-03,2026,7,3,chokepoint14,Luzon Strait,15,42,7,7,28,71,99,210690,5544852,47409,30105,1996216,5833057,7829274,38457
2026-07-04,2026,7,4,chokepoint14,Luzon Strait,14,57,7,5,31,83,114,347272,5708796,28502,12757,1193037,6097329,7290367,38458
2026-07-05,2026,7,5,chokepoint14,Luzon Strait,6,42,9,4,36,61,97,121539,5236586,51467,2378,1853268,5411973,7265241,38459
2026-07-06,2026,7,6,chokepoint14,Luzon Strait,8,51,4,6,24,69,93,257097,4256891,21250,29146,1427792,4564385,5992177,38460
2026-07-07,2026,7,7,chokepoint14,Luzon Strait,6,38,3,1,21,48,69,152472,2131863,13032,9044,547136,2306413,2853549,38461
2026-07-08,2026,7,8,chokepoint14,Luzon Strait,2,20,1,1,12,24,36,32270,1128793,2706,4574,462127,1168345,1630472,38462
2026-07-09,2026,7,9,chokepoint14,Luzon Strait,0,3,2,0,7,5,12,0,51544,9692,0,125180,61237,186417,38463
2026-07-10,2026,7,10,chokepoint14,Luzon Strait,0,2,0,1,4,3,7,0,142282,0,0,281558,142282,423841,38464
2026-07-11,2026,7,11,chokepoint14,Luzon Strait,16,76,3,8,29,103,132,579883,10014692,19411,19836,3102116,10633822,13735938,38465
2026-07-12,2026,7,12,chokepoint14,Luzon Strait,19,37,8,2,36,66,102,296659,4774661,37452,0,3623563,5108773,8732337,38466
2026-07-13,2026,7,13,chokepoint14,Luzon Strait,8,39,11,4,34,62,96,239349,4600159,72389,8467,2700362,4920366,7620728,38467
2026-07-14,2026,7,14,chokepoint14,Luzon Strait,17,45,8,10,33,80,113,421056,4452684,57190,26088,2788907,4957020,7745927,38468
2026-07-15,2026,7,15,chokepoint14,Luzon Strait,13,41,8,3,31,65,96,261202,2922306,34811,8224,1529924,3226545,4756469,38469
2026-07-16,2026,7,16,chokepoint14,Luzon Strait,8,45,14,1,28,68,96,312928,4601624,76600,0,1181737,4991153,6172891,38470
2026-07-17,2026,7,17,chokepoint14,Luzon Strait,13,42,5,5,23,65,88,240614,3649172,43168,10110,1269778,3943065,5212844,38471
2026-07-18,2026,7,18,chokepoint14,Luzon Strait,10,36,11,11,26,68,94,244918,3846412,117729,21386,1518265,4230446,5748712,38472
2026-07-19,2026,7,19,chokepoint14,Luzon Strait,9,46,4,4,34,63,97,222774,4503124,28475,6246,2426998,4760621,7187619,38473
2026-07-20,2026,7,20,chokepoint14,Luzon Strait,6,44,7,6,36,63,99,130631,4207871,30867,10590,1763170,4379960,6143131,38474
2026-07-21,2026,7,21,chokepoint14,Luzon Strait,22,40,9,8,34,79,113,599586,3643757,60016,24252,3859687,4327612,8187300,38475
2026-07-22,2026,7,22,chokepoint14,Luzon Strait,10,51,6,7,28,74,102,183704,5225213,35849,17007,888804,5461775,6350579,38476
2026-07-23,2026,7,23,chokepoint14,Luzon Strait,7,31,1,1,27,40,67,151286,3353745,35839,6492,1593245,3547364,5140610,38477
2026-07-24,2026,7,24,chokepoint14,Luzon Strait,5,12,0,2,11,19,30,150482,759455,0,0,285097,909937,1195035,38478
2026-07-25,2026,7,25,chokepoint14,Luzon Strait,34,92,10,6,50,142,192,952963,7738424,71382,25186,3390852,8787956,12178809,38479
2026-07-26,2026,7,26,chokepoint14,Luzon Strait,33,51,19,1,48,104,152,866672,6051583,104274,0,3331926,7022530,10354457,38480
2026-07-27,2026,7,27,chokepoint14,Luzon Strait,7,38,10,7,38,62,100,122118,2747344,50466,27432,2442506,2947360,5389866,38481
2026-07-28,2026,7,28,chokepoint14,Luzon Strait,19,51,5,5,24,80,104,435617,5044483,28061,7338,1250760,5515500,6766260,38482
2026-07-29,2026,7,29,chokepoint14,Luzon Strait,11,43,6,3,40,63,103,271003,4177390,58140,6785,3419197,4513319,7932517,38483
2026-07-30,2026,7,30,chokepoint14,Luzon Strait,15,43,10,3,31,71,102,227648,4658917,65073,13120,1651124,4964760,6615885,38484
2026-07-31,2026,7,31,chokepoint14,Luzon Strait,17,45,5,3,39,70,109,622049,6294680,20003,11518,1711393,6948252,8659646,38485
2026-07-01,2026,7,1,chokepoint15,Lombok Strait,0,27,1,0,9,28,37,0,3553614,627,0,347364,3554242,3901606,41231
2026-07-02,2026,7,2,chokepoint15,Lombok Strait,1,29,0,0,11,30,41,1797,3318427,0,0,30045,3320224,3350270,41232
2026-07-03,2026,7,3,chokepoint15,Lombok Strait,0,31,0,2,6,33,39,0,3164739,0,7130,112068,3171870,3283939,41233
2026-07-04,2026,7,4,chokepoint15,Lombok Strait,1,26,5,0,6,32,38,2074,2489220,11020,0,312325,2502316,2814642,41234
2026-07-05,2026,7,5,chokepoint15,Lombok Strait,0,28,1,0,6,29,35,0,2173344,2514,0,60197,2175858,2236056,41235
2026-07-06,2026,7,6,chokepoint15,Lombok Strait,0,24,0,1,12,25,37,0,2626399,0,3239,316150,2629639,2945789,41236
2026-07-07,2026,7,7,chokepoint15,Lombok Strait,0,18,1,0,5,19,24,0,1904107,5639,0,205208,1909746,2114954,41237
2026-07-08,2026,7,8,chokepoint15,Lombok Strait,0,27,1,1,8,29,37,0,2901617,2635,4456,174605,2908710,3083316,41238
2026-07-09,2026,7,9,chokepoint15,Lombok Strait,0,26,1,1,4,28,32,0,2274613,1824,267,273649,2276704,2550353,41239
2026-07-10,2026,7,10,chokepoint15,Lombok Strait,2,23,2,0,9,27,36,4768,2583892,0,0,166075,2588660,2754736,41240
2026-07-11,2026,7,11,chokepoint15,Lombok Strait,0,30,0,1,9,31,40,0,3279027,0,0,108367,3279027,3387395,41241
2026-07-12,2026,7,12,chokepoint15,Lombok Strait,0,33,2,0,7,35,42,0,3793059,21782,0,262984,3814841,4077826,41242
2026-07-13,2026,7,13,chokepoint15,Lombok Strait,0,23,1,0,9,24,33,0,1751306,0,0,208941,1751306,1960248,41243
2026-07-14,2026,7,14,chokepoint15,Lombok Strait,0,31,1,0,6,32,38,0,2559265,0,0,43270,2559265,2602535,41244
2026-07-15,2026,7,15,chokepoint15,Lombok Strait,0,36,3,0,5,39,44,0,3620233,15239,0,246896,3635472,3882369,41245
2026-07-16,2026,7,16,chokepoint15,Lombok Strait,3,25,5,1,8,34,42,4352,2557179,22134,0,180510,2583667,2764177,41246
2026-07-17,2026,7,17,chokepoint15,Lombok Strait,0,18,3,0,12,21,33,0,2105484,2489,0,138372,2107973,2246345,41247
2026-07-18,2026,7,18,chokepoint15,Lombok Strait,0,22,1,1,5,24,29,0,2598735,4541,4367,107524,2607644,2715169,41248
2026-07-19,2026,7,19,chokepoint15,Lombok Strait,2,21,1,0,7,24,31,1281,2068149,0,0,165390,2069431,2234821,41249
2026-07-20,2026,7,20,chokepoint15,Lombok Strait,0,19,1,0,7,20,27,0,2751881,0,0,128673,2751881,2880555,41250
2026-07-21,2026,7,21,chokepoint15,Lombok Strait,0,22,3,0,7,25,32,0,2713618,3060,0,20624,2716678,2737303,41251
2026-07-22,2026,7,22,chokepoint15,Lombok Strait,0,21,2,0,7,23,30,0,2844777,22261,0,88866,2867039,2955905,41252
2026-07-23,2026,7,23,chokepoint15,Lombok Strait,0,20,2,0,3,22,25,0,2298145,1633,0,19787,2299779,2319566,41253
2026-07-24,2026,7,24,chokepoint15,Lombok Strait,1,23,3,0,8,27,35,2074,2977358,8258,0,202505,2987691,3190196,41254
2026-07-25,2026,7,25,chokepoint15,Lombok Strait,0,22,1,0,9,23,32,0,3898272,1383,0,41383,3899655,3941039,41255
2026-07-26,2026,7,26,chokepoint15,Lombok Strait,0,20,0,1,4,21,25,0,1879063,0,6353,42652,1885416,1928068,41256
2026-07-27,2026,7,27,chokepoint15,Lombok Strait,0,27,0,1,13,28,41,0,2589080,0,0,214470,2589080,2803551,41257
2026-07-28,2026,7,28,chokepoint15,Lombok Strait,0,23,1,0,8,24,32,0,2034358,0,0,320349,2034358,2354708,41258
2026-07-29,2026,7,29,chokepoint15,Lombok Strait,0,22,0,1,10,23,33,0,3488737,0,0,32587,3488737,3521324,41259
2026-07-30,2026,7,30,chokepoint15,Lombok Strait,0,24,2,0,6,26,32,0,2657765,18362,0,30900,2676127,2707028,41260
2026-07-31,2026,7,31,chokepoint15,Lombok Strait,1,20,2,0,7,23,30,2074,1871504,8236,0,180382,1881815,2062198,41261
2026-07-01,2026,7,1,chokepoint16,Ombai Strait,1,2,1,0,2,4,6,43987,1305361,2996,0,65483,1352345,1417829,45609
2026-07-02,2026,7,2,chokepoint16,Ombai Strait,2,6,0,1,3,9,12,51622,401315,0,409,8780,453347,462127,45610
2026-07-03,2026,7,3,chokepoint16,Ombai Strait,0,0,1,0,0,1,1,0,0,1662,0,0,1662,1662,45611
2026-07-04,2026,7,4,chokepoint16,Ombai Strait,2,6,0,0,2,8,10,31663,405690,0,0,0,437353,437353,45612
2026-07-05,2026,7,5,chokepoint16,Ombai Strait,2,4,1,0,4,7,11,70110,1437127,9547,0,86830,1516785,1603616,45613
2026-07-06,2026,7,6,chokepoint16,Ombai Strait,0,3,0,0,5,3,8,0,1585261,0,0,110974,1585261,1696235,45614
2026-07-07,2026,7,7,chokepoint16,Ombai Strait,0,4,0,0,4,4,8,0,1397779,0,0,84006,1397779,1481786,45615
2026-07-08,2026,7,8,chokepoint16,Ombai Strait,0,7,0,0,2,7,9,0,1801027,0,0,10707,1801027,1811735,45616
2026-07-09,2026,7,9,chokepoint16,Ombai Strait,2,7,0,0,6,9,15,33775,1980954,0,0,176570,2014729,2191300,45617
2026-07-10,2026,7,10,chokepoint16,Ombai Strait,1,4,0,0,3,5,8,27718,1337836,0,0,0,1365554,1365554,45618
2026-07-11,2026,7,11,chokepoint16,Ombai Strait,2,4,3,0,5,9,14,6739,64961,8684,0,77946,80386,158333,45619
2026-07-12,2026,7,12,chokepoint16,Ombai Strait,0,4,0,0,2,4,6,0,301158,0,0,0,301158,301158,45620
2026-07-13,2026,7,13,chokepoint16,Ombai Strait,2,3,0,0,3,5,8,9916,438131,0,0,7578,448048,455627,45621
2026-07-14,2026,7,14,chokepoint16,Ombai Strait,1,3,1,0,3,5,8,3365,398181,4626,0,36538,406173,442711,45622
2026-07-15,2026,7,15,chokepoint16,Ombai Strait,1,2,0,0,3,3,6,8987,268783,0,0,66877,277771,344648,45623
2026-07-16,2026,7,16,chokepoint16,Ombai Strait,0,3,2,0,3,5,8,0,294209,5572,0,36995,299782,336777,45624
2026-07-17,2026,7,17,chokepoint16,Ombai Strait,2,5,2,1,1,10,11,48450,1975795,21761,5921,0,2051930,2051930,45625
2026-07-18,2026,7,18,chokepoint16,Ombai Strait,1,4,0,0,6,5,11,1776,197748,0,0,235554,199524,435079,45626
2026-07-19,2026,7,19,chokepoint16,Ombai Strait,2,9,0,0,3,11,14,37872,373532,0,0,7775,411404,419180,45627
2026-07-20,2026,7,20,chokepoint16,Ombai Strait,1,11,1,0,9,13,22,22338,1589395,5049,0,153745,1616783,1770529,45628
2026-07-21,2026,7,21,chokepoint16,Ombai Strait,1,6,0,1,3,8,11,6914,0,0,6467,248395,13381,261777,45629
2026-07-22,2026,7,22,chokepoint16,Ombai Strait,0,9,0,0,4,9,13,0,402902,0,0,42422,402902,445325,45630
2026-07-23,2026,7,23,chokepoint16,Ombai Strait,0,3,1,0,6,4,10,0,168788,4336,0,101317,173124,274442,45631
2026-07-24,2026,7,24,chokepoint16,Ombai Strait,1,1,1,0,3,3,6,19834,252571,15032,0,21876,287438,309314,45632
2026-07-25,2026,7,25,chokepoint16,Ombai Strait,2,4,1,0,2,7,9,10265,1114,1986,0,0,13367,13367,45633
2026-07-26,2026,7,26,chokepoint16,Ombai Strait,0,8,0,0,3,8,11,0,491049,0,0,0,491049,491049,45634
2026-07-27,2026,7,27,chokepoint16,Ombai Strait,1,5,0,0,2,6,8,23822,352723,0,0,76174,376546,452721,45635
2026-07-28,2026,7,28,chokepoint16,Ombai Strait,0,4,0,0,2,4,6,0,206652,0,0,82502,206652,289154,45636
2026-07-29,2026,7,29,chokepoint16,Ombai Strait,3,1,0,0,3,4,7,45144,25882,0,0,0,71027,71027,45637
2026-07-30,2026,7,30,chokepoint16,Ombai Strait,0,4,1,0,2,5,7,0,775106,2499,0,24425,777606,802031,45638
2026-07-31,2026,7,31,chokepoint16,Ombai Strait,3,4,2,0,1,9,10,78219,140776,3060,0,0,222056,222056,45639
2026-07-15,2026,7,15,chokepoint17,Bohai Strait,16,66,19,1,33,102,135,181376,3409619,91462,1037,841224,3683496,4524720,46613
2026-07-01,2026,7,1,chokepoint17,Bohai Strait,23,81,19,4,36,127,163,313570,4927682,88451,16213,1270759,5345918,6616677,46788
2026-07-02,2026,7,2,chokepoint17,Bohai Strait,14,98,15,1,29,128,157,347441,4720928,34278,2984,401080,5105632,5506712,46789
2026-07-03,2026,7,3,chokepoint17,Bohai Strait,18,88,24,1,24,131,155,315622,4358279,130494,2959,216792,4807355,5024148,46790
2026-07-04,2026,7,4,chokepoint17,Bohai Strait,16,85,20,2,26,123,149,325827,3788441,88267,1318,632600,4203856,4836456,46791
2026-07-05,2026,7,5,chokepoint17,Bohai Strait,24,95,16,3,33,138,171,426350,4651579,37707,9399,477653,5125035,5602689,46792
2026-07-06,2026,7,6,chokepoint17,Bohai Strait,22,97,16,0,20,135,155,513896,6047413,85568,0,363920,6646879,7010800,46793
2026-07-07,2026,7,7,chokepoint17,Bohai Strait,17,90,10,0,31,117,148,302585,4291210,17489,0,212311,4611285,4823596,46794
2026-07-08,2026,7,8,chokepoint17,Bohai Strait,21,85,21,2,34,129,163,324027,5697377,98401,1879,565758,6121685,6687444,46795
2026-07-09,2026,7,9,chokepoint17,Bohai Strait,17,74,17,1,15,109,124,369106,3838976,62251,0,381621,4270334,4651955,46796
2026-07-10,2026,7,10,chokepoint17,Bohai Strait,23,74,10,2,16,109,125,469064,2945144,37657,0,423434,3451866,3875300,46797
2026-07-11,2026,7,11,chokepoint17,Bohai Strait,20,56,7,0,20,83,103,388746,3593992,13388,0,333803,3996127,4329930,46798
2026-07-12,2026,7,12,chokepoint17,Bohai Strait,21,136,16,0,22,173,195,554231,7640004,66406,0,219577,8260642,8480219,46799
2026-07-13,2026,7,13,chokepoint17,Bohai Strait,14,55,11,4,16,84,100,255807,2181296,39334,5717,467816,2482155,2949971,46800
2026-07-14,2026,7,14,chokepoint17,Bohai Strait,22,64,20,0,41,106,147,467885,3351265,71642,0,516377,3890793,4407171,46801
2026-07-16,2026,7,16,chokepoint17,Bohai Strait,18,88,18,0,27,124,151,446594,7917068,51587,0,326396,8415250,8741647,46802
2026-07-17,2026,7,17,chokepoint17,Bohai Strait,21,71,17,1,26,110,136,291698,6315196,58932,1318,942378,6667146,7609525,46803
2026-07-18,2026,7,18,chokepoint17,Bohai Strait,23,75,17,0,32,115,147,484345,3353210,81673,0,601329,3919230,4520559,46804
2026-07-19,2026,7,19,chokepoint17,Bohai Strait,25,95,17,0,35,137,172,468497,4938882,57498,0,667255,5464878,6132133,46805
2026-07-20,2026,7,20,chokepoint17,Bohai Strait,20,91,18,3,38,132,170,327171,3995452,60021,9084,251902,4391730,4643632,46806
2026-07-21,2026,7,21,chokepoint17,Bohai Strait,24,107,17,0,38,148,186,570326,5875448,45383,0,237806,6491157,6728964,46807
2026-07-22,2026,7,22,chokepoint17,Bohai Strait,21,84,23,1,32,129,161,437882,4504603,91449,0,435012,5033935,5468948,46808
2026-07-23,2026,7,23,chokepoint17,Bohai Strait,17,96,23,2,39,138,177,424668,4392726,72558,1533,443428,4891487,5334915,46809
2026-07-24,2026,7,24,chokepoint17,Bohai Strait,18,107,12,2,34,139,173,245996,4737073,60805,7050,235862,5050925,5286788,46810
2026-07-25,2026,7,25,chokepoint17,Bohai Strait,16,106,29,0,41,151,192,202397,5278311,131453,0,435649,5612162,6047811,46811
2026-07-26,2026,7,26,chokepoint17,Bohai Strait,17,81,15,0,38,113,151,422251,4237202,46464,0,1111933,4705917,5817850,46812
2026-07-27,2026,7,27,chokepoint17,Bohai Strait,16,90,17,0,30,123,153,285116,4683813,46778,0,238077,5015708,5253785,46813
2026-07-28,2026,7,28,chokepoint17,Bohai Strait,21,84,19,1,23,125,148,457822,6984403,76129,1301,821271,7519656,8340927,46814
2026-07-29,2026,7,29,chokepoint17,Bohai Strait,18,90,13,1,40,122,162,462186,4560958,24812,0,499994,5047957,5547952,46815
2026-07-30,2026,7,30,chokepoint17,Bohai Strait,17,101,21,0,30,139,169,448545,7174994,131980,0,660134,7755520,8415654,46816
2026-07-31,2026,7,31,chokepoint17,Bohai Strait,17,91,23,1,30,132,162,255456,7546663,96952,1030,950367,7900103,8850470,46817
2026-07-01,2026,7,1,chokepoint18,Torres Strait,2,7,2,0,2,11,13,64696,246176,13141,0,73442,324014,397456,48365
2026-07-02,2026,7,2,chokepoint18,Torres Strait,0,4,1,0,3,5,8,0,0,6742,0,0,6742,6742,48366
2026-07-03,2026,7,3,chokepoint18,Torres Strait,2,5,1,0,2,8,10,43211,154812,929,0,0,198953,198953,48367
2026-07-04,2026,7,4,chokepoint18,Torres Strait,1,3,2,1,1,7,8,43987,161127,4657,5171,0,214944,214944,48368
2026-07-05,2026,7,5,chokepoint18,Torres Strait,3,1,0,0,0,4,4,10297,0,0,0,0,10297,10297,48369
2026-07-06,2026,7,6,chokepoint18,Torres Strait,1,6,0,0,4,7,11,19541,265072,0,0,76914,284614,361529,48370
2026-07-07,2026,7,7,chokepoint18,Torres Strait,3,3,0,0,0,6,6,98452,26439,0,0,0,124891,124891,48371
2026-07-08,2026,7,8,chokepoint18,Torres Strait,1,3,2,0,2,6,8,6376,103696,2252,0,38088,112325,150413,48372
2026-07-09,2026,7,9,chokepoint18,Torres Strait,2,5,1,0,2,8,10,37315,147925,1433,0,5158,186674,191833,48373
2026-07-10,2026,7,10,chokepoint18,Torres Strait,0,3,0,1,2,4,6,0,0,0,4389,41731,4389,46120,48374
2026-07-11,2026,7,11,chokepoint18,Torres Strait,0,10,1,0,3,11,14,0,313446,1605,0,84006,315052,399059,48375
2026-07-12,2026,7,12,chokepoint18,Torres Strait,0,4,0,0,1,4,5,0,145604,0,0,10474,145604,156079,48376
2026-07-13,2026,7,13,chokepoint18,Torres Strait,0,5,0,0,3,5,8,0,311569,0,0,74456,311569,386026,48377
2026-07-14,2026,7,14,chokepoint18,Torres Strait,3,5,1,0,1,9,10,96415,60776,0,0,7066,157192,164258,48378
2026-07-15,2026,7,15,chokepoint18,Torres Strait,2,9,2,1,2,14,16,24273,388679,2252,5574,39177,420780,459957,48379
2026-07-16,2026,7,16,chokepoint18,Torres Strait,2,1,0,0,1,3,4,35790,40700,0,0,7775,76490,84266,48380
2026-07-17,2026,7,17,chokepoint18,Torres Strait,0,3,0,0,3,3,6,0,152922,0,0,143106,152922,296028,48381
2026-07-18,2026,7,18,chokepoint18,Torres Strait,2,3,2,0,3,7,10,29252,0,2609,0,40096,31862,71958,48382
2026-07-19,2026,7,19,chokepoint18,Torres Strait,1,3,0,1,0,5,5,8987,75220,0,5921,0,90130,90130,48383
2026-07-20,2026,7,20,chokepoint18,Torres Strait,2,4,0,0,2,6,8,49863,90658,0,0,36995,140522,177517,48384
2026-07-21,2026,7,21,chokepoint18,Torres Strait,1,3,1,0,1,5,6,41992,75276,21054,0,0,138322,138322,48385
2026-07-22,2026,7,22,chokepoint18,Torres Strait,1,4,2,0,1,7,8,10265,115984,3152,0,40219,129402,169621,48386
2026-07-23,2026,7,23,chokepoint18,Torres Strait,0,6,0,0,2,6,8,0,33514,0,0,59424,33514,92938,48387
2026-07-24,2026,7,24,chokepoint18,Torres Strait,0,5,0,1,3,6,9,0,388033,0,6467,150778,394500,545278,48388
2026-07-25,2026,7,25,chokepoint18,Torres Strait,1,6,1,0,4,8,12,36599,78172,1175,0,85699,115947,201647,48389
2026-07-26,2026,7,26,chokepoint18,Torres Strait,0,6,2,0,1,8,9,0,30999,17635,0,0,48635,48635,48390
2026-07-27,2026,7,27,chokepoint18,Torres Strait,1,4,0,0,1,5,6,19834,195004,0,0,13753,214838,228592,48391
2026-07-28,2026,7,28,chokepoint18,Torres Strait,2,4,0,0,1,6,7,88543,232587,0,0,0,321130,321130,48392
2026-07-29,2026,7,29,chokepoint18,Torres Strait,1,3,1,1,0,6,6,28607,68275,499,0,0,97382,97382,48393
2026-07-30,2026,7,30,chokepoint18,Torres Strait,3,2,2,2,3,9,12,58040,311569,13638,0,149116,383248,532364,48394
2026-07-31,2026,7,31,chokepoint18,Torres Strait,1,3,0,0,3,4,7,43233,29956,0,0,41731,73189,114920,48395
2026-07-01,2026,7,1,chokepoint19,Sunda Strait,3,10,5,0,14,18,32,93279,419058,21577,0,248078,533914,781993,52343
2026-07-02,2026,7,2,chokepoint19,Sunda Strait,3,12,4,1,18,20,38,56781,308236,2479,0,738648,367497,1106146,52344
2026-07-03,2026,7,3,chokepoint19,Sunda Strait,2,10,2,2,10,16,26,24665,1108096,2385,11993,126246,1147140,1273386,52345
2026-07-04,2026,7,4,chokepoint19,Sunda Strait,4,6,3,1,12,14,26,168096,394346,633,6187,474610,569264,1043874,52346
2026-07-05,2026,7,5,chokepoint19,Sunda Strait,5,19,1,0,9,25,34,238502,853010,544,0,212641,1092056,1304698,52347
2026-07-06,2026,7,6,chokepoint19,Sunda Strait,3,13,4,1,11,21,32,69122,300228,7575,0,701022,376927,1077950,52348
2026-07-07,2026,7,7,chokepoint19,Sunda Strait,4,11,1,2,14,18,32,141298,767941,0,6618,140925,915858,1056784,52349
2026-07-08,2026,7,8,chokepoint19,Sunda Strait,1,15,3,2,17,21,38,49147,1058319,2622,10070,313038,1120160,1433199,52350
2026-07-09,2026,7,9,chokepoint19,Sunda Strait,2,16,2,0,9,20,29,21262,573432,700,0,363251,595394,958646,52351
2026-07-10,2026,7,10,chokepoint19,Sunda Strait,3,11,5,1,7,20,27,4310,858497,2783,0,488126,865591,1353717,52352
2026-07-11,2026,7,11,chokepoint19,Sunda Strait,4,14,3,1,12,22,34,114732,721321,7666,12934,233540,856654,1090194,52353
2026-07-12,2026,7,12,chokepoint19,Sunda Strait,3,9,5,0,12,17,29,92979,697937,3307,0,998656,794224,1792881,52354
2026-07-13,2026,7,13,chokepoint19,Sunda Strait,6,18,4,3,12,31,43,299901,1457922,13056,8314,400810,1779195,2180005,52355
2026-07-14,2026,7,14,chokepoint19,Sunda Strait,2,11,1,0,10,14,24,89660,649053,6799,0,385662,745513,1131175,52356
2026-07-15,2026,7,15,chokepoint19,Sunda Strait,5,9,3,0,9,17,26,137639,607690,48247,0,180887,793577,974465,52357
2026-07-16,2026,7,16,chokepoint19,Sunda Strait,1,12,5,0,14,18,32,81864,1079755,79490,0,705442,1241110,1946552,52358
2026-07-17,2026,7,17,chokepoint19,Sunda Strait,6,12,5,2,11,25,36,92849,241767,11582,0,224184,346199,570383,52359
2026-07-18,2026,7,18,chokepoint19,Sunda Strait,5,7,3,2,12,17,29,162402,824294,10115,6492,598839,1003305,1602145,52360
2026-07-19,2026,7,19,chokepoint19,Sunda Strait,2,7,1,2,12,12,24,50745,831350,8882,7296,419820,898275,1318095,52361
2026-07-20,2026,7,20,chokepoint19,Sunda Strait,7,14,3,3,15,27,42,190437,1039958,4925,3777,303802,1239099,1542902,52362
2026-07-21,2026,7,21,chokepoint19,Sunda Strait,1,14,2,0,10,17,27,16447,1693943,1593,0,142476,1711984,1854461,52363
2026-07-22,2026,7,22,chokepoint19,Sunda Strait,2,21,1,0,13,24,37,35520,1780420,5075,0,513543,1821015,2334559,52364
2026-07-23,2026,7,23,chokepoint19,Sunda Strait,7,11,4,1,19,23,42,209477,568921,6023,3051,977694,787474,1765168,52365
2026-07-24,2026,7,24,chokepoint19,Sunda Strait,1,13,5,2,12,21,33,26515,342863,10590,10280,190067,390250,580317,52366
2026-07-25,2026,7,25,chokepoint19,Sunda Strait,5,11,0,1,10,17,27,149275,851271,0,7047,154296,1007593,1161890,52367
2026-07-26,2026,7,26,chokepoint19,Sunda Strait,5,13,3,0,17,21,38,128325,756679,8014,0,762827,893019,1655847,52368
2026-07-27,2026,7,27,chokepoint19,Sunda Strait,10,8,2,0,9,20,29,94439,344245,538,0,199972,439223,639195,52369
2026-07-28,2026,7,28,chokepoint19,Sunda Strait,5,6,3,2,12,16,28,237204,325549,6712,12516,268301,581982,850283,52370
2026-07-29,2026,7,29,chokepoint19,Sunda Strait,5,13,4,0,10,22,32,83418,992480,19287,0,108908,1095185,1204094,52371
2026-07-30,2026,7,30,chokepoint19,Sunda Strait,2,17,2,0,10,21,31,4915,731079,30919,0,152876,766914,919791,52372
2026-07-31,2026,7,31,chokepoint19,Sunda Strait,6,17,3,1,13,27,40,279289,1218213,46446,0,129531,1543948,1673480,52373
2026-07-01,2026,7,1,chokepoint20,Makassar Strait,0,39,1,1,3,41,44,0,2564450,0,2367,8141,2566818,2574959,54721
2026-07-02,2026,7,2,chokepoint20,Makassar Strait,4,31,1,0,5,36,41,45964,1397379,0,0,77127,1443344,1520471,54722
2026-07-03,2026,7,3,chokepoint20,Makassar Strait,2,50,0,0,6,52,58,35306,3050491,0,0,272981,3085797,3358779,54723
2026-07-04,2026,7,4,chokepoint20,Makassar Strait,0,35,3,0,9,38,47,0,3973943,8483,0,31119,3982427,4013547,54724
2026-07-05,2026,7,5,chokepoint20,Makassar Strait,4,38,8,1,10,51,61,69418,2980080,4993,3239,99922,3057731,3157654,54725
2026-07-06,2026,7,6,chokepoint20,Makassar Strait,1,44,5,1,7,51,58,4674,3297686,27425,4456,114121,3334242,3448364,54726
2026-07-07,2026,7,7,chokepoint20,Makassar Strait,2,49,1,0,7,52,59,23152,3280620,3562,0,101990,3307335,3409326,54727
2026-07-08,2026,7,8,chokepoint20,Makassar Strait,2,36,3,0,7,41,48,27545,2430973,3959,0,183581,2462478,2646059,54728
2026-07-09,2026,7,9,chokepoint20,Makassar Strait,3,34,3,0,5,40,45,35207,2675593,3246,0,234818,2714047,2948865,54729
2026-07-10,2026,7,10,chokepoint20,Makassar Strait,3,44,4,0,6,51,57,11048,3517383,15634,0,132143,3544066,3676209,54730
2026-07-11,2026,7,11,chokepoint20,Makassar Strait,2,40,5,0,4,47,51,20999,2316435,7179,0,61750,2344614,2406365,54731
2026-07-12,2026,7,12,chokepoint20,Makassar Strait,1,50,3,2,6,56,62,28863,3473898,3953,267,14836,3506982,3521819,54732
2026-07-13,2026,7,13,chokepoint20,Makassar Strait,3,48,5,0,5,56,61,30760,3486674,14640,0,13327,3532075,3545402,54733
2026-07-14,2026,7,14,chokepoint20,Makassar Strait,0,45,4,0,2,49,51,0,4308231,25523,0,157121,4333755,4490877,54734
2026-07-15,2026,7,15,chokepoint20,Makassar Strait,2,32,4,0,4,38,42,11643,2411923,313,0,39757,2423881,2463638,54735
2026-07-16,2026,7,16,chokepoint20,Makassar Strait,0,31,1,0,3,32,35,0,2263276,0,0,0,2263276,2263276,54736
2026-07-17,2026,7,17,chokepoint20,Makassar Strait,5,32,2,1,7,40,47,67251,2748769,3472,0,156443,2819494,2975938,54737
2026-07-18,2026,7,18,chokepoint20,Makassar Strait,3,38,1,0,7,42,49,37188,3845305,537,0,456511,3883032,4339543,54738
2026-07-19,2026,7,19,chokepoint20,Makassar Strait,1,44,5,1,5,51,56,11049,3154785,7489,4367,7376,3177692,3185068,54739
2026-07-20,2026,7,20,chokepoint20,Makassar Strait,1,27,0,0,3,28,31,20576,2206543,0,0,53461,2227119,2280581,54740
2026-07-21,2026,7,21,chokepoint20,Makassar Strait,5,33,1,0,6,39,45,44344,2887501,3019,0,89739,2934865,3024604,54741
2026-07-22,2026,7,22,chokepoint20,Makassar Strait,1,39,3,0,3,43,46,3178,2262289,7917,0,120425,2273385,2393811,54742
2026-07-23,2026,7,23,chokepoint20,Makassar Strait,2,46,5,0,6,53,59,24784,5186181,5482,0,125616,5216449,5342065,54743
2026-07-24,2026,7,24,chokepoint20,Makassar Strait,3,37,5,0,3,45,48,47239,2368922,48830,0,12037,2464992,2477029,54744
2026-07-25,2026,7,25,chokepoint20,Makassar Strait,1,36,4,1,4,42,46,16918,1764822,14434,6353,6594,1802528,1809122,54745
2026-07-26,2026,7,26,chokepoint20,Makassar Strait,0,43,8,1,8,52,60,0,2990910,13952,545,102716,3005409,3108125,54746
2026-07-27,2026,7,27,chokepoint20,Makassar Strait,1,40,4,0,9,45,54,6911,3763173,18209,0,58727,3788295,3847023,54747
2026-07-28,2026,7,28,chokepoint20,Makassar Strait,5,27,2,1,9,35,44,87029,2640018,4784,0,179374,2731832,2911206,54748
2026-07-29,2026,7,29,chokepoint20,Makassar Strait,1,41,2,0,4,44,48,9494,1750942,6196,0,18011,1766633,1784644,54749
2026-07-30,2026,7,30,chokepoint20,Makassar Strait,2,50,1,1,5,54,59,19586,3553877,0,0,3340,3573463,3576803,54750
2026-07-31,2026,7,31,chokepoint20,Makassar Strait,3,51,3,0,5,57,62,25330,4287569,10621,0,17557,4323521,4341078,54751
2026-07-01,2026,7,1,chokepoint21,Magellan Strait,0,4,0,0,4,4,8,0,109098,0,0,15849,109098,124948,58730
2026-07-02,2026,7,2,chokepoint21,Magellan Strait,1,5,0,0,1,6,7,23806,307766,0,0,124590,331573,456163,58731
2026-07-03,2026,7,3,chokepoint21,Magellan Strait,0,3,0,0,1,3,4,0,192450,0,0,0,192450,192450,58732
2026-07-04,2026,7,4,chokepoint21,Magellan Strait,0,3,0,0,3,3,6,0,68553,0,0,141089,68553,209642,58733
2026-07-05,2026,7,5,chokepoint21,Magellan Strait,0,4,1,0,1,5,6,0,141548,6532,0,18986,148081,167067,58734
2026-07-06,2026,7,6,chokepoint21,Magellan Strait,0,5,0,0,0,5,5,0,167374,0,0,0,167374,167374,58735
2026-07-07,2026,7,7,chokepoint21,Magellan Strait,1,5,0,0,1,6,7,30108,246739,0,0,0,276847,276847,58736
2026-07-08,2026,7,8,chokepoint21,Magellan Strait,1,5,0,1,2,7,9,7131,403707,0,2467,18497,413306,431803,58737
2026-07-09,2026,7,9,chokepoint21,Magellan Strait,0,3,1,0,2,4,6,0,122949,3900,0,24042,126849,150892,58738
2026-07-10,2026,7,10,chokepoint21,Magellan Strait,0,5,0,0,1,5,6,0,152055,0,0,18273,152055,170328,58739
2026-07-11,2026,7,11,chokepoint21,Magellan Strait,0,3,0,0,2,3,5,0,119956,0,0,147799,119956,267756,58740
2026-07-12,2026,7,12,chokepoint21,Magellan Strait,0,1,0,0,1,1,2,0,36613,0,0,0,36613,36613,58741
2026-07-13,2026,7,13,chokepoint21,Magellan Strait,0,1,0,0,1,1,2,0,0,0,0,0,0,0,58742
2026-07-14,2026,7,14,chokepoint21,Magellan Strait,1,5,0,1,2,7,9,29141,178605,0,4197,112101,211944,324045,58743
2026-07-15,2026,7,15,chokepoint21,Magellan Strait,0,3,0,0,2,3,5,0,94489,0,0,0,94489,94489,58744
2026-07-16,2026,7,16,chokepoint21,Magellan Strait,0,3,0,0,4,3,7,0,139187,0,0,193296,139187,332484,58745
2026-07-17,2026,7,17,chokepoint21,Magellan Strait,1,4,0,0,0,5,5,16017,97478,0,0,0,113495,113495,58746
2026-07-18,2026,7,18,chokepoint21,Magellan Strait,0,2,0,1,1,3,4,0,88961,0,0,18810,88961,107771,58747
2026-07-19,2026,7,19,chokepoint21,Magellan Strait,0,2,1,0,3,3,6,0,60175,15293,0,163701,75468,239170,58748
2026-07-20,2026,7,20,chokepoint21,Magellan Strait,1,1,0,0,2,2,4,23806,33521,0,0,37146,57328,94474,58749
2026-07-21,2026,7,21,chokepoint21,Magellan Strait,0,2,1,0,0,3,3,0,0,13181,0,0,13181,13181,58750
2026-07-22,2026,7,22,chokepoint21,Magellan Strait,0,3,0,0,0,3,3,0,127135,0,0,0,127135,127135,58751
2026-07-23,2026,7,23,chokepoint21,Magellan Strait,0,3,0,0,1,3,4,0,100858,0,0,14101,100858,114960,58752
2026-07-24,2026,7,24,chokepoint21,Magellan Strait,1,2,1,1,1,5,6,12075,42832,24132,5188,0,84228,84228,58753
2026-07-25,2026,7,25,chokepoint21,Magellan Strait,0,0,0,0,3,0,3,0,0,0,0,13748,0,13748,58754
2026-07-26,2026,7,26,chokepoint21,Magellan Strait,0,4,0,0,2,4,6,0,231001,0,0,64809,231001,295810,58755
2026-07-27,2026,7,27,chokepoint21,Magellan Strait,0,1,1,0,1,2,3,0,0,28328,0,0,28328,28328,58756
2026-07-28,2026,7,28,chokepoint21,Magellan Strait,0,4,0,0,1,4,5,0,236666,0,0,0,236666,236666,58757
2026-07-29,2026,7,29,chokepoint21,Magellan Strait,2,1,0,0,2,3,5,43959,35582,0,0,65690,79541,145231,58758
2026-07-30,2026,7,30,chokepoint21,Magellan Strait,0,1,1,0,3,2,5,0,144588,32415,0,86510,177004,263514,58759
2026-07-31,2026,7,31,chokepoint21,Magellan Strait,0,5,0,0,1,5,6,0,247627,0,0,0,247627,247627,58760
2026-07-01,2026,7,1,chokepoint22,Yucatan Channel,10,7,4,0,29,21,50,94998,299018,31875,0,879747,425892,1305640,61477
2026-07-02,2026,7,2,chokepoint22,Yucatan Channel,10,7,8,0,39,25,64,75698,235457,34070,0,996376,345226,1341603,61478
2026-07-03,2026,7,3,chokepoint22,Yucatan Channel,9,8,1,0,28,18,46,90554,207397,0,0,1267717,297951,1565669,61479
2026-07-04,2026,7,4,chokepoint22,Yucatan Channel,13,8,6,1,39,28,67,101049,298223,19061,0,1113050,418334,1531385,61480
2026-07-05,2026,7,5,chokepoint22,Yucatan Channel,12,12,5,1,27,30,57,208963,213028,34501,0,693960,456493,1150454,61481
2026-07-06,2026,7,6,chokepoint22,Yucatan Channel,7,8,4,0,34,19,53,96146,314324,17980,0,1616839,428452,2045292,61482
2026-07-07,2026,7,7,chokepoint22,Yucatan Channel,10,5,5,2,26,22,48,121364,133118,5477,4861,1104785,264822,1369608,61483
2026-07-08,2026,7,8,chokepoint22,Yucatan Channel,14,5,2,2,27,23,50,261142,148117,2722,2393,515215,414376,929592,61484
2026-07-09,2026,7,9,chokepoint22,Yucatan Channel,8,4,4,0,33,16,49,109436,116633,18236,0,708913,244306,953220,61485
2026-07-10,2026,7,10,chokepoint22,Yucatan Channel,8,11,7,1,32,27,59,106117,198555,43107,0,1119320,347780,1467100,61486
2026-07-11,2026,7,11,chokepoint22,Yucatan Channel,11,10,3,4,35,28,63,209363,481747,24928,23419,1008149,739460,1747609,61487
2026-07-12,2026,7,12,chokepoint22,Yucatan Channel,14,6,6,0,27,26,53,169863,196280,46993,0,698011,413138,1111149,61488
2026-07-13,2026,7,13,chokepoint22,Yucatan Channel,13,7,3,2,24,25,49,199497,207382,5578,3607,366465,416066,782532,61489
2026-07-14,2026,7,14,chokepoint22,Yucatan Channel,8,11,3,0,30,22,52,87360,326106,21071,0,596123,434537,1030661,61490
2026-07-15,2026,7,15,chokepoint22,Yucatan Channel,8,5,7,2,37,22,59,81977,149708,24959,0,714819,256645,971464,61491
2026-07-16,2026,7,16,chokepoint22,Yucatan Channel,6,7,4,3,35,20,55,81853,267582,9178,14862,870554,373476,1244031,61492
2026-07-17,2026,7,17,chokepoint22,Yucatan Channel,11,9,4,1,33,25,58,132940,350628,6915,9194,809960,499679,1309639,61493
2026-07-18,2026,7,18,chokepoint22,Yucatan Channel,10,6,4,1,27,21,48,127076,256978,10560,5678,1050643,400294,1450937,61494
2026-07-19,2026,7,19,chokepoint22,Yucatan Channel,12,13,3,3,35,31,66,168223,586585,12679,4537,696632,772025,1468658,61495
2026-07-20,2026,7,20,chokepoint22,Yucatan Channel,10,11,7,0,30,28,58,94174,456700,17804,0,869439,568679,1438118,61496
2026-07-21,2026,7,21,chokepoint22,Yucatan Channel,8,11,7,4,26,30,56,154263,371667,55531,15923,570062,597386,1167449,61497
2026-07-22,2026,7,22,chokepoint22,Yucatan Channel,10,7,3,2,27,22,49,157715,203247,32799,4111,1655219,397875,2053094,61498
2026-07-23,2026,7,23,chokepoint22,Yucatan Channel,7,10,3,0,29,20,49,309569,410809,20615,0,1124689,740994,1865683,61499
2026-07-24,2026,7,24,chokepoint22,Yucatan Channel,11,7,4,1,31,23,54,98385,352993,9962,0,706171,461341,1167512,61500
2026-07-25,2026,7,25,chokepoint22,Yucatan Channel,14,5,3,0,25,22,47,236952,243557,29377,0,819643,509887,1329531,61501
2026-07-26,2026,7,26,chokepoint22,Yucatan Channel,17,12,2,1,46,32,78,237961,571991,7793,0,1162006,817746,1979753,61502
2026-07-27,2026,7,27,chokepoint22,Yucatan Channel,6,3,4,1,28,14,42,64618,100734,28879,5138,1013169,199370,1212540,61503
2026-07-28,2026,7,28,chokepoint22,Yucatan Channel,6,11,3,0,28,20,48,58268,427803,4832,0,945282,490904,1436186,61504
2026-07-29,2026,7,29,chokepoint22,Yucatan Channel,10,8,4,1,30,23,53,105548,306275,36839,4460,890171,453123,1343295,61505
2026-07-30,2026,7,30,chokepoint22,Yucatan Channel,13,12,7,0,25,32,57,135868,479669,36832,0,1296529,652370,1948899,61506
2026-07-31,2026,7,31,chokepoint22,Yucatan Channel,7,7,4,1,32,19,51,47313,230412,18342,0,1018943,296068,1315011,61507
2026-07-01,2026,7,1,chokepoint23,Windward Passage,12,1,1,1,2,15,17,341128,33123,0,3045,86994,377297,464291,63708
2026-07-02,2026,7,2,chokepoint23,Windward Passage,6,1,0,2,1,9,10,119406,48676,0,4021,86928,172104,259033,63713
2026-07-03,2026,7,3,chokepoint23,Windward Passage,10,2,1,1,4,14,18,155729,73591,7060,29,319768,236411,556179,63715
2026-07-04,2026,7,4,chokepoint23,Windward Passage,10,0,5,1,3,16,19,352088,0,42079,5125,0,399293,399293,63717
2026-07-05,2026,7,5,chokepoint23,Windward Passage,12,0,4,5,2,21,23,140045,0,24290,19568,13344,183905,197249,63719
2026-07-06,2026,7,6,chokepoint23,Windward Passage,8,2,2,0,1,12,13,216562,105434,10484,0,9752,332482,342234,63721
2026-07-07,2026,7,7,chokepoint23,Windward Passage,11,3,1,3,1,18,19,126821,96770,306,10725,0,234623,234623,63723
2026-07-08,2026,7,8,chokepoint23,Windward Passage,4,1,2,2,2,9,11,37495,16893,12770,7655,15804,74814,90618,63725
2026-07-09,2026,7,9,chokepoint23,Windward Passage,8,3,0,0,3,11,14,291169,110821,0,0,150172,401991,552163,63727
2026-07-10,2026,7,10,chokepoint23,Windward Passage,11,2,1,3,1,17,18,175169,50498,880,1685,0,228233,228233,63729
2026-07-11,2026,7,11,chokepoint23,Windward Passage,10,0,1,1,1,12,13,239428,0,306,10838,9752,250573,260326,63731
2026-07-12,2026,7,12,chokepoint23,Windward Passage,8,2,2,5,2,17,19,170071,40775,7642,5585,57749,224074,281823,63733
2026-07-13,2026,7,13,chokepoint23,Windward Passage,9,0,1,1,0,11,11,194929,0,4962,0,0,199892,199892,63735
2026-07-14,2026,7,14,chokepoint23,Windward Passage,11,3,4,1,2,19,21,158221,119072,14231,15290,36537,306815,343352,63737
2026-07-15,2026,7,15,chokepoint23,Windward Passage,8,0,2,0,3,10,13,208784,0,2187,0,14198,210971,225169,63739
2026-07-16,2026,7,16,chokepoint23,Windward Passage,10,2,4,5,3,21,24,213637,65908,13574,0,19829,293120,312949,63741
2026-07-17,2026,7,17,chokepoint23,Windward Passage,8,2,1,2,3,13,16,153674,32647,0,4615,23023,190936,213959,63743
2026-07-18,2026,7,18,chokepoint23,Windward Passage,7,1,2,3,2,13,15,125881,0,6685,1217,47357,133784,181141,63745
2026-07-19,2026,7,19,chokepoint23,Windward Passage,7,1,1,1,3,10,13,160715,59239,1260,0,49796,221216,271012,63747
2026-07-20,2026,7,20,chokepoint23,Windward Passage,9,2,3,3,2,17,19,99741,37352,18835,6240,858,162170,163028,63749
2026-07-21,2026,7,21,chokepoint23,Windward Passage,11,3,3,2,0,19,19,185599,123638,13170,10872,0,333282,333282,63751
2026-07-22,2026,7,22,chokepoint23,Windward Passage,9,0,2,1,1,12,13,161695,0,5798,0,18796,167494,186290,63753
2026-07-23,2026,7,23,chokepoint23,Windward Passage,9,1,2,1,1,13,14,310877,46167,1449,5540,34853,364034,398888,63755
2026-07-24,2026,7,24,chokepoint23,Windward Passage,8,1,0,0,6,9,15,275762,4320,0,0,145191,280082,425274,63757
2026-07-25,2026,7,25,chokepoint23,Windward Passage,8,0,3,3,1,14,15,183690,0,2719,17625,26514,204035,230550,63763
2026-07-26,2026,7,26,chokepoint23,Windward Passage,12,1,2,6,3,21,24,370829,49425,7419,22898,41944,450573,492518,63765
2026-07-27,2026,7,27,chokepoint23,Windward Passage,7,0,2,3,0,12,12,99103,0,10962,9438,0,119504,119504,63767
2026-07-28,2026,7,28,chokepoint23,Windward Passage,7,0,1,1,1,9,10,87187,0,6266,0,72098,93454,165552,63769
2026-07-29,2026,7,29,chokepoint23,Windward Passage,8,0,1,4,0,13,13,126666,0,485,9447,0,136599,136599,63771
2026-07-30,2026,7,30,chokepoint23,Windward Passage,5,3,2,1,4,11,15,224224,132416,7238,6065,194619,369945,564565,63773
2026-07-31,2026,7,31,chokepoint23,Windward Passage,12,2,3,2,2,19,21,254788,43405,23529,4763,55791,326487,382279,63775
2026-07-01,2026,7,1,chokepoint24,Mona Passage,4,2,4,0,1,10,11,112468,69771,16164,0,47921,198404,246325,66233
2026-07-02,2026,7,2,chokepoint24,Mona Passage,3,1,1,1,2,6,8,13165,67443,4606,0,86727,85214,171942,66234
2026-07-03,2026,7,3,chokepoint24,Mona Passage,1,3,3,0,3,7,10,88774,111344,9471,0,74041,209590,283632,66235
2026-07-04,2026,7,4,chokepoint24,Mona Passage,2,3,2,1,6,8,14,23660,190063,2912,4110,80940,220747,301688,66236
2026-07-05,2026,7,5,chokepoint24,Mona Passage,3,3,0,0,6,6,12,102326,180625,0,0,262597,282951,545549,66237
2026-07-06,2026,7,6,chokepoint24,Mona Passage,4,2,2,2,5,10,15,104358,104800,7677,0,109017,216836,325854,66238
2026-07-07,2026,7,7,chokepoint24,Mona Passage,2,4,3,0,2,9,11,58344,127946,4577,0,40914,190867,231781,66239
2026-07-08,2026,7,8,chokepoint24,Mona Passage,4,3,0,1,3,8,11,107426,285601,0,13863,40855,406891,447746,66240
2026-07-09,2026,7,9,chokepoint24,Mona Passage,2,2,0,1,4,5,9,41733,105387,0,0,140958,147121,288079,66241
2026-07-10,2026,7,10,chokepoint24,Mona Passage,5,1,1,0,4,7,11,157113,37050,8107,0,23903,202271,226174,66242
2026-07-11,2026,7,11,chokepoint24,Mona Passage,2,3,1,0,4,6,10,82227,53751,0,0,106972,135978,242951,66243
2026-07-12,2026,7,12,chokepoint24,Mona Passage,4,1,0,0,6,5,11,158959,81828,0,0,48272,240787,289060,66244
2026-07-13,2026,7,13,chokepoint24,Mona Passage,2,2,0,1,3,5,8,43873,78666,0,0,39066,122540,161606,66245
2026-07-14,2026,7,14,chokepoint24,Mona Passage,4,2,3,0,3,9,12,141265,118626,36526,0,48316,296418,344734,66246
2026-07-15,2026,7,15,chokepoint24,Mona Passage,5,4,1,0,3,10,13,75619,51215,890,0,69989,127726,197715,66247
2026-07-16,2026,7,16,chokepoint24,Mona Passage,4,1,1,3,3,9,12,56935,0,21740,6055,49476,84732,134209,66248
2026-07-17,2026,7,17,chokepoint24,Mona Passage,3,1,0,0,2,4,6,121942,0,0,0,76934,121942,198876,66249
2026-07-18,2026,7,18,chokepoint24,Mona Passage,5,2,0,2,2,9,11,110544,133501,0,5380,130515,249426,379941,66250
2026-07-19,2026,7,19,chokepoint24,Mona Passage,2,0,3,1,4,6,10,85653,0,22366,3627,94978,111647,206626,66251
2026-07-20,2026,7,20,chokepoint24,Mona Passage,2,5,4,0,1,11,12,45259,195151,10492,0,67462,250903,318365,66252
2026-07-21,2026,7,21,chokepoint24,Mona Passage,3,5,1,0,3,9,12,72466,118672,0,0,44068,191139,235208,66253
2026-07-22,2026,7,22,chokepoint24,Mona Passage,5,2,1,0,2,8,10,180601,34491,4278,0,73122,219370,292493,66254
2026-07-23,2026,7,23,chokepoint24,Mona Passage,2,2,1,1,4,6,10,13104,74181,5517,0,108019,92802,200821,66255
2026-07-24,2026,7,24,chokepoint24,Mona Passage,2,6,5,1,3,14,17,50558,292970,19492,5778,117227,368800,486028,66256
2026-07-25,2026,7,25,chokepoint24,Mona Passage,2,3,2,0,2,7,9,10201,96866,3707,0,27305,110775,138081,66257
2026-07-26,2026,7,26,chokepoint24,Mona Passage,3,3,1,0,5,7,12,289701,83163,0,0,147324,372864,520188,66258
2026-07-27,2026,7,27,chokepoint24,Mona Passage,6,1,2,0,2,9,11,170312,61305,0,0,28756,231617,260374,66259
2026-07-28,2026,7,28,chokepoint24,Mona Passage,5,3,3,1,4,12,16,48529,121574,9309,0,69958,179413,249372,66260
2026-07-29,2026,7,29,chokepoint24,Mona Passage,4,6,3,2,4,15,19,173765,349401,17010,0,75784,540176,615961,66261
2026-07-30,2026,7,30,chokepoint24,Mona Passage,5,2,2,1,4,10,14,100356,37575,7860,809,82965,146602,229567,66262
2026-07-31,2026,7,31,chokepoint24,Mona Passage,3,3,2,0,2,8,10,58609,368154,13926,0,39127,440690,479817,66263
2026-07-01,2026,7,1,chokepoint25,Balabac Strait,3,3,0,0,5,6,11,17512,125013,0,0,78102,142525,220628,69011
2026-07-02,2026,7,2,chokepoint25,Balabac Strait,0,8,0,0,5,8,13,0,477515,0,0,143403,477515,620919,69012
2026-07-03,2026,7,3,chokepoint25,Balabac Strait,0,2,3,0,6,5,11,0,174743,8939,0,100612,183683,284295,69013
2026-07-04,2026,7,4,chokepoint25,Balabac Strait,1,9,0,0,2,10,12,9538,244477,0,0,4447,254016,258463,69014
2026-07-05,2026,7,5,chokepoint25,Balabac Strait,1,7,1,0,2,9,11,77464,332931,9350,0,40751,419746,460497,69015
2026-07-06,2026,7,6,chokepoint25,Balabac Strait,0,6,2,0,7,8,15,0,302353,3002,0,156363,305355,461718,69016
2026-07-07,2026,7,7,chokepoint25,Balabac Strait,2,6,2,0,5,10,15,45061,317306,6906,0,10416,369274,379691,69017
2026-07-08,2026,7,8,chokepoint25,Balabac Strait,1,3,0,0,3,4,7,2612,108168,0,0,7032,110780,117813,69018
2026-07-09,2026,7,9,chokepoint25,Balabac Strait,1,4,1,0,2,6,8,2867,155989,0,0,10498,158856,169354,69019
2026-07-10,2026,7,10,chokepoint25,Balabac Strait,1,7,1,0,4,9,13,6674,212925,0,0,15408,219600,235008,69020
2026-07-11,2026,7,11,chokepoint25,Balabac Strait,0,3,2,0,6,5,11,0,221292,3253,0,22241,224545,246787,69021
2026-07-12,2026,7,12,chokepoint25,Balabac Strait,2,5,3,0,8,10,18,6431,240195,12049,0,161857,258676,420534,69022
2026-07-13,2026,7,13,chokepoint25,Balabac Strait,0,5,4,0,7,9,16,0,384110,9769,0,48808,393880,442688,69023
2026-07-14,2026,7,14,chokepoint25,Balabac Strait,1,5,5,0,3,11,14,54208,138152,13704,0,50674,206065,256740,69024
2026-07-15,2026,7,15,chokepoint25,Balabac Strait,3,5,1,0,5,9,14,20218,179950,1194,0,52723,201363,254086,69025
2026-07-16,2026,7,16,chokepoint25,Balabac Strait,1,6,0,0,3,7,10,8907,162684,0,0,19738,171591,191330,69026
2026-07-17,2026,7,17,chokepoint25,Balabac Strait,2,7,2,0,7,11,18,10837,368372,3529,0,139401,382739,522141,69027
2026-07-18,2026,7,18,chokepoint25,Balabac Strait,2,5,5,0,5,12,17,15159,248049,13118,0,57953,276327,334280,69028
2026-07-19,2026,7,19,chokepoint25,Balabac Strait,2,5,4,0,2,11,13,4895,232373,26922,0,7805,264191,271997,69029
2026-07-20,2026,7,20,chokepoint25,Balabac Strait,3,6,2,0,3,11,14,15411,314949,3838,0,13468,334199,347668,69030
2026-07-21,2026,7,21,chokepoint25,Balabac Strait,2,5,3,0,4,10,14,22751,171017,0,0,57587,193769,251356,69031
2026-07-22,2026,7,22,chokepoint25,Balabac Strait,0,3,1,0,4,4,8,0,208667,9202,0,9159,217870,227029,69032
2026-07-23,2026,7,23,chokepoint25,Balabac Strait,0,4,2,0,4,6,10,0,98413,6854,0,75238,105267,180506,69033
2026-07-24,2026,7,24,chokepoint25,Balabac Strait,0,4,0,0,2,4,6,0,108651,0,0,8735,108651,117387,69034
2026-07-25,2026,7,25,chokepoint25,Balabac Strait,1,6,2,0,7,9,16,8907,262844,6636,0,62736,278389,341125,69035
2026-07-26,2026,7,26,chokepoint25,Balabac Strait,2,6,1,0,2,9,11,36496,225447,3029,0,17569,264973,282542,69036
2026-07-27,2026,7,27,chokepoint25,Balabac Strait,1,7,4,0,5,12,17,11002,432893,7460,0,61233,451355,512589,69037
2026-07-28,2026,7,28,chokepoint25,Balabac Strait,0,6,0,0,4,6,10,0,175317,0,0,48978,175317,224295,69038
2026-07-29,2026,7,29,chokepoint25,Balabac Strait,1,8,1,0,1,10,11,3025,200908,2186,0,5842,206120,211963,69039
2026-07-30,2026,7,30,chokepoint25,Balabac Strait,1,3,0,0,2,4,6,3663,149041,0,0,6780,152704,159485,69040
2026-07-31,2026,7,31,chokepoint25,Balabac Strait,0,5,0,0,5,5,10,0,197692,0,0,64717,197692,262409,69041
2026-07-01,2026,7,1,chokepoint26,Bering Strait,0,0,0,0,0,0,0,0,0,0,0,0,0,0,72189
2026-07-02,2026,7,2,chokepoint26,Bering Strait,0,0,0,0,0,0,0,0,0,0,0,0,0,0,72190
2026-07-03,2026,7,3,chokepoint26,Bering Strait,0,0,0,0,0,0,0,0,0,0,0,0,0,0,72191
2026-07-04,2026,7,4,chokepoint26,Bering Strait,0,0,0,0,2,0,2,0,0,0,0,170968,0,170968,72192
2026-07-05,2026,7,5,chokepoint26,Bering Strait,0,0,0,0,0,0,0,0,0,0,0,0,0,0,72193
2026-07-06,2026,7,6,chokepoint26,Bering Strait,1,1,0,0,1,2,3,6589,0,0,0,0,6589,6589,72194
2026-07-07,2026,7,7,chokepoint26,Bering Strait,0,0,0,0,0,0,0,0,0,0,0,0,0,0,72195
2026-07-08,2026,7,8,chokepoint26,Bering Strait,0,1,0,1,1,2,3,0,0,0,0,0,0,0,72196
2026-07-09,2026,7,9,chokepoint26,Bering Strait,0,0,0,0,0,0,0,0,0,0,0,0,0,0,72197
2026-07-10,2026,7,10,chokepoint26,Bering Strait,0,0,0,0,0,0,0,0,0,0,0,0,0,0,72198
2026-07-11,2026,7,11,chokepoint26,Bering Strait,0,0,0,0,0,0,0,0,0,0,0,0,0,0,72199
2026-07-12,2026,7,12,chokepoint26,Bering Strait,0,0,0,0,2,0,2,0,0,0,0,66061,0,66061,72200
2026-07-13,2026,7,13,chokepoint26,Bering Strait,0,1,1,0,1,2,3,0,0,6604,0,4255,6604,10860,72201
2026-07-14,2026,7,14,chokepoint26,Bering Strait,0,0,1,0,0,1,1,0,0,1623,0,0,1623,1623,72202
2026-07-15,2026,7,15,chokepoint26,Bering Strait,0,0,0,0,3,0,3,0,0,0,0,11739,0,11739,72203
2026-07-16,2026,7,16,chokepoint26,Bering Strait,0,0,1,0,2,1,3,0,0,6595,0,5276,6595,11872,72204
2026-07-17,2026,7,17,chokepoint26,Bering Strait,0,0,0,0,1,0,1,0,0,0,0,42678,0,42678,72205
2026-07-18,2026,7,18,chokepoint26,Bering Strait,0,0,0,0,1,0,1,0,0,0,0,28392,0,28392,72206
2026-07-19,2026,7,19,chokepoint26,Bering Strait,0,0,1,0,1,1,2,0,0,3249,0,78932,3249,82182,72207
2026-07-20,2026,7,20,chokepoint26,Bering Strait,1,1,0,0,0,2,2,2548,43986,0,0,0,46534,46534,72208
2026-07-21,2026,7,21,chokepoint26,Bering Strait,0,1,0,0,1,1,2,0,0,0,0,0,0,0,72209
2026-07-22,2026,7,22,chokepoint26,Bering Strait,1,0,1,0,0,2,2,6589,0,895,0,0,7484,7484,72210
2026-07-23,2026,7,23,chokepoint26,Bering Strait,0,1,0,0,0,1,1,0,43227,0,0,0,43227,43227,72211
2026-07-24,2026,7,24,chokepoint26,Bering Strait,0,0,0,0,2,0,2,0,0,0,0,9289,0,9289,72212
2026-07-25,2026,7,25,chokepoint26,Bering Strait,0,0,0,0,2,0,2,0,0,0,0,83027,0,83027,72213
2026-07-26,2026,7,26,chokepoint26,Bering Strait,0,0,1,0,3,1,4,0,0,3427,0,11208,3427,14636,72214
2026-07-27,2026,7,27,chokepoint26,Bering Strait,0,0,0,0,0,0,0,0,0,0,0,0,0,0,72215
2026-07-28,2026,7,28,chokepoint26,Bering Strait,0,1,0,0,2,1,3,0,42510,0,0,117446,42510,159956,72216
2026-07-29,2026,7,29,chokepoint26,Bering Strait,0,0,1,0,1,1,2,0,0,8751,0,0,8751,8751,72217
2026-07-30,2026,7,30,chokepoint26,Bering Strait,0,0,1,0,0,1,1,0,0,6604,0,0,6604,6604,72218
2026-07-31,2026,7,31,chokepoint26,Bering Strait,0,2,0,0,0,2,2,0,42852,0,0,0,42852,42852,72219
2026-07-01,2026,7,1,chokepoint27,Mindoro Strait,2,42,5,0,6,49,55,26025,4687420,11695,0,90962,4725141,4816103,74167
2026-07-02,2026,7,2,chokepoint27,Mindoro Strait,4,41,4,0,4,49,53,29839,2893949,26846,0,279158,2950634,3229793,74168
2026-07-03,2026,7,3,chokepoint27,Mindoro Strait,2,46,7,1,5,56,61,18755,4518556,54261,3239,85713,4594812,4680526,74169
2026-07-04,2026,7,4,chokepoint27,Mindoro Strait,6,47,2,0,7,55,62,73159,3697111,9195,0,27665,3779467,3807133,74170
2026-07-05,2026,7,5,chokepoint27,Mindoro Strait,3,28,4,0,5,35,40,25491,1572931,13589,0,139980,1612012,1751993,74171
2026-07-06,2026,7,6,chokepoint27,Mindoro Strait,2,47,4,1,9,54,63,13681,3821184,15218,0,255309,3850084,4105394,74172
2026-07-07,2026,7,7,chokepoint27,Mindoro Strait,3,38,0,0,6,41,47,76756,3090403,0,0,211577,3167160,3378738,74173
2026-07-08,2026,7,8,chokepoint27,Mindoro Strait,9,45,9,0,4,63,67,174050,3670992,45527,0,110408,3890571,4000979,74174
2026-07-09,2026,7,9,chokepoint27,Mindoro Strait,4,58,7,0,15,69,84,77165,4295813,28056,0,181147,4401035,4582182,74175
2026-07-10,2026,7,10,chokepoint27,Mindoro Strait,5,53,5,0,8,63,71,87310,3447854,26484,0,79703,3561649,3641353,74176
2026-07-11,2026,7,11,chokepoint27,Mindoro Strait,2,57,4,0,1,63,64,39443,3531201,22999,0,15372,3593644,3609016,74177
2026-07-12,2026,7,12,chokepoint27,Mindoro Strait,2,47,2,0,3,51,54,19439,3251079,14098,0,86667,3284617,3371284,74178
2026-07-13,2026,7,13,chokepoint27,Mindoro Strait,2,27,7,0,7,36,43,22906,2448666,46413,0,83695,2517987,2601683,74179
2026-07-14,2026,7,14,chokepoint27,Mindoro Strait,1,30,1,1,5,33,38,14478,2256965,4135,3740,100985,2279319,2380305,74180
2026-07-15,2026,7,15,chokepoint27,Mindoro Strait,8,35,4,1,2,48,50,103084,3284421,11225,267,7420,3398998,3406418,74181
2026-07-16,2026,7,16,chokepoint27,Mindoro Strait,5,25,4,0,7,34,41,98219,3478892,32816,0,195576,3609928,3805505,74182
2026-07-17,2026,7,17,chokepoint27,Mindoro Strait,1,39,4,0,8,44,52,15880,4044744,16135,0,157611,4076761,4234372,74183
2026-07-18,2026,7,18,chokepoint27,Mindoro Strait,2,35,5,0,2,42,44,19626,2405040,23108,0,0,2447775,2447775,74184
2026-07-19,2026,7,19,chokepoint27,Mindoro Strait,3,33,4,1,9,41,50,32116,2101509,15660,0,161558,2149287,2310845,74185
2026-07-20,2026,7,20,chokepoint27,Mindoro Strait,2,43,3,0,5,48,53,23250,2905345,7589,0,489742,2936185,3425927,74186
2026-07-21,2026,7,21,chokepoint27,Mindoro Strait,2,41,2,1,5,46,51,30920,4585963,6429,4367,2540,4627681,4630222,74187
2026-07-22,2026,7,22,chokepoint27,Mindoro Strait,4,46,3,0,1,53,54,33223,3358802,26442,0,24598,3418469,3443067,74188
2026-07-23,2026,7,23,chokepoint27,Mindoro Strait,3,43,3,0,3,49,52,34055,3421877,19821,0,126205,3475755,3601961,74189
2026-07-24,2026,7,24,chokepoint27,Mindoro Strait,8,45,6,0,6,59,65,74190,3032051,32122,0,61863,3138365,3200229,74190
2026-07-25,2026,7,25,chokepoint27,Mindoro Strait,8,32,2,0,6,42,48,108631,2451068,10831,0,84834,2570531,2655365,74191
2026-07-26,2026,7,26,chokepoint27,Mindoro Strait,1,35,3,1,1,40,41,28334,3402661,12454,0,5288,3443450,3448738,74192
2026-07-27,2026,7,27,chokepoint27,Mindoro Strait,3,29,2,0,5,34,39,20249,2825325,21949,0,14574,2867523,2882098,74193
2026-07-28,2026,7,28,chokepoint27,Mindoro Strait,1,32,4,0,4,37,41,12985,2140135,15642,0,99391,2168763,2268155,74194
2026-07-29,2026,7,29,chokepoint27,Mindoro Strait,2,28,4,0,5,34,39,16827,1766268,17903,0,30291,1800999,1831290,74195
2026-07-30,2026,7,30,chokepoint27,Mindoro Strait,7,39,2,1,3,49,52,58556,3878085,12539,0,52850,3949181,4002032,74196
2026-07-31,2026,7,31,chokepoint27,Mindoro Strait,4,42,7,0,8,53,61,80624,2772423,33653,0,139400,2886701,3026102,74197
2026-07-01,2026,7,1,chokepoint28,Kerch Strait,0,2,4,0,2,6,8,0,101012,4034,0,389,105047,105436,76407
2026-07-02,2026,7,2,chokepoint28,Kerch Strait,0,0,5,0,2,5,7,0,0,7821,0,5063,7821,12884,76408
2026-07-03,2026,7,3,chokepoint28,Kerch Strait,0,0,6,0,0,6,6,0,0,9826,0,0,9826,9826,76409
2026-07-04,2026,7,4,chokepoint28,Kerch Strait,0,2,1,0,0,3,3,0,3279,1580,0,0,4860,4860,76410
2026-07-05,2026,7,5,chokepoint28,Kerch Strait,0,0,8,0,2,8,10,0,0,12093,0,7864,12093,19957,76411
2026-07-06,2026,7,6,chokepoint28,Kerch Strait,0,1,0,0,0,1,1,0,101012,0,0,0,101012,101012,76412
2026-07-07,2026,7,7,chokepoint28,Kerch Strait,0,2,2,0,0,4,4,0,0,3241,0,0,3241,3241,76413
2026-07-08,2026,7,8,chokepoint28,Kerch Strait,0,1,2,0,2,3,5,0,0,1322,0,389,1322,1711,76414
2026-07-09,2026,7,9,chokepoint28,Kerch Strait,0,1,3,1,3,5,8,0,0,3498,1118,7043,4617,11660,76415
2026-07-10,2026,7,10,chokepoint28,Kerch Strait,0,0,2,0,0,2,2,0,0,0,0,0,0,0,76416
2026-07-11,2026,7,11,chokepoint28,Kerch Strait,0,1,1,0,0,2,2,0,0,1492,0,0,1492,1492,76417
2026-07-12,2026,7,12,chokepoint28,Kerch Strait,0,1,4,0,1,5,6,0,0,2252,0,4383,2252,6635,76418
2026-07-13,2026,7,13,chokepoint28,Kerch Strait,0,3,1,0,0,4,4,0,101012,2330,0,0,103343,103343,76419
2026-07-14,2026,7,14,chokepoint28,Kerch Strait,1,1,1,0,0,3,3,21438,0,0,0,0,21438,21438,76420
2026-07-15,2026,7,15,chokepoint28,Kerch Strait,0,0,1,0,0,1,1,0,0,2330,0,0,2330,2330,76421
2026-07-16,2026,7,16,chokepoint28,Kerch Strait,0,1,0,0,0,1,1,0,99041,0,0,0,99041,99041,76422
2026-07-17,2026,7,17,chokepoint28,Kerch Strait,0,0,0,0,0,0,0,0,0,0,0,0,0,0,76423
2026-07-18,2026,7,18,chokepoint28,Kerch Strait,0,0,0,0,0,0,0,0,0,0,0,0,0,0,76424
2026-07-19,2026,7,19,chokepoint28,Kerch Strait,0,2,0,0,0,2,2,0,85419,0,0,0,85419,85419,76425
2026-07-20,2026,7,20,chokepoint28,Kerch Strait,0,0,2,0,0,2,2,0,0,1824,0,0,1824,1824,76426
2026-07-21,2026,7,21,chokepoint28,Kerch Strait,0,1,1,0,0,2,2,0,0,1840,0,0,1840,1840,76427
2026-07-22,2026,7,22,chokepoint28,Kerch Strait,0,0,0,0,0,0,0,0,0,0,0,0,0,0,76428
2026-07-23,2026,7,23,chokepoint28,Kerch Strait,0,0,0,0,0,0,0,0,0,0,0,0,0,0,76429
2026-07-24,2026,7,24,chokepoint28,Kerch Strait,0,1,2,0,0,3,3,0,0,2677,0,0,2677,2677,76430
2026-07-25,2026,7,25,chokepoint28,Kerch Strait,0,0,1,0,0,1,1,0,0,851,0,0,851,851,76431
2026-07-26,2026,7,26,chokepoint28,Kerch Strait,0,0,0,0,0,0,0,0,0,0,0,0,0,0,76432
2026-07-27,2026,7,27,chokepoint28,Kerch Strait,0,0,1,0,0,1,1,0,0,1840,0,0,1840,1840,76433
2026-07-28,2026,7,28,chokepoint28,Kerch Strait,0,0,2,0,1,2,3,0,0,4172,0,0,4172,4172,76434
2026-07-29,2026,7,29,chokepoint28,Kerch Strait,0,0,0,0,0,0,0,0,0,0,0,0,0,0,76435
2026-07-30,2026,7,30,chokepoint28,Kerch Strait,0,0,0,0,0,0,0,0,0,0,0,0,0,0,76436
2026-07-31,2026,7,31,chokepoint28,Kerch Strait,1,0,0,0,0,1,1,10912,0,0,0,0,10912,10912,76437
2026-08-01,2026,8,1,chokepoint1,Suez Canal,7,12,6,2,15,27,42,118756,362260,18590,0,554575,499607,1054183,2370
2026-08-02,2026,8,2,chokepoint1,Suez Canal,5,7,2,1,16,15,31,192905,163080,25937,0,863398,381923,1245322,2371
2026-08-03,2026,8,3,chokepoint1,Suez Canal,11,15,1,0,17,27,44,661589,485379,2279,0,480499,1149248,1629747,2372
2026-08-04,2026,8,4,chokepoint1,Suez Canal,9,11,6,0,9,26,35,492231,664393,56130,0,513181,1212755,1725936,2373
2026-08-05,2026,8,5,chokepoint1,Suez Canal,6,11,2,2,22,21,43,63132,505876,18562,4660,530128,592232,1122360,2374
2026-08-06,2026,8,6,chokepoint1,Suez Canal,10,8,3,2,16,23,39,433478,240924,34345,3609,511538,712357,1223896,2375
2026-08-07,2026,8,7,chokepoint1,Suez Canal,8,9,7,5,14,29,43,133821,356656,48971,16245,536672,555695,1092368,2376
2026-08-08,2026,8,8,chokepoint1,Suez Canal,12,7,1,0,14,20,34,471425,321241,660,0,497981,793327,1291308,2377
2026-08-09,2026,8,9,chokepoint1,Suez Canal,13,16,3,0,16,32,48,460193,823112,5448,0,660157,1288754,1948912,2378
2026-08-01,2026,8,1,chokepoint2,Panama Canal,9,3,2,4,15,18,33,383120,122242,3827,9190,281247,518380,799627,4348
2026-08-02,2026,8,2,chokepoint2,Panama Canal,8,3,1,1,14,13,27,285135,144340,3742,0,248438,433218,681656,4349
2026-08-03,2026,8,3,chokepoint2,Panama Canal,5,3,1,2,18,11,29,191272,127350,0,8597,484443,327220,811664,4350
2026-08-04,2026,8,4,chokepoint2,Panama Canal,7,3,3,2,16,15,31,279984,142538,5823,10875,481923,439222,921146,4351
2026-08-05,2026,8,5,chokepoint2,Panama Canal,5,5,3,1,17,14,31,228530,213847,15478,0,387961,457856,845817,4352
2026-08-06,2026,8,6,chokepoint2,Panama Canal,9,3,3,4,10,19,29,301953,106912,18291,3500,242208,430657,672865,4353
2026-08-07,2026,8,7,chokepoint2,Panama Canal,10,7,1,1,14,19,33,416459,299775,1162,1910,319584,719307,1038892,4354
2026-08-08,2026,8,8,chokepoint2,Panama Canal,7,2,2,3,14,14,28,299703,91645,17478,16518,475004,425345,900350,4355
2026-08-09,2026,8,9,chokepoint2,Panama Canal,11,4,1,3,10,19,29,372200,143997,1342,12732,261084,530272,791356,4356
2026-08-01,2026,8,1,chokepoint3,Bosporus Strait,15,21,22,0,23,58,81,65735,353853,37880,0,361430,457468,818899,8726
2026-08-02,2026,8,2,chokepoint3,Bosporus Strait,9,13,26,0,17,48,65,40052,525297,75980,0,266028,641331,907360,8727
2026-08-03,2026,8,3,chokepoint3,Bosporus Strait,7,8,27,1,14,43,57,45189,88123,76773,1127,166339,211213,377552,8728
2026-08-04,2026,8,4,chokepoint3,Bosporus Strait,8,16,14,0,18,38,56,56271,501875,32920,0,452044,591067,1043111,8729
2026-08-05,2026,8,5,chokepoint3,Bosporus Strait,6,20,26,0,15,52,67,62900,381481,45741,0,386905,490123,877028,8730
2026-08-06,2026,8,6,chokepoint3,Bosporus Strait,4,16,25,0,13,45,58,20501,193937,47636,0,140600,262075,402675,8731
2026-08-07,2026,8,7,chokepoint3,Bosporus Strait,8,12,45,0,15,65,80,51286,227298,144081,0,241174,422666,663840,8732
2026-08-08,2026,8,8,chokepoint3,Bosporus Strait,6,11,25,0,15,42,57,45981,278671,54860,0,340022,379513,719535,8733
2026-08-09,2026,8,9,chokepoint3,Bosporus Strait,13,18,20,0,14,51,65,67710,261274,34532,0,181385,363517,544903,8734
2026-08-01,2026,8,1,chokepoint4,Bab el-Mandeb Strait,1,7,7,0,5,15,20,7058,325194,58860,0,234959,391112,626072,11700
2026-08-02,2026,8,2,chokepoint4,Bab el-Mandeb Strait,7,10,5,2,6,24,30,183494,329090,39760,6150,508606,558495,1067102,11703
2026-08-03,2026,8,3,chokepoint4,Bab el-Mandeb Strait,3,8,1,0,5,12,17,63183,345704,762,0,178800,409650,588450,11706
2026-08-04,2026,8,4,chokepoint4,Bab el-Mandeb Strait,5,7,5,1,9,18,27,157573,363901,36849,554,561113,558879,1119992,11709
2026-08-05,2026,8,5,chokepoint4,Bab el-Mandeb Strait,1,5,2,2,4,10,14,10950,135562,32952,7037,293121,186503,479625,11712
2026-08-06,2026,8,6,chokepoint4,Bab el-Mandeb Strait,2,8,6,2,13,18,31,33850,438741,51935,18267,537220,542794,1080015,11723
2026-08-07,2026,8,7,chokepoint4,Bab el-Mandeb Strait,4,8,2,1,13,15,28,73328,265239,2339,0,547308,340907,888215,11724
2026-08-08,2026,8,8,chokepoint4,Bab el-Mandeb Strait,2,10,3,2,8,17,25,32526,364130,40790,7190,202701,444638,647340,11725
2026-08-09,2026,8,9,chokepoint4,Bab el-Mandeb Strait,10,10,3,2,9,25,34,172868,538563,31254,0,284046,742687,1026734,11728
2026-08-01,2026,8,1,chokepoint5,Malacca Strait,42,79,13,7,74,141,215,1238547,4704585,62598,36650,2488716,6042381,8531097,12730
2026-08-02,2026,8,2,chokepoint5,Malacca Strait,64,80,21,7,74,172,246,2115712,4720574,76211,26591,2630864,6939088,9569953,12731
2026-08-03,2026,8,3,chokepoint5,Malacca Strait,53,42,22,4,68,121,189,1597593,2288954,165602,11657,2029906,4063807,6093714,12732
2026-08-04,2026,8,4,chokepoint5,Malacca Strait,47,68,13,10,76,138,214,1608151,3289650,124726,31278,2268532,5053807,7322339,12733
2026-08-05,2026,8,5,chokepoint5,Malacca Strait,67,60,14,5,64,146,210,2179756,2890242,44450,9517,1308997,5123966,6432963,12734
2026-08-06,2026,8,6,chokepoint5,Malacca Strait,59,66,27,9,75,161,236,1675284,3575367,144156,33406,1816457,5428214,7244671,12735
2026-08-07,2026,8,7,chokepoint5,Malacca Strait,53,64,18,5,79,140,219,1681400,3404807,154310,14202,3486383,5254720,8741104,12736
2026-08-08,2026,8,8,chokepoint5,Malacca Strait,56,77,24,16,66,173,239,1693852,4912008,163609,45911,2073330,6815382,8888713,12737
2026-08-09,2026,8,9,chokepoint5,Malacca Strait,65,47,15,8,72,135,207,2223847,2622711,132862,24821,2625294,5004243,7629538,12738
2026-08-01,2026,8,1,chokepoint6,Strait of Hormuz,0,1,0,0,2,1,3,0,0,0,0,1067,0,1067,17460
2026-08-02,2026,8,2,chokepoint6,Strait of Hormuz,1,1,0,0,0,2,2,42287,65066,0,0,0,107354,107354,17461
2026-08-03,2026,8,3,chokepoint6,Strait of Hormuz,0,3,0,0,3,3,6,0,125383,0,0,6134,125383,131517,17462
2026-08-04,2026,8,4,chokepoint6,Strait of Hormuz,0,2,0,0,4,2,6,0,150743,0,0,64214,150743,214958,17463
2026-08-05,2026,8,5,chokepoint6,Strait of Hormuz,1,1,2,0,0,4,4,3504,0,1300,0,0,4805,4805,17464
2026-08-06,2026,8,6,chokepoint6,Strait of Hormuz,0,1,1,0,0,2,2,0,24815,324,0,0,25140,25140,17466
2026-08-07,2026,8,7,chokepoint6,Strait of Hormuz,0,2,0,0,2,2,4,0,90890,0,0,0,90890,90890,17467
2026-08-08,2026,8,8,chokepoint6,Strait of Hormuz,3,3,1,0,1,7,8,10556,363842,3906,0,0,378306,378306,17468
2026-08-09,2026,8,9,chokepoint6,Strait of Hormuz,0,1,0,0,0,1,1,0,0,0,0,0,0,0,17469
2026-08-01,2026,8,1,chokepoint7,Cape of Good Hope,10,39,7,2,25,58,83,585107,2734978,40950,7266,1883626,3368303,5251929,19038
2026-08-02,2026,8,2,chokepoint7,Cape of Good Hope,19,44,5,3,26,71,97,984451,3058354,62853,16063,1389774,4121722,5511497,19039
2026-08-03,2026,8,3,chokepoint7,Cape of Good Hope,22,27,8,2,24,59,83,1092951,3318791,56852,0,1076304,4468594,5544899,19040
2026-08-04,2026,8,4,chokepoint7,Cape of Good Hope,15,45,2,6,21,68,89,810461,3116546,6517,10204,1006828,3943729,4950558,19041
2026-08-05,2026,8,5,chokepoint7,Cape of Good Hope,19,55,1,7,21,82,103,996664,3201338,1924,38540,788718,4238468,5027186,19042
2026-08-06,2026,8,6,chokepoint7,Cape of Good Hope,14,46,5,7,13,72,85,995781,3055201,67714,31566,533430,4150263,4683694,19043
2026-08-07,2026,8,7,chokepoint7,Cape of Good Hope,22,35,3,1,22,61,83,1235803,2888469,6784,0,1422998,4131058,5554056,19044
2026-08-08,2026,8,8,chokepoint7,Cape of Good Hope,17,41,1,4,22,63,85,907344,3099253,41138,12223,1087181,4059959,5147141,19045
2026-08-09,2026,8,9,chokepoint7,Cape of Good Hope,23,38,2,4,16,67,83,1650767,2542642,2418,18720,388498,4214548,4603047,19046
2026-08-01,2026,8,1,chokepoint8,Gibraltar Strait,29,26,31,7,43,93,136,904657,1142885,106091,16662,1229417,2170297,3399714,23816
2026-08-02,2026,8,2,chokepoint8,Gibraltar Strait,26,27,23,3,46,79,125,785616,1091739,73597,8777,1216490,1959731,3176221,23817
2026-08-03,2026,8,3,chokepoint8,Gibraltar Strait,26,32,21,4,31,83,114,802515,1069843,52884,0,1418017,1925243,3343261,23818
2026-08-04,2026,8,4,chokepoint8,Gibraltar Strait,29,32,28,2,42,91,133,667191,1369370,157609,4912,1398674,2199083,3597758,23819
2026-08-05,2026,8,5,chokepoint8,Gibraltar Strait,28,36,26,5,51,95,146,730513,1169126,74218,11826,2011899,1985684,3997583,23820
2026-08-06,2026,8,6,chokepoint8,Gibraltar Strait,34,25,18,4,47,81,128,1214869,738134,49026,2830,1557558,2004860,3562419,23821
2026-08-07,2026,8,7,chokepoint8,Gibraltar Strait,26,30,27,6,59,89,148,1011262,1211477,122882,20690,1611429,2366312,3977742,23822
2026-08-08,2026,8,8,chokepoint8,Gibraltar Strait,33,34,22,6,48,95,143,824422,1498414,77067,10114,1193721,2410019,3603740,23823
2026-08-09,2026,8,9,chokepoint8,Gibraltar Strait,24,20,27,5,36,76,112,502115,1245734,85397,14629,815679,1847876,2663556,23824
2026-08-01,2026,8,1,chokepoint9,Dover Strait,40,27,47,10,62,124,186,1361734,1194097,154351,21449,1927379,2731632,4659011,24194
2026-08-02,2026,8,2,chokepoint9,Dover Strait,26,32,44,10,53,112,165,789083,1460281,94016,19298,1166143,2362680,3528824,24195
2026-08-03,2026,8,3,chokepoint9,Dover Strait,31,16,34,6,39,87,126,698140,889999,98365,1385,1021059,1687891,2708951,24196
2026-08-04,2026,8,4,chokepoint9,Dover Strait,31,21,40,14,54,106,160,1071371,918076,78193,45870,1784556,2113511,3898068,24197
2026-08-05,2026,8,5,chokepoint9,Dover Strait,39,22,39,9,48,109,157,788843,1026503,131116,38725,1369476,1985188,3354664,24198
2026-08-06,2026,8,6,chokepoint9,Dover Strait,34,26,44,10,47,114,161,988375,1194033,142594,13738,905045,2338741,3243786,24199
2026-08-07,2026,8,7,chokepoint9,Dover Strait,38,15,42,8,65,103,168,1320177,561079,138327,9046,958151,2028631,2986782,24200
2026-08-08,2026,8,8,chokepoint9,Dover Strait,37,15,52,9,53,113,166,1208520,779252,122123,26170,960450,2136067,3096517,24201
2026-08-09,2026,8,9,chokepoint9,Dover Strait,45,30,34,8,51,117,168,1318300,1048065,140463,8962,1501928,2515791,4017719,24202
2026-08-01,2026,8,1,chokepoint10,Oresund Strait,6,4,15,2,11,27,38,16677,29780,17216,3071,34183,66745,100928,26572
2026-08-02,2026,8,2,chokepoint10,Oresund Strait,5,3,19,4,6,31,37,13834,27064,31218,2343,7205,74461,81666,26573
2026-08-03,2026,8,3,chokepoint10,Oresund Strait,6,3,17,1,7,27,34,12651,4336,33197,0,13426,50185,63612,26574
2026-08-04,2026,8,4,chokepoint10,Oresund Strait,4,2,21,3,6,30,36,9968,0,27300,3008,16107,40277,56385,26575
2026-08-05,2026,8,5,chokepoint10,Oresund Strait,2,5,19,0,7,26,33,5496,36793,22473,0,29095,64763,93858,26576
2026-08-06,2026,8,6,chokepoint10,Oresund Strait,4,6,19,3,10,32,42,4823,4038,39436,5874,52437,54172,106610,26577
2026-08-07,2026,8,7,chokepoint10,Oresund Strait,6,7,10,0,6,23,29,10256,81365,17791,0,8404,109413,117817,26578
2026-08-08,2026,8,8,chokepoint10,Oresund Strait,8,9,25,3,12,45,57,13371,0,30330,5019,40338,48721,89059,26579
2026-08-09,2026,8,9,chokepoint10,Oresund Strait,4,4,21,2,9,31,40,10597,2636,45143,0,8126,58376,66503,26580
2026-08-01,2026,8,1,chokepoint11,Taiwan Strait,95,80,27,5,51,207,258,1801991,3463232,279090,4840,1301876,5549155,6851032,31750
2026-08-02,2026,8,2,chokepoint11,Taiwan Strait,109,60,16,5,48,190,238,2516845,2137176,89600,23869,861484,4767492,5628977,31751
2026-08-03,2026,8,3,chokepoint11,Taiwan Strait,74,65,26,4,51,169,220,1291182,2868120,144352,19051,443756,4322707,4766463,31752
2026-08-04,2026,8,4,chokepoint11,Taiwan Strait,83,69,29,12,60,193,253,2213152,3255028,159853,47219,782129,5675253,6457382,31753
2026-08-05,2026,8,5,chokepoint11,Taiwan Strait,88,67,22,6,48,183,231,2095435,3638615,85703,18876,700284,5838631,6538916,31754
2026-08-06,2026,8,6,chokepoint11,Taiwan Strait,89,81,34,2,76,206,282,2103900,2801464,210982,1030,1185456,5117378,6302834,31755
2026-08-07,2026,8,7,chokepoint11,Taiwan Strait,57,84,20,7,36,168,204,1721719,2627861,96622,40254,868091,4486458,5354550,31756
2026-08-08,2026,8,8,chokepoint11,Taiwan Strait,8,15,2,0,10,25,35,49868,378099,16418,0,645734,444386,1090120,31757
2026-08-09,2026,8,9,chokepoint11,Taiwan Strait,112,52,22,8,38,194,232,2313355,3704637,134264,14064,659456,6166320,6825777,31758
2026-08-01,2026,8,1,chokepoint12,Korea Strait,61,42,52,10,67,165,232,1017319,1316578,88241,25294,1150333,2447435,3597768,33717
2026-08-02,2026,8,2,chokepoint12,Korea Strait,56,38,50,9,50,153,203,1009251,871240,117385,26473,1177462,2024350,3201813,33718
2026-08-03,2026,8,3,chokepoint12,Korea Strait,59,33,64,4,56,160,216,1610746,936781,143542,15331,408598,2706401,3115000,33719
2026-08-04,2026,8,4,chokepoint12,Korea Strait,78,48,59,17,76,202,278,1642859,1699461,121651,25502,1080382,3489474,4569857,33720
2026-08-05,2026,8,5,chokepoint12,Korea Strait,63,41,46,9,53,159,212,1267814,1393627,101601,6780,1604359,2769824,4374184,33721
2026-08-06,2026,8,6,chokepoint12,Korea Strait,70,37,53,7,59,167,226,1324467,758752,109579,10152,465296,2202951,2668248,33722
2026-08-07,2026,8,7,chokepoint12,Korea Strait,54,32,45,8,50,139,189,1469000,684035,106591,24496,521975,2284123,2806098,33723
2026-08-08,2026,8,8,chokepoint12,Korea Strait,65,25,39,5,61,134,195,1092908,813811,75407,8982,976439,1991109,2967548,33724
2026-08-09,2026,8,9,chokepoint12,Korea Strait,64,34,41,9,43,148,191,1091520,1076749,64294,10063,981677,2242627,3224304,33725
2026-08-01,2026,8,1,chokepoint13,Tsugaru Strait,13,15,7,2,12,37,49,627815,411754,4413,3758,22026,1047742,1069768,37706
2026-08-02,2026,8,2,chokepoint13,Tsugaru Strait,24,16,10,1,19,51,70,826813,534881,13021,0,291025,1374716,1665742,37707
2026-08-03,2026,8,3,chokepoint13,Tsugaru Strait,19,16,9,6,25,50,75,652201,538461,25607,14835,465655,1231106,1696761,37708
2026-08-04,2026,8,4,chokepoint13,Tsugaru Strait,17,18,9,2,10,46,56,786977,404112,20192,3674,142904,1214957,1357861,37709
2026-08-05,2026,8,5,chokepoint13,Tsugaru Strait,21,14,10,6,15,51,66,765725,472561,27857,27500,465665,1293644,1759310,37710
2026-08-06,2026,8,6,chokepoint13,Tsugaru Strait,15,16,11,6,17,48,65,719160,562319,17026,16412,201195,1314918,1516114,37711
2026-08-07,2026,8,7,chokepoint13,Tsugaru Strait,16,18,8,2,18,44,62,471232,915648,8827,10466,214629,1406174,1620803,37712
2026-08-08,2026,8,8,chokepoint13,Tsugaru Strait,17,14,6,3,8,40,48,814072,367370,2548,10970,132861,1194962,1327823,37713
2026-08-09,2026,8,9,chokepoint13,Tsugaru Strait,18,17,9,1,8,45,53,677806,508413,6390,0,49240,1192611,1241851,37714
2026-08-01,2026,8,1,chokepoint14,Luzon Strait,14,56,8,6,34,84,118,344386,3507273,42039,11559,1886501,3905258,5791759,38486
2026-08-02,2026,8,2,chokepoint14,Luzon Strait,13,41,8,4,31,66,97,392763,3095309,54437,24689,2583682,3567200,6150883,38487
2026-08-03,2026,8,3,chokepoint14,Luzon Strait,13,40,1,8,24,62,86,241722,3096971,7759,19646,1002003,3366099,4368102,38488
2026-08-04,2026,8,4,chokepoint14,Luzon Strait,11,25,1,1,25,38,63,452023,2132421,855,1451,936514,2586753,3523267,38489
2026-08-05,2026,8,5,chokepoint14,Luzon Strait,6,31,4,1,24,42,66,137197,2166483,20221,0,622033,2323902,2945936,38490
2026-08-06,2026,8,6,chokepoint14,Luzon Strait,8,20,1,2,18,31,49,378307,956739,8275,3085,718403,1346407,2064810,38491
2026-08-07,2026,8,7,chokepoint14,Luzon Strait,10,30,3,2,18,45,63,343654,2082315,18240,0,1109327,2444210,3553537,38492
2026-08-08,2026,8,8,chokepoint14,Luzon Strait,9,60,4,0,20,73,93,279268,8540167,34664,0,2361428,8854101,11215529,38493
2026-08-09,2026,8,9,chokepoint14,Luzon Strait,19,53,4,2,27,78,105,464949,6524529,20992,3851,2286994,7014323,9301318,38494
2026-08-01,2026,8,1,chokepoint15,Lombok Strait,0,22,1,1,5,24,29,0,2630908,1206,4722,80741,2636837,2717579,41262
2026-08-02,2026,8,2,chokepoint15,Lombok Strait,0,19,2,0,8,21,29,0,2659368,5643,0,88201,2665012,2753213,41263
2026-08-03,2026,8,3,chokepoint15,Lombok Strait,0,23,3,0,8,26,34,0,1798636,0,0,104906,1798636,1903542,41264
2026-08-04,2026,8,4,chokepoint15,Lombok Strait,0,35,0,1,8,36,44,0,3112180,0,4999,323055,3117179,3440234,41265
2026-08-05,2026,8,5,chokepoint15,Lombok Strait,0,25,1,0,6,26,32,0,2797004,7974,0,197060,2804978,3002038,41266
2026-08-06,2026,8,6,chokepoint15,Lombok Strait,0,29,1,1,6,31,37,0,2620500,0,3251,49826,2623752,2673578,41267
2026-08-07,2026,8,7,chokepoint15,Lombok Strait,0,25,1,1,6,27,33,0,3948727,0,0,10571,3948727,3959298,41268
2026-08-08,2026,8,8,chokepoint15,Lombok Strait,1,33,1,0,14,35,49,2201,3360379,9548,0,498049,3372130,3870179,41269
2026-08-09,2026,8,9,chokepoint15,Lombok Strait,0,24,2,0,6,26,32,0,3247866,10486,0,372947,3258353,3631300,41270
2026-08-01,2026,8,1,chokepoint16,Ombai Strait,2,4,1,1,2,8,10,82184,236718,19216,0,87718,338120,425838,45640
2026-08-02,2026,8,2,chokepoint16,Ombai Strait,2,3,1,1,3,7,10,33802,402060,839,0,78673,436702,515376,45641
2026-08-03,2026,8,3,chokepoint16,Ombai Strait,1,6,1,0,3,8,11,31717,743315,1571,0,95766,776605,872371,45642
2026-08-04,2026,8,4,chokepoint16,Ombai Strait,1,3,1,0,3,5,8,13358,200824,3060,0,0,217243,217243,45643
2026-08-05,2026,8,5,chokepoint16,Ombai Strait,0,5,0,0,5,5,10,0,427662,0,0,83033,427662,510695,45644
2026-08-06,2026,8,6,chokepoint16,Ombai Strait,3,4,1,0,2,8,10,58795,328134,5222,0,79524,392153,471677,45645
2026-08-07,2026,8,7,chokepoint16,Ombai Strait,1,3,0,0,2,4,6,8757,0,0,0,76997,8757,85755,45646
2026-08-08,2026,8,8,chokepoint16,Ombai Strait,2,5,0,0,3,7,10,77708,1491334,0,0,91996,1569043,1661039,45647
2026-08-09,2026,8,9,chokepoint16,Ombai Strait,2,3,0,0,1,5,6,5247,269088,0,0,0,274336,274336,45648
2026-08-01,2026,8,1,chokepoint17,Bohai Strait,19,105,20,2,36,146,182,518598,5093735,67829,1746,846652,5681910,6528563,46818
2026-08-02,2026,8,2,chokepoint17,Bohai Strait,21,98,18,1,27,138,165,533622,5437700,94154,0,578774,6065477,6644251,46819
2026-08-03,2026,8,3,chokepoint17,Bohai Strait,28,88,18,2,33,136,169,768654,4182564,42421,1902,784286,4995543,5779829,46820
2026-08-04,2026,8,4,chokepoint17,Bohai Strait,19,92,22,3,33,136,169,199277,4763056,49001,8503,231027,5019839,5250867,46821
2026-08-05,2026,8,5,chokepoint17,Bohai Strait,19,98,18,0,22,135,157,346183,4230702,49740,0,504977,4626625,5131603,46822
2026-08-06,2026,8,6,chokepoint17,Bohai Strait,16,91,20,4,30,131,161,346245,3672263,43885,15026,305272,4077420,4382693,46823
2026-08-07,2026,8,7,chokepoint17,Bohai Strait,13,91,18,0,18,122,140,388573,3934640,89127,0,534354,4412340,4946695,46824
2026-08-08,2026,8,8,chokepoint17,Bohai Strait,18,81,10,3,18,112,130,260893,4239787,23733,6043,175340,4530458,4705799,46825
2026-08-09,2026,8,9,chokepoint17,Bohai Strait,22,75,20,1,35,118,153,577128,3000770,104525,0,426293,3682424,4108717,46826
2026-08-01,2026,8,1,chokepoint18,Torres Strait,0,4,2,0,2,6,8,0,110378,1175,0,0,111554,111554,48396
2026-08-02,2026,8,2,chokepoint18,Torres Strait,1,7,0,0,2,8,10,29409,100562,0,0,102863,129972,232835,48397
2026-08-03,2026,8,3,chokepoint18,Torres Strait,4,5,0,0,1,9,10,91642,0,0,0,0,91642,91642,48398
2026-08-04,2026,8,4,chokepoint18,Torres Strait,0,6,1,0,1,7,8,0,107035,0,0,40952,107035,147987,48399
2026-08-05,2026,8,5,chokepoint18,Torres Strait,2,3,1,1,1,7,8,50676,101884,574,4722,39709,157857,197567,48400
2026-08-06,2026,8,6,chokepoint18,Torres Strait,0,2,1,0,1,3,4,0,45412,1571,0,7497,46984,54482,50421
2026-08-07,2026,8,7,chokepoint18,Torres Strait,2,7,0,1,2,10,12,44408,168409,0,0,18823,212818,231642,50427
2026-08-08,2026,8,8,chokepoint18,Torres Strait,0,2,0,1,1,3,4,0,46404,0,0,10179,46404,56584,50431
2026-08-09,2026,8,9,chokepoint18,Torres Strait,2,5,1,0,0,8,8,54102,112436,1033,0,0,167572,167572,50435
2026-08-01,2026,8,1,chokepoint19,Sunda Strait,1,19,4,2,12,26,38,59518,1676336,14360,375,250194,1750591,2000785,52374
2026-08-02,2026,8,2,chokepoint19,Sunda Strait,3,11,4,0,11,18,29,83198,780301,27115,0,218145,890614,1108759,52375
2026-08-03,2026,8,3,chokepoint19,Sunda Strait,4,15,2,1,19,22,41,67776,1095816,9103,0,235665,1172695,1408360,52376
2026-08-04,2026,8,4,chokepoint19,Sunda Strait,6,14,2,1,16,23,39,184568,1468764,27202,6070,256274,1686605,1942880,52377
2026-08-05,2026,8,5,chokepoint19,Sunda Strait,4,10,3,3,12,20,32,104696,407047,5326,10294,137414,527366,664781,52378
2026-08-06,2026,8,6,chokepoint19,Sunda Strait,1,15,3,1,11,20,31,18169,1426726,11606,0,329196,1456502,1785699,52379
2026-08-07,2026,8,7,chokepoint19,Sunda Strait,2,17,1,1,13,21,34,22063,1403829,19882,14087,411340,1459862,1871202,52380
2026-08-08,2026,8,8,chokepoint19,Sunda Strait,6,11,2,1,11,20,31,190465,927370,20698,9391,641312,1147924,1789237,52381
2026-08-09,2026,8,9,chokepoint19,Sunda Strait,5,15,5,2,16,27,43,110622,881454,39690,0,576688,1031767,1608455,52382
2026-08-01,2026,8,1,chokepoint20,Makassar Strait,0,32,0,0,2,32,34,0,1822790,0,0,13861,1822790,1836651,54752
2026-08-02,2026,8,2,chokepoint20,Makassar Strait,2,41,5,1,7,49,56,23113,3051237,22626,4999,214390,3101976,3316366,54753
2026-08-03,2026,8,3,chokepoint20,Makassar Strait,3,36,1,0,8,40,48,70944,3090681,0,0,24018,3161626,3185645,54754
2026-08-04,2026,8,4,chokepoint20,Makassar Strait,3,35,2,0,7,40,47,17862,2889135,2327,0,39840,2909325,2949166,54755
2026-08-05,2026,8,5,chokepoint20,Makassar Strait,1,35,2,0,5,38,43,28863,2664577,7730,0,93227,2701171,2794399,54756
2026-08-06,2026,8,6,chokepoint20,Makassar Strait,3,58,4,0,10,65,75,63648,4071381,17053,0,208785,4152083,4360869,54757
2026-08-07,2026,8,7,chokepoint20,Makassar Strait,2,38,5,0,7,45,52,9077,2457206,16552,0,86255,2482836,2569091,54758
2026-08-08,2026,8,8,chokepoint20,Makassar Strait,2,38,3,0,5,43,48,18309,2702751,5864,0,82000,2726924,2808925,54759
2026-08-09,2026,8,9,chokepoint20,Makassar Strait,4,48,3,0,7,55,62,57374,3127658,2887,0,23134,3187920,3211054,54760
2026-08-01,2026,8,1,chokepoint21,Magellan Strait,0,2,0,0,2,2,4,0,62483,0,0,26503,62483,88987,58761
2026-08-02,2026,8,2,chokepoint21,Magellan Strait,0,3,1,0,3,4,7,0,152028,6830,0,202579,158858,361438,58762
2026-08-03,2026,8,3,chokepoint21,Magellan Strait,1,7,0,0,2,8,10,26369,330412,0,0,178328,356781,535110,58763
2026-08-04,2026,8,4,chokepoint21,Magellan Strait,0,2,1,1,1,4,5,0,92253,15053,7174,80598,114481,195079,58765
2026-08-05,2026,8,5,chokepoint21,Magellan Strait,0,6,0,0,1,6,7,0,351802,0,0,0,351802,351802,58766
2026-08-06,2026,8,6,chokepoint21,Magellan Strait,1,2,0,0,0,3,3,22581,119343,0,0,0,141924,141924,58767
2026-08-07,2026,8,7,chokepoint21,Magellan Strait,0,3,2,0,1,5,6,0,320355,24736,0,0,345091,345091,58768
2026-08-08,2026,8,8,chokepoint21,Magellan Strait,0,0,1,0,1,1,2,0,0,0,0,0,0,0,58769
2026-08-09,2026,8,9,chokepoint21,Magellan Strait,0,1,0,0,2,1,3,0,30704,0,0,29651,30704,60356,58770
2026-08-01,2026,8,1,chokepoint22,Yucatan Channel,8,4,5,3,31,20,51,123443,152470,15442,10848,1031361,302205,1333567,61508
2026-08-02,2026,8,2,chokepoint22,Yucatan Channel,12,6,5,0,31,23,54,134526,227819,12793,0,862130,375139,1237269,61509
2026-08-03,2026,8,3,chokepoint22,Yucatan Channel,9,5,3,1,30,18,48,170520,122308,21237,0,718795,314066,1032862,61510
2026-08-04,2026,8,4,chokepoint22,Yucatan Channel,10,11,4,2,30,27,57,150308,493937,58540,3330,561401,706117,1267519,61511
2026-08-05,2026,8,5,chokepoint22,Yucatan Channel,7,5,2,0,29,14,43,89496,167858,7826,0,608534,265180,873715,61512
2026-08-06,2026,8,6,chokepoint22,Yucatan Channel,11,7,5,1,30,24,54,127822,212593,19180,0,789932,359595,1149527,61513
2026-08-07,2026,8,7,chokepoint22,Yucatan Channel,8,3,3,0,27,14,41,62966,163865,20340,0,955500,247172,1202672,61514
2026-08-08,2026,8,8,chokepoint22,Yucatan Channel,11,10,4,2,37,27,64,192356,407166,10715,11308,740767,621545,1362313,61515
2026-08-09,2026,8,9,chokepoint22,Yucatan Channel,12,3,8,0,34,23,57,55844,122763,37607,0,696141,216216,912357,61516
2026-08-01,2026,8,1,chokepoint23,Windward Passage,6,0,4,3,0,13,13,147830,0,24947,7573,0,180352,180352,63777
2026-08-02,2026,8,2,chokepoint23,Windward Passage,12,0,3,1,4,16,20,183765,0,6075,1612,37581,191453,229034,63779
2026-08-03,2026,8,3,chokepoint23,Windward Passage,11,2,3,2,2,18,20,225438,102533,12456,5507,38209,345934,384144,63781
2026-08-04,2026,8,4,chokepoint23,Windward Passage,13,1,3,4,1,21,22,314711,16662,371,10745,0,342491,342491,63783
2026-08-05,2026,8,5,chokepoint23,Windward Passage,2,1,2,2,2,7,9,12386,34999,2218,0,28466,49604,78070,63785
2026-08-06,2026,8,6,chokepoint23,Windward Passage,6,0,1,4,1,11,12,117681,0,7786,9275,71341,134742,206084,63787
2026-08-07,2026,8,7,chokepoint23,Windward Passage,7,0,5,2,4,14,18,88437,0,20184,841,15883,109464,125348,63789
2026-08-08,2026,8,8,chokepoint23,Windward Passage,7,2,3,2,2,14,16,145247,1561,7969,3500,0,158278,158278,63791
2026-08-09,2026,8,9,chokepoint23,Windward Passage,11,2,1,3,3,17,20,362318,104295,776,841,60799,468232,529031,63793
2026-08-01,2026,8,1,chokepoint24,Mona Passage,2,1,0,0,2,3,5,70491,32976,0,0,61689,103468,165157,66264
2026-08-02,2026,8,2,chokepoint24,Mona Passage,0,2,4,1,3,7,10,0,29829,13037,0,61640,42866,104507,66265
2026-08-03,2026,8,3,chokepoint24,Mona Passage,3,3,3,1,4,10,14,40154,50386,32974,3339,124476,126854,251331,66266
2026-08-04,2026,8,4,chokepoint24,Mona Passage,2,1,2,0,3,5,8,70678,75105,0,0,78280,145784,224064,66267
2026-08-05,2026,8,5,chokepoint24,Mona Passage,7,3,2,0,3,12,15,170963,47064,4239,0,31441,222267,253709,66268
2026-08-06,2026,8,6,chokepoint24,Mona Passage,4,3,0,1,1,8,9,136362,242323,0,0,31216,378685,409902,66269
2026-08-07,2026,8,7,chokepoint24,Mona Passage,3,6,3,0,2,12,14,28502,222165,15696,0,90810,266364,357174,66270
2026-08-08,2026,8,8,chokepoint24,Mona Passage,1,6,1,0,3,8,11,6586,213426,0,0,63605,220012,283617,66271
2026-08-09,2026,8,9,chokepoint24,Mona Passage,8,4,0,1,3,13,16,212664,263826,0,4511,94469,481002,575471,66272
2026-08-01,2026,8,1,chokepoint25,Balabac Strait,2,3,0,0,2,5,7,6074,203909,0,0,7313,209984,217297,69042
2026-08-02,2026,8,2,chokepoint25,Balabac Strait,0,4,0,0,4,4,8,0,141317,0,0,26247,141317,167564,69043
2026-08-03,2026,8,3,chokepoint25,Balabac Strait,1,8,3,0,2,12,14,3663,205758,10049,0,58637,219471,278108,69044
2026-08-04,2026,8,4,chokepoint25,Balabac Strait,1,4,2,0,4,7,11,6431,348613,3225,0,49739,358270,408010,69045
2026-08-05,2026,8,5,chokepoint25,Balabac Strait,0,3,0,0,4,3,7,0,228158,0,0,16161,228158,244319,69046
2026-08-06,2026,8,6,chokepoint25,Balabac Strait,3,5,1,0,9,9,18,29218,215289,7424,0,136435,251932,388368,69047
2026-08-07,2026,8,7,chokepoint25,Balabac Strait,5,7,2,0,2,14,16,28935,132188,2130,0,74346,163254,237601,69048
2026-08-08,2026,8,8,chokepoint25,Balabac Strait,2,7,0,0,9,9,18,39802,206519,0,0,26719,246321,273041,69049
2026-08-09,2026,8,9,chokepoint25,Balabac Strait,0,4,2,0,1,6,7,0,73434,1366,0,12486,74800,87287,69050
2026-08-01,2026,8,1,chokepoint26,Bering Strait,1,0,1,0,1,2,3,0,0,2915,0,0,2915,2915,72220
2026-08-02,2026,8,2,chokepoint26,Bering Strait,0,0,0,0,0,0,0,0,0,0,0,0,0,0,72221
2026-08-03,2026,8,3,chokepoint26,Bering Strait,0,2,2,0,0,4,4,0,30515,11534,0,0,42050,42050,72222
2026-08-04,2026,8,4,chokepoint26,Bering Strait,0,1,1,0,2,2,4,0,0,7211,0,77877,7211,85088,72223
2026-08-05,2026,8,5,chokepoint26,Bering Strait,0,1,2,0,1,3,4,0,37426,9598,0,0,47025,47025,72224
2026-08-06,2026,8,6,chokepoint26,Bering Strait,0,0,2,0,0,2,2,0,0,3368,0,0,3368,3368,72225
2026-08-07,2026,8,7,chokepoint26,Bering Strait,0,2,0,0,1,2,3,0,0,0,0,0,0,0,72226
2026-08-08,2026,8,8,chokepoint26,Bering Strait,0,1,0,0,3,1,4,0,110983,0,0,114010,110983,224993,72227
2026-08-09,2026,8,9,chokepoint26,Bering Strait,0,1,0,0,2,1,3,0,41176,0,0,49957,41176,91134,72228
2026-08-01,2026,8,1,chokepoint27,Mindoro Strait,2,40,6,1,6,49,55,19122,2532262,12161,0,10090,2563546,2573637,74198
2026-08-02,2026,8,2,chokepoint27,Mindoro Strait,0,45,3,0,6,48,54,0,3825753,2869,0,87742,3828623,3916365,74199
2026-08-03,2026,8,3,chokepoint27,Mindoro Strait,4,49,4,0,7,57,64,33915,3248595,22709,0,9070,3305220,3314291,74200
2026-08-04,2026,8,4,chokepoint27,Mindoro Strait,3,37,8,1,5,49,54,44358,2854998,33565,4159,83820,2937082,3020903,74201
2026-08-05,2026,8,5,chokepoint27,Mindoro Strait,2,37,3,0,3,42,45,37986,2157419,24546,0,13576,2219951,2233527,74202
2026-08-06,2026,8,6,chokepoint27,Mindoro Strait,1,53,0,0,8,54,62,0,4016762,0,0,63579,4016762,4080341,74203
2026-08-07,2026,8,7,chokepoint27,Mindoro Strait,4,32,1,0,2,37,39,48876,1948922,7649,0,14750,2005448,2020198,74204
2026-08-08,2026,8,8,chokepoint27,Mindoro Strait,4,40,0,0,5,44,49,104030,4991626,0,0,237008,5095656,5332665,74205
2026-08-09,2026,8,9,chokepoint27,Mindoro Strait,1,41,2,1,3,45,48,13118,3696292,2954,662,90451,3713028,3803479,74206
2026-08-01,2026,8,1,chokepoint28,Kerch Strait,0,0,0,0,1,0,1,0,0,0,0,140690,0,140690,76438
2026-08-02,2026,8,2,chokepoint28,Kerch Strait,0,0,0,0,0,0,0,0,0,0,0,0,0,0,76439
2026-08-03,2026,8,3,chokepoint28,Kerch Strait,0,0,0,0,0,0,0,0,0,0,0,0,0,0,76440
2026-08-04,2026,8,4,chokepoint28,Kerch Strait,0,0,0,0,0,0,0,0,0,0,0,0,0,0,76441
2026-08-05,2026,8,5,chokepoint28,Kerch Strait,0,0,1,0,0,1,1,0,0,1840,0,0,1840,1840,76442
2026-08-06,2026,8,6,chokepoint28,Kerch Strait,0,0,0,0,0,0,0,0,0,0,0,0,0,0,76443
2026-08-07,2026,8,7,chokepoint28,Kerch Strait,0,0,0,0,0,0,0,0,0,0,0,0,0,0,76444
2026-08-08,2026,8,8,chokepoint28,Kerch Strait,0,0,0,0,0,0,0,0,0,0,0,0,0,0,76445
2026-08-09,2026,8,9,chokepoint28,Kerch Strait,0,0,0,0,0,0,0,0,0,0,0,0,0,0,76446
